[2m2026-09-21T07:26:03.086898Z[0m [33m WARN[0m [2mwinit::platform_impl::linux::x11::xdisplay[0m[2m:[0m error setting XSETTINGS; Xft options won't reload automatically
[2m2026-09-21T07:26:03.223935Z[0m [33m WARN[0m [2mwinit::platform_impl::linux::x11::util::randr[0m[2m:[0m XRandR reported that the display's 0mm in size, which is certifiably insane
[2m2026-09-21T07:26:03.467483Z[0m [32m INFO[0m [2mruffle_desktop::gui::controller[0m[2m:[0m Using preferred backend Vulkan
[2m2026-09-21T07:26:03.542919Z[0m [32m INFO[0m [2mruffle_desktop::gui::controller[0m[2m:[0m Using graphics API vulkan on llvmpipe (LLVM 20.1.2, 256 bits) (type: Cpu)
[2m2026-09-21T07:26:03.543149Z[0m [32m INFO[0m [2mruffle_desktop::gui::controller[0m[2m:[0m Using surface format Bgra8Unorm
[2m2026-09-21T07:26:03.565521Z[0m [33m WARN[0m [2mruffle_desktop::gui::theme[0m[2m:[0m Failed to instantiate FreedesktopSettings: ZBus Error: I/O error: No such file or directory (os error 2)
[2m2026-09-21T07:26:03.573688Z[0m [33m WARN[0m [2mruffle_desktop::gui::controller[0m[2m:[0m Failed to register [SansSerif] as Proportional: no unicode fonts found!
[2m2026-09-21T07:26:03.573718Z[0m [33m WARN[0m [2mruffle_desktop::gui::controller[0m[2m:[0m Failed to register [Name("Noto Sans CJK"), Name("Source Han Sans"), Name("WenQuanYi Zen Hei"), Name("Arial Unicode MS")] as Proportional: no unicode fonts found!
[2m2026-09-21T07:26:03.573782Z[0m [33m WARN[0m [2mruffle_desktop::gui::controller[0m[2m:[0m Failed to register [Name("Noto Sans Hebrew"), Name("Tahoma")] as Proportional: no unicode fonts found!
[2m2026-09-21T07:26:03.573792Z[0m [33m WARN[0m [2mruffle_desktop::gui::controller[0m[2m:[0m Failed to register [Name("Noto Sans Arabic"), Name("Tahoma")] as Proportional: no unicode fonts found!
[2m2026-09-21T07:26:03.573795Z[0m [33m WARN[0m [2mruffle_desktop::gui::controller[0m[2m:[0m Failed to register [Name("Noto Sans Thai"), Name("Tahoma")] as Proportional: no unicode fonts found!
[2m2026-09-21T07:26:03.573804Z[0m [32m INFO[0m [2mruffle_desktop::gui::controller[0m[2m:[0m Opening file:///tmp/hero/Client/Client.swf
[2m2026-09-21T07:26:03.617986Z[0m [33m WARN[0m [2mruffle_frontend_utils::write[0m[2m:[0m missing or invalid 'recent' array, recreating..
[2m2026-09-21T07:26:03.756215Z[0m [32m INFO[0m [2mruffle_frontend_utils::backends::storage[0m[2m:[0m Creating storage dir
[2m2026-09-21T07:26:03.880575Z[0m [32m INFO[0m [2mruffle_core::context[0m[2m:[0m Loaded SWF version 43, resolution 990x560 @ 25 FPS
[2m2026-09-21T07:26:04.457288Z[0m [33m WARN[0m [2mruffle_frontend_utils::backends::storage[0m[2m:[0m Unable to read file "localhost/tmp/hero/Client/Client.swf/stageQuality": Os { code: 2, kind: NotFound, message: "No such file or directory" }
[2m2026-09-21T07:26:04.463757Z[0m [32m INFO[0m [2mruffle_desktop::backends::ui::fontconfig[0m[2m:[0m Skipping font 'NimbusRoman-Regular' because it's not a TTF (it doesn't have a name)
[2m2026-09-21T07:26:04.463774Z[0m [32m INFO[0m [2mruffle_desktop::backends::ui::fontconfig[0m[2m:[0m Skipping font 'Nimbus Roman Regular' because it's not a TTF (it doesn't have a name)
[2m2026-09-21T07:26:04.463782Z[0m [32m INFO[0m [2mruffle_desktop::backends::ui::fontconfig[0m[2m:[0m Skipping font 'Nimbus Roman Regular' because it's not a TTF (it doesn't have a name)
[2m2026-09-21T07:26:04.463786Z[0m [32m INFO[0m [2mruffle_desktop::backends::ui::fontconfig[0m[2m:[0m Skipping font 'NimbusRoman-Bold' because it's not a TTF (it doesn't have a name)
[2m2026-09-21T07:26:04.463790Z[0m [32m INFO[0m [2mruffle_desktop::backends::ui::fontconfig[0m[2m:[0m Skipping font 'Nimbus Roman Bold' because it's not a TTF (it doesn't have a name)
[2m2026-09-21T07:26:04.463794Z[0m [32m INFO[0m [2mruffle_desktop::backends::ui::fontconfig[0m[2m:[0m Skipping font 'Nimbus Roman Bold' because it's not a TTF (it doesn't have a name)
[2m2026-09-21T07:26:04.463797Z[0m [32m INFO[0m [2mruffle_desktop::backends::ui::fontconfig[0m[2m:[0m Skipping font 'NimbusRoman-Italic' because it's not a TTF (it doesn't have a name)
[2m2026-09-21T07:26:04.463801Z[0m [32m INFO[0m [2mruffle_desktop::backends::ui::fontconfig[0m[2m:[0m Skipping font 'Nimbus Roman Italic' because it's not a TTF (it doesn't have a name)
[2m2026-09-21T07:26:04.463805Z[0m [32m INFO[0m [2mruffle_desktop::backends::ui::fontconfig[0m[2m:[0m Skipping font 'Nimbus Roman Italic' because it's not a TTF (it doesn't have a name)
[2m2026-09-21T07:26:04.463808Z[0m [32m INFO[0m [2mruffle_desktop::backends::ui::fontconfig[0m[2m:[0m Skipping font 'NimbusRoman-BoldItalic' because it's not a TTF (it doesn't have a name)
[2m2026-09-21T07:26:04.463812Z[0m [32m INFO[0m [2mruffle_desktop::backends::ui::fontconfig[0m[2m:[0m Skipping font 'Nimbus Roman Bold Italic' because it's not a TTF (it doesn't have a name)
[2m2026-09-21T07:26:04.463816Z[0m [32m INFO[0m [2mruffle_desktop::backends::ui::fontconfig[0m[2m:[0m Skipping font 'Nimbus Roman Bold Italic' because it's not a TTF (it doesn't have a name)
[2m2026-09-21T07:26:04.464279Z[0m [32m INFO[0m [2mruffle_desktop::backends::ui::fontconfig[0m[2m:[0m Skipping font 'URWBookman-Light' because it's not a TTF (it doesn't have a name)
[2m2026-09-21T07:26:04.464293Z[0m [32m INFO[0m [2mruffle_desktop::backends::ui::fontconfig[0m[2m:[0m Skipping font 'URW Bookman Light' because it's not a TTF (it doesn't have a name)
[2m2026-09-21T07:26:04.464298Z[0m [32m INFO[0m [2mruffle_desktop::backends::ui::fontconfig[0m[2m:[0m Skipping font 'URW Bookman Light' because it's not a TTF (it doesn't have a name)
[2m2026-09-21T07:26:04.464302Z[0m [32m INFO[0m [2mruffle_desktop::backends::ui::fontconfig[0m[2m:[0m Skipping font 'URWBookman-Demi' because it's not a TTF (it doesn't have a name)
[2m2026-09-21T07:26:04.464306Z[0m [32m INFO[0m [2mruffle_desktop::backends::ui::fontconfig[0m[2m:[0m Skipping font 'URW Bookman Demi' because it's not a TTF (it doesn't have a name)
[2m2026-09-21T07:26:04.464310Z[0m [32m INFO[0m [2mruffle_desktop::backends::ui::fontconfig[0m[2m:[0m Skipping font 'URW Bookman Demi' because it's not a TTF (it doesn't have a name)
[2m2026-09-21T07:26:04.464314Z[0m [32m INFO[0m [2mruffle_desktop::backends::ui::fontconfig[0m[2m:[0m Skipping font 'URWBookman-LightItalic' because it's not a TTF (it doesn't have a name)
[2m2026-09-21T07:26:04.464318Z[0m [32m INFO[0m [2mruffle_desktop::backends::ui::fontconfig[0m[2m:[0m Skipping font 'URW Bookman Light Italic' because it's not a TTF (it doesn't have a name)
[2m2026-09-21T07:26:04.464321Z[0m [32m INFO[0m [2mruffle_desktop::backends::ui::fontconfig[0m[2m:[0m Skipping font 'URW Bookman Light Italic' because it's not a TTF (it doesn't have a name)
[2m2026-09-21T07:26:04.464325Z[0m [32m INFO[0m [2mruffle_desktop::backends::ui::fontconfig[0m[2m:[0m Skipping font 'URWBookman-DemiItalic' because it's not a TTF (it doesn't have a name)
[2m2026-09-21T07:26:04.464328Z[0m [32m INFO[0m [2mruffle_desktop::backends::ui::fontconfig[0m[2m:[0m Skipping font 'URW Bookman Demi Italic' because it's not a TTF (it doesn't have a name)
[2m2026-09-21T07:26:04.464332Z[0m [32m INFO[0m [2mruffle_desktop::backends::ui::fontconfig[0m[2m:[0m Skipping font 'URW Bookman Demi Italic' because it's not a TTF (it doesn't have a name)
[2m2026-09-21T07:26:04.464335Z[0m [32m INFO[0m [2mruffle_desktop::backends::ui::fontconfig[0m[2m:[0m Skipping font 'C059-Roman' because it's not a TTF (it doesn't have a name)
[2m2026-09-21T07:26:04.464338Z[0m [32m INFO[0m [2mruffle_desktop::backends::ui::fontconfig[0m[2m:[0m Skipping font 'C059 Roman' because it's not a TTF (it doesn't have a name)
[2m2026-09-21T07:26:04.464342Z[0m [32m INFO[0m [2mruffle_desktop::backends::ui::fontconfig[0m[2m:[0m Skipping font 'C059 Roman' because it's not a TTF (it doesn't have a name)
[2m2026-09-21T07:26:04.464345Z[0m [32m INFO[0m [2mruffle_desktop::backends::ui::fontconfig[0m[2m:[0m Skipping font 'C059-Bold' because it's not a TTF (it doesn't have a name)
[2m2026-09-21T07:26:04.464348Z[0m [32m INFO[0m [2mruffle_desktop::backends::ui::fontconfig[0m[2m:[0m Skipping font 'C059 Bold' because it's not a TTF (it doesn't have a name)
[2m2026-09-21T07:26:04.464353Z[0m [32m INFO[0m [2mruffle_desktop::backends::ui::fontconfig[0m[2m:[0m Skipping font 'C059 Bold' because it's not a TTF (it doesn't have a name)
[2m2026-09-21T07:26:04.464357Z[0m [32m INFO[0m [2mruffle_desktop::backends::ui::fontconfig[0m[2m:[0m Skipping font 'C059-Italic' because it's not a TTF (it doesn't have a name)
[2m2026-09-21T07:26:04.464362Z[0m [32m INFO[0m [2mruffle_desktop::backends::ui::fontconfig[0m[2m:[0m Skipping font 'C059 Italic' because it's not a TTF (it doesn't have a name)
[2m2026-09-21T07:26:04.464366Z[0m [32m INFO[0m [2mruffle_desktop::backends::ui::fontconfig[0m[2m:[0m Skipping font 'C059 Italic' because it's not a TTF (it doesn't have a name)
[2m2026-09-21T07:26:04.464369Z[0m [32m INFO[0m [2mruffle_desktop::backends::ui::fontconfig[0m[2m:[0m Skipping font 'C059-BdIta' because it's not a TTF (it doesn't have a name)
[2m2026-09-21T07:26:04.464372Z[0m [32m INFO[0m [2mruffle_desktop::backends::ui::fontconfig[0m[2m:[0m Skipping font 'C059 Bold Italic' because it's not a TTF (it doesn't have a name)
[2m2026-09-21T07:26:04.464376Z[0m [32m INFO[0m [2mruffle_desktop::backends::ui::fontconfig[0m[2m:[0m Skipping font 'C059 Bold Italic' because it's not a TTF (it doesn't have a name)
[2m2026-09-21T07:26:04.464379Z[0m [32m INFO[0m [2mruffle_desktop::backends::ui::fontconfig[0m[2m:[0m Skipping font 'P052-Roman' because it's not a TTF (it doesn't have a name)
[2m2026-09-21T07:26:04.464384Z[0m [32m INFO[0m [2mruffle_desktop::backends::ui::fontconfig[0m[2m:[0m Skipping font 'P052 Roman' because it's not a TTF (it doesn't have a name)
[2m2026-09-21T07:26:04.464387Z[0m [32m INFO[0m [2mruffle_desktop::backends::ui::fontconfig[0m[2m:[0m Skipping font 'P052 Roman' because it's not a TTF (it doesn't have a name)
[2m2026-09-21T07:26:04.464391Z[0m [32m INFO[0m [2mruffle_desktop::backends::ui::fontconfig[0m[2m:[0m Skipping font 'P052-Bold' because it's not a TTF (it doesn't have a name)
[2m2026-09-21T07:26:04.464394Z[0m [32m INFO[0m [2mruffle_desktop::backends::ui::fontconfig[0m[2m:[0m Skipping font 'P052 Bold' because it's not a TTF (it doesn't have a name)
[2m2026-09-21T07:26:04.464398Z[0m [32m INFO[0m [2mruffle_desktop::backends::ui::fontconfig[0m[2m:[0m Skipping font 'P052 Bold' because it's not a TTF (it doesn't have a name)
[2m2026-09-21T07:26:04.464401Z[0m [32m INFO[0m [2mruffle_desktop::backends::ui::fontconfig[0m[2m:[0m Skipping font 'P052-Italic' because it's not a TTF (it doesn't have a name)
[2m2026-09-21T07:26:04.464405Z[0m [32m INFO[0m [2mruffle_desktop::backends::ui::fontconfig[0m[2m:[0m Skipping font 'P052 Italic' because it's not a TTF (it doesn't have a name)
[2m2026-09-21T07:26:04.464408Z[0m [32m INFO[0m [2mruffle_desktop::backends::ui::fontconfig[0m[2m:[0m Skipping font 'P052 Italic' because it's not a TTF (it doesn't have a name)
[2m2026-09-21T07:26:04.464411Z[0m [32m INFO[0m [2mruffle_desktop::backends::ui::fontconfig[0m[2m:[0m Skipping font 'P052-BoldItalic' because it's not a TTF (it doesn't have a name)
[2m2026-09-21T07:26:04.464415Z[0m [32m INFO[0m [2mruffle_desktop::backends::ui::fontconfig[0m[2m:[0m Skipping font 'P052 Bold Italic' because it's not a TTF (it doesn't have a name)
[2m2026-09-21T07:26:04.464418Z[0m [32m INFO[0m [2mruffle_desktop::backends::ui::fontconfig[0m[2m:[0m Skipping font 'P052 Bold Italic' because it's not a TTF (it doesn't have a name)
[2m2026-09-21T07:26:04.464421Z[0m [32m INFO[0m [2mruffle_desktop::backends::ui::fontconfig[0m[2m:[0m Skipping font 'Standard Symbols PS' because it's not a TTF (it doesn't have a name)
[2m2026-09-21T07:26:04.464425Z[0m [32m INFO[0m [2mruffle_desktop::backends::ui::fontconfig[0m[2m:[0m Skipping font 'Standard Symbols PS Regular' because it's not a TTF (it doesn't have a name)
[2m2026-09-21T07:26:04.464429Z[0m [32m INFO[0m [2mruffle_desktop::backends::ui::fontconfig[0m[2m:[0m Skipping font 'Standard Symbols PS Regular' because it's not a TTF (it doesn't have a name)
[2m2026-09-21T07:26:04.465372Z[0m [32m INFO[0m [2mruffle_desktop::backends::ui::fontconfig[0m[2m:[0m Skipping font 'Noto Sans CJK JP' because it's not a TTF (it doesn't have a name)
[2m2026-09-21T07:26:04.465389Z[0m [32m INFO[0m [2mruffle_desktop::backends::ui::fontconfig[0m[2m:[0m Skipping font 'Noto Sans CJK KR' because it's not a TTF (it doesn't have a name)
[2m2026-09-21T07:26:04.465393Z[0m [32m INFO[0m [2mruffle_desktop::backends::ui::fontconfig[0m[2m:[0m Skipping font 'Noto Sans CJK SC' because it's not a TTF (it doesn't have a name)
[2m2026-09-21T07:26:04.465398Z[0m [32m INFO[0m [2mruffle_desktop::backends::ui::fontconfig[0m[2m:[0m Skipping font 'Noto Sans CJK TC' because it's not a TTF (it doesn't have a name)
[2m2026-09-21T07:26:04.465402Z[0m [32m INFO[0m [2mruffle_desktop::backends::ui::fontconfig[0m[2m:[0m Skipping font 'Noto Sans CJK HK' because it's not a TTF (it doesn't have a name)
[2m2026-09-21T07:26:04.465406Z[0m [32m INFO[0m [2mruffle_desktop::backends::ui::fontconfig[0m[2m:[0m Skipping font 'Noto Sans Mono CJK JP' because it's not a TTF (it doesn't have a name)
[2m2026-09-21T07:26:04.465410Z[0m [32m INFO[0m [2mruffle_desktop::backends::ui::fontconfig[0m[2m:[0m Skipping font 'Noto Sans Mono CJK KR' because it's not a TTF (it doesn't have a name)
[2m2026-09-21T07:26:04.465413Z[0m [32m INFO[0m [2mruffle_desktop::backends::ui::fontconfig[0m[2m:[0m Skipping font 'Noto Sans Mono CJK SC' because it's not a TTF (it doesn't have a name)
[2m2026-09-21T07:26:04.465418Z[0m [32m INFO[0m [2mruffle_desktop::backends::ui::fontconfig[0m[2m:[0m Skipping font 'Noto Sans Mono CJK TC' because it's not a TTF (it doesn't have a name)
[2m2026-09-21T07:26:04.465422Z[0m [32m INFO[0m [2mruffle_desktop::backends::ui::fontconfig[0m[2m:[0m Skipping font 'Noto Sans Mono CJK HK' because it's not a TTF (it doesn't have a name)
[2m2026-09-21T07:26:04.465425Z[0m [32m INFO[0m [2mruffle_desktop::backends::ui::fontconfig[0m[2m:[0m Skipping font 'Noto Serif CJK JP' because it's not a TTF (it doesn't have a name)
[2m2026-09-21T07:26:04.465429Z[0m [32m INFO[0m [2mruffle_desktop::backends::ui::fontconfig[0m[2m:[0m Skipping font 'Noto Serif CJK KR' because it's not a TTF (it doesn't have a name)
[2m2026-09-21T07:26:04.465434Z[0m [32m INFO[0m [2mruffle_desktop::backends::ui::fontconfig[0m[2m:[0m Skipping font 'Noto Serif CJK SC' because it's not a TTF (it doesn't have a name)
[2m2026-09-21T07:26:04.465437Z[0m [32m INFO[0m [2mruffle_desktop::backends::ui::fontconfig[0m[2m:[0m Skipping font 'Noto Serif CJK TC' because it's not a TTF (it doesn't have a name)
[2m2026-09-21T07:26:04.465441Z[0m [32m INFO[0m [2mruffle_desktop::backends::ui::fontconfig[0m[2m:[0m Skipping font 'Noto Serif CJK HK' because it's not a TTF (it doesn't have a name)
[2m2026-09-21T07:26:04.465445Z[0m [32m INFO[0m [2mruffle_desktop::backends::ui::fontconfig[0m[2m:[0m Skipping font 'D050000L' because it's not a TTF (it doesn't have a name)
[2m2026-09-21T07:26:04.465449Z[0m [32m INFO[0m [2mruffle_desktop::backends::ui::fontconfig[0m[2m:[0m Skipping font 'NimbusMonoPS-Regular' because it's not a TTF (it doesn't have a name)
[2m2026-09-21T07:26:04.465452Z[0m [32m INFO[0m [2mruffle_desktop::backends::ui::fontconfig[0m[2m:[0m Skipping font 'NimbusSans-Regular' because it's not a TTF (it doesn't have a name)
[2m2026-09-21T07:26:04.465456Z[0m [32m INFO[0m [2mruffle_desktop::backends::ui::fontconfig[0m[2m:[0m Skipping font 'URWGothic-Book' because it's not a TTF (it doesn't have a name)
[2m2026-09-21T07:26:04.465942Z[0m [32m INFO[0m [2mruffle_desktop::backends::ui::fontconfig[0m[2m:[0m Skipping font 'Nimbus Mono PS Regular' because it's not a TTF (it doesn't have a name)
[2m2026-09-21T07:26:04.465956Z[0m [32m INFO[0m [2mruffle_desktop::backends::ui::fontconfig[0m[2m:[0m Skipping font 'Nimbus Sans Regular' because it's not a TTF (it doesn't have a name)
[2m2026-09-21T07:26:04.465960Z[0m [32m INFO[0m [2mruffle_desktop::backends::ui::fontconfig[0m[2m:[0m Skipping font 'Nimbus Sans Narrow Regular' because it's not a TTF (it doesn't have a name)
[2m2026-09-21T07:26:04.465964Z[0m [32m INFO[0m [2mruffle_desktop::backends::ui::fontconfig[0m[2m:[0m Skipping font 'Nimbus Mono PS Regular' because it's not a TTF (it doesn't have a name)
[2m2026-09-21T07:26:04.465968Z[0m [32m INFO[0m [2mruffle_desktop::backends::ui::fontconfig[0m[2m:[0m Skipping font 'Nimbus Sans Regular' because it's not a TTF (it doesn't have a name)
[2m2026-09-21T07:26:04.465972Z[0m [32m INFO[0m [2mruffle_desktop::backends::ui::fontconfig[0m[2m:[0m Skipping font 'Nimbus Sans Narrow Regular' because it's not a TTF (it doesn't have a name)
[2m2026-09-21T07:26:04.465975Z[0m [32m INFO[0m [2mruffle_desktop::backends::ui::fontconfig[0m[2m:[0m Skipping font 'D050000L Regular' because it's not a TTF (it doesn't have a name)
[2m2026-09-21T07:26:04.465979Z[0m [32m INFO[0m [2mruffle_desktop::backends::ui::fontconfig[0m[2m:[0m Skipping font 'D050000L Regular' because it's not a TTF (it doesn't have a name)
[2m2026-09-21T07:26:04.466070Z[0m [32m INFO[0m [2mruffle_desktop::backends::ui::fontconfig[0m[2m:[0m Skipping font 'NimbusSansNarrow-Regular' because it's not a TTF (it doesn't have a name)
[2m2026-09-21T07:26:04.466082Z[0m [32m INFO[0m [2mruffle_desktop::backends::ui::fontconfig[0m[2m:[0m Skipping font 'URW Gothic Book' because it's not a TTF (it doesn't have a name)
[2m2026-09-21T07:26:04.466086Z[0m [32m INFO[0m [2mruffle_desktop::backends::ui::fontconfig[0m[2m:[0m Skipping font 'URW Gothic Book' because it's not a TTF (it doesn't have a name)
[2m2026-09-21T07:26:04.479781Z[0m [32m INFO[0m [2mruffle_desktop::backends::ui::fontconfig[0m[2m:[0m Skipping font 'URWGothic-Demi' because it's not a TTF (it doesn't have a name)
[2m2026-09-21T07:26:04.479797Z[0m [32m INFO[0m [2mruffle_desktop::backends::ui::fontconfig[0m[2m:[0m Skipping font 'URW Gothic Demi' because it's not a TTF (it doesn't have a name)
[2m2026-09-21T07:26:04.479801Z[0m [32m INFO[0m [2mruffle_desktop::backends::ui::fontconfig[0m[2m:[0m Skipping font 'URW Gothic Demi' because it's not a TTF (it doesn't have a name)
[2m2026-09-21T07:26:04.480422Z[0m [32m INFO[0m [2mruffle_desktop::backends::ui::fontconfig[0m[2m:[0m Skipping font 'Noto Sans CJK JP Bold' because it's not a TTF (it doesn't have a name)
[2m2026-09-21T07:26:04.480437Z[0m [32m INFO[0m [2mruffle_desktop::backends::ui::fontconfig[0m[2m:[0m Skipping font 'Noto Sans CJK KR Bold' because it's not a TTF (it doesn't have a name)
[2m2026-09-21T07:26:04.480441Z[0m [32m INFO[0m [2mruffle_desktop::backends::ui::fontconfig[0m[2m:[0m Skipping font 'Noto Sans CJK SC Bold' because it's not a TTF (it doesn't have a name)
[2m2026-09-21T07:26:04.480446Z[0m [32m INFO[0m [2mruffle_desktop::backends::ui::fontconfig[0m[2m:[0m Skipping font 'Noto Sans CJK TC Bold' because it's not a TTF (it doesn't have a name)
[2m2026-09-21T07:26:04.480450Z[0m [32m INFO[0m [2mruffle_desktop::backends::ui::fontconfig[0m[2m:[0m Skipping font 'Noto Sans CJK HK Bold' because it's not a TTF (it doesn't have a name)
[2m2026-09-21T07:26:04.480454Z[0m [32m INFO[0m [2mruffle_desktop::backends::ui::fontconfig[0m[2m:[0m Skipping font 'Noto Sans Mono CJK JP Bold' because it's not a TTF (it doesn't have a name)
[2m2026-09-21T07:26:04.480459Z[0m [32m INFO[0m [2mruffle_desktop::backends::ui::fontconfig[0m[2m:[0m Skipping font 'Noto Sans Mono CJK KR Bold' because it's not a TTF (it doesn't have a name)
[2m2026-09-21T07:26:04.480463Z[0m [32m INFO[0m [2mruffle_desktop::backends::ui::fontconfig[0m[2m:[0m Skipping font 'Noto Sans Mono CJK SC Bold' because it's not a TTF (it doesn't have a name)
[2m2026-09-21T07:26:04.480467Z[0m [32m INFO[0m [2mruffle_desktop::backends::ui::fontconfig[0m[2m:[0m Skipping font 'Noto Sans Mono CJK TC Bold' because it's not a TTF (it doesn't have a name)
[2m2026-09-21T07:26:04.480471Z[0m [32m INFO[0m [2mruffle_desktop::backends::ui::fontconfig[0m[2m:[0m Skipping font 'Noto Sans Mono CJK HK Bold' because it's not a TTF (it doesn't have a name)
[2m2026-09-21T07:26:04.480475Z[0m [32m INFO[0m [2mruffle_desktop::backends::ui::fontconfig[0m[2m:[0m Skipping font 'Noto Serif CJK JP Bold' because it's not a TTF (it doesn't have a name)
[2m2026-09-21T07:26:04.480479Z[0m [32m INFO[0m [2mruffle_desktop::backends::ui::fontconfig[0m[2m:[0m Skipping font 'Noto Serif CJK KR Bold' because it's not a TTF (it doesn't have a name)
[2m2026-09-21T07:26:04.480483Z[0m [32m INFO[0m [2mruffle_desktop::backends::ui::fontconfig[0m[2m:[0m Skipping font 'Noto Serif CJK SC Bold' because it's not a TTF (it doesn't have a name)
[2m2026-09-21T07:26:04.480488Z[0m [32m INFO[0m [2mruffle_desktop::backends::ui::fontconfig[0m[2m:[0m Skipping font 'Noto Serif CJK TC Bold' because it's not a TTF (it doesn't have a name)
[2m2026-09-21T07:26:04.480516Z[0m [32m INFO[0m [2mruffle_desktop::backends::ui::fontconfig[0m[2m:[0m Skipping font 'Noto Serif CJK HK Bold' because it's not a TTF (it doesn't have a name)
[2m2026-09-21T07:26:04.480520Z[0m [32m INFO[0m [2mruffle_desktop::backends::ui::fontconfig[0m[2m:[0m Skipping font 'NimbusMonoPS-Bold' because it's not a TTF (it doesn't have a name)
[2m2026-09-21T07:26:04.480523Z[0m [32m INFO[0m [2mruffle_desktop::backends::ui::fontconfig[0m[2m:[0m Skipping font 'NimbusSans-Bold' because it's not a TTF (it doesn't have a name)
[2m2026-09-21T07:26:04.480528Z[0m [32m INFO[0m [2mruffle_desktop::backends::ui::fontconfig[0m[2m:[0m Skipping font 'Nimbus Mono PS Bold' because it's not a TTF (it doesn't have a name)
[2m2026-09-21T07:26:04.480533Z[0m [32m INFO[0m [2mruffle_desktop::backends::ui::fontconfig[0m[2m:[0m Skipping font 'Nimbus Sans Bold' because it's not a TTF (it doesn't have a name)
[2m2026-09-21T07:26:04.480536Z[0m [32m INFO[0m [2mruffle_desktop::backends::ui::fontconfig[0m[2m:[0m Skipping font 'Nimbus Sans Narrow Bold' because it's not a TTF (it doesn't have a name)
[2m2026-09-21T07:26:04.480540Z[0m [32m INFO[0m [2mruffle_desktop::backends::ui::fontconfig[0m[2m:[0m Skipping font 'Nimbus Mono PS Bold' because it's not a TTF (it doesn't have a name)
[2m2026-09-21T07:26:04.480545Z[0m [32m INFO[0m [2mruffle_desktop::backends::ui::fontconfig[0m[2m:[0m Skipping font 'Nimbus Sans Bold' because it's not a TTF (it doesn't have a name)
[2m2026-09-21T07:26:04.480550Z[0m [32m INFO[0m [2mruffle_desktop::backends::ui::fontconfig[0m[2m:[0m Skipping font 'Nimbus Sans Narrow Bold' because it's not a TTF (it doesn't have a name)
[2m2026-09-21T07:26:04.480642Z[0m [32m INFO[0m [2mruffle_desktop::backends::ui::fontconfig[0m[2m:[0m Skipping font 'NimbusSansNarrow-Bold' because it's not a TTF (it doesn't have a name)
[2m2026-09-21T07:26:04.487084Z[0m [32m INFO[0m [2mruffle_desktop::backends::ui::fontconfig[0m[2m:[0m Skipping font 'NimbusSans-Italic' because it's not a TTF (it doesn't have a name)
[2m2026-09-21T07:26:04.487101Z[0m [32m INFO[0m [2mruffle_desktop::backends::ui::fontconfig[0m[2m:[0m Skipping font 'NimbusMonoPS-Italic' because it's not a TTF (it doesn't have a name)
[2m2026-09-21T07:26:04.487105Z[0m [32m INFO[0m [2mruffle_desktop::backends::ui::fontconfig[0m[2m:[0m Skipping font 'Nimbus Mono PS Italic' because it's not a TTF (it doesn't have a name)
[2m2026-09-21T07:26:04.487109Z[0m [32m INFO[0m [2mruffle_desktop::backends::ui::fontconfig[0m[2m:[0m Skipping font 'Nimbus Sans Italic' because it's not a TTF (it doesn't have a name)
[2m2026-09-21T07:26:04.487113Z[0m [32m INFO[0m [2mruffle_desktop::backends::ui::fontconfig[0m[2m:[0m Skipping font 'Nimbus Mono PS Italic' because it's not a TTF (it doesn't have a name)
[2m2026-09-21T07:26:04.487117Z[0m [32m INFO[0m [2mruffle_desktop::backends::ui::fontconfig[0m[2m:[0m Skipping font 'Nimbus Sans Italic' because it's not a TTF (it doesn't have a name)
[2m2026-09-21T07:26:04.487380Z[0m [32m INFO[0m [2mruffle_desktop::backends::ui::fontconfig[0m[2m:[0m Skipping font 'Z003-MediumItalic' because it's not a TTF (it doesn't have a name)
[2m2026-09-21T07:26:04.487392Z[0m [32m INFO[0m [2mruffle_desktop::backends::ui::fontconfig[0m[2m:[0m Skipping font 'Z003 Medium Italic' because it's not a TTF (it doesn't have a name)
[2m2026-09-21T07:26:04.487397Z[0m [32m INFO[0m [2mruffle_desktop::backends::ui::fontconfig[0m[2m:[0m Skipping font 'Z003 Medium Italic' because it's not a TTF (it doesn't have a name)
[2m2026-09-21T07:26:04.488787Z[0m [32m INFO[0m [2mruffle_desktop::backends::ui::fontconfig[0m[2m:[0m Skipping font 'NimbusSans-BoldItalic' because it's not a TTF (it doesn't have a name)
[2m2026-09-21T07:26:04.488802Z[0m [32m INFO[0m [2mruffle_desktop::backends::ui::fontconfig[0m[2m:[0m Skipping font 'NimbusMonoPS-BoldItalic' because it's not a TTF (it doesn't have a name)
[2m2026-09-21T07:26:04.488808Z[0m [32m INFO[0m [2mruffle_desktop::backends::ui::fontconfig[0m[2m:[0m Skipping font 'Nimbus Mono PS Bold Italic' because it's not a TTF (it doesn't have a name)
[2m2026-09-21T07:26:04.488813Z[0m [32m INFO[0m [2mruffle_desktop::backends::ui::fontconfig[0m[2m:[0m Skipping font 'Nimbus Sans Bold Italic' because it's not a TTF (it doesn't have a name)
[2m2026-09-21T07:26:04.488818Z[0m [32m INFO[0m [2mruffle_desktop::backends::ui::fontconfig[0m[2m:[0m Skipping font 'Nimbus Mono PS Bold Italic' because it's not a TTF (it doesn't have a name)
[2m2026-09-21T07:26:04.488822Z[0m [32m INFO[0m [2mruffle_desktop::backends::ui::fontconfig[0m[2m:[0m Skipping font 'Nimbus Sans Bold Italic' because it's not a TTF (it doesn't have a name)
[2m2026-09-21T07:26:04.489426Z[0m [32m INFO[0m [2mruffle_desktop::backends::ui::fontconfig[0m[2m:[0m Skipping font 'URWGothic-BookOblique' because it's not a TTF (it doesn't have a name)
[2m2026-09-21T07:26:04.489441Z[0m [32m INFO[0m [2mruffle_desktop::backends::ui::fontconfig[0m[2m:[0m Skipping font 'Nimbus Sans Narrow Oblique' because it's not a TTF (it doesn't have a name)
[2m2026-09-21T07:26:04.489446Z[0m [32m INFO[0m [2mruffle_desktop::backends::ui::fontconfig[0m[2m:[0m Skipping font 'Nimbus Sans Narrow Oblique' because it's not a TTF (it doesn't have a name)
[2m2026-09-21T07:26:04.489550Z[0m [32m INFO[0m [2mruffle_desktop::backends::ui::fontconfig[0m[2m:[0m Skipping font 'NimbusSansNarrow-Oblique' because it's not a TTF (it doesn't have a name)
[2m2026-09-21T07:26:04.489561Z[0m [32m INFO[0m [2mruffle_desktop::backends::ui::fontconfig[0m[2m:[0m Skipping font 'URW Gothic Book Oblique' because it's not a TTF (it doesn't have a name)
[2m2026-09-21T07:26:04.489565Z[0m [32m INFO[0m [2mruffle_desktop::backends::ui::fontconfig[0m[2m:[0m Skipping font 'URW Gothic Book Oblique' because it's not a TTF (it doesn't have a name)
[2m2026-09-21T07:26:04.489570Z[0m [32m INFO[0m [2mruffle_desktop::backends::ui::fontconfig[0m[2m:[0m Skipping font 'URWGothic-DemiOblique' because it's not a TTF (it doesn't have a name)
[2m2026-09-21T07:26:04.489574Z[0m [32m INFO[0m [2mruffle_desktop::backends::ui::fontconfig[0m[2m:[0m Skipping font 'URW Gothic Demi Oblique' because it's not a TTF (it doesn't have a name)
[2m2026-09-21T07:26:04.489577Z[0m [32m INFO[0m [2mruffle_desktop::backends::ui::fontconfig[0m[2m:[0m Skipping font 'URW Gothic Demi Oblique' because it's not a TTF (it doesn't have a name)
[2m2026-09-21T07:26:04.489707Z[0m [32m INFO[0m [2mruffle_desktop::backends::ui::fontconfig[0m[2m:[0m Skipping font 'Nimbus Sans Narrow Bold Oblique' because it's not a TTF (it doesn't have a name)
[2m2026-09-21T07:26:04.489720Z[0m [32m INFO[0m [2mruffle_desktop::backends::ui::fontconfig[0m[2m:[0m Skipping font 'Nimbus Sans Narrow Bold Oblique' because it's not a TTF (it doesn't have a name)
[2m2026-09-21T07:26:04.489800Z[0m [32m INFO[0m [2mruffle_desktop::backends::ui::fontconfig[0m[2m:[0m Skipping font 'NimbusSansNarrow-BoldOblique' because it's not a TTF (it doesn't have a name)
[2m2026-09-21T07:26:04.532251Z[0m [32m INFO[0m [2mruffle_desktop::backends::ui::fontconfig[0m[2m:[0m Skipping font 'NimbusSans-Regular' because it's not a TTF (it doesn't have a name)
[2m2026-09-21T07:26:04.532276Z[0m [32m INFO[0m [2mruffle_desktop::backends::ui::fontconfig[0m[2m:[0m Skipping font 'Nimbus Sans Regular' because it's not a TTF (it doesn't have a name)
[2m2026-09-21T07:26:04.532283Z[0m [32m INFO[0m [2mruffle_desktop::backends::ui::fontconfig[0m[2m:[0m Skipping font 'Nimbus Sans Regular' because it's not a TTF (it doesn't have a name)
[2m2026-09-21T07:26:04.532287Z[0m [32m INFO[0m [2mruffle_desktop::backends::ui::fontconfig[0m[2m:[0m Skipping font 'NimbusSans-Bold' because it's not a TTF (it doesn't have a name)
[2m2026-09-21T07:26:04.532291Z[0m [32m INFO[0m [2mruffle_desktop::backends::ui::fontconfig[0m[2m:[0m Skipping font 'Nimbus Sans Bold' because it's not a TTF (it doesn't have a name)
[2m2026-09-21T07:26:04.532295Z[0m [32m INFO[0m [2mruffle_desktop::backends::ui::fontconfig[0m[2m:[0m Skipping font 'Nimbus Sans Bold' because it's not a TTF (it doesn't have a name)
[2m2026-09-21T07:26:04.532299Z[0m [32m INFO[0m [2mruffle_desktop::backends::ui::fontconfig[0m[2m:[0m Skipping font 'NimbusSans-Italic' because it's not a TTF (it doesn't have a name)
[2m2026-09-21T07:26:04.532304Z[0m [32m INFO[0m [2mruffle_desktop::backends::ui::fontconfig[0m[2m:[0m Skipping font 'Nimbus Sans Italic' because it's not a TTF (it doesn't have a name)
[2m2026-09-21T07:26:04.532308Z[0m [32m INFO[0m [2mruffle_desktop::backends::ui::fontconfig[0m[2m:[0m Skipping font 'Nimbus Sans Italic' because it's not a TTF (it doesn't have a name)
[2m2026-09-21T07:26:04.532312Z[0m [32m INFO[0m [2mruffle_desktop::backends::ui::fontconfig[0m[2m:[0m Skipping font 'NimbusSans-BoldItalic' because it's not a TTF (it doesn't have a name)
[2m2026-09-21T07:26:04.532316Z[0m [32m INFO[0m [2mruffle_desktop::backends::ui::fontconfig[0m[2m:[0m Skipping font 'Nimbus Sans Bold Italic' because it's not a TTF (it doesn't have a name)
[2m2026-09-21T07:26:04.532320Z[0m [32m INFO[0m [2mruffle_desktop::backends::ui::fontconfig[0m[2m:[0m Skipping font 'Nimbus Sans Bold Italic' because it's not a TTF (it doesn't have a name)
[2m2026-09-21T07:26:04.532323Z[0m [32m INFO[0m [2mruffle_desktop::backends::ui::fontconfig[0m[2m:[0m Skipping font 'URWGothic-Book' because it's not a TTF (it doesn't have a name)
[2m2026-09-21T07:26:04.532327Z[0m [32m INFO[0m [2mruffle_desktop::backends::ui::fontconfig[0m[2m:[0m Skipping font 'URW Gothic Book' because it's not a TTF (it doesn't have a name)
[2m2026-09-21T07:26:04.532331Z[0m [32m INFO[0m [2mruffle_desktop::backends::ui::fontconfig[0m[2m:[0m Skipping font 'URW Gothic Book' because it's not a TTF (it doesn't have a name)
[2m2026-09-21T07:26:04.532334Z[0m [32m INFO[0m [2mruffle_desktop::backends::ui::fontconfig[0m[2m:[0m Skipping font 'URWGothic-Demi' because it's not a TTF (it doesn't have a name)
[2m2026-09-21T07:26:04.532338Z[0m [32m INFO[0m [2mruffle_desktop::backends::ui::fontconfig[0m[2m:[0m Skipping font 'URW Gothic Demi' because it's not a TTF (it doesn't have a name)
[2m2026-09-21T07:26:04.532342Z[0m [32m INFO[0m [2mruffle_desktop::backends::ui::fontconfig[0m[2m:[0m Skipping font 'URW Gothic Demi' because it's not a TTF (it doesn't have a name)
[2m2026-09-21T07:26:04.532345Z[0m [32m INFO[0m [2mruffle_desktop::backends::ui::fontconfig[0m[2m:[0m Skipping font 'URWGothic-BookOblique' because it's not a TTF (it doesn't have a name)
[2m2026-09-21T07:26:04.532349Z[0m [32m INFO[0m [2mruffle_desktop::backends::ui::fontconfig[0m[2m:[0m Skipping font 'URW Gothic Book Oblique' because it's not a TTF (it doesn't have a name)
[2m2026-09-21T07:26:04.532353Z[0m [32m INFO[0m [2mruffle_desktop::backends::ui::fontconfig[0m[2m:[0m Skipping font 'URW Gothic Book Oblique' because it's not a TTF (it doesn't have a name)
[2m2026-09-21T07:26:04.532356Z[0m [32m INFO[0m [2mruffle_desktop::backends::ui::fontconfig[0m[2m:[0m Skipping font 'URWGothic-DemiOblique' because it's not a TTF (it doesn't have a name)
[2m2026-09-21T07:26:04.532360Z[0m [32m INFO[0m [2mruffle_desktop::backends::ui::fontconfig[0m[2m:[0m Skipping font 'URW Gothic Demi Oblique' because it's not a TTF (it doesn't have a name)
[2m2026-09-21T07:26:04.532363Z[0m [32m INFO[0m [2mruffle_desktop::backends::ui::fontconfig[0m[2m:[0m Skipping font 'URW Gothic Demi Oblique' because it's not a TTF (it doesn't have a name)
[2m2026-09-21T07:26:04.532367Z[0m [32m INFO[0m [2mruffle_desktop::backends::ui::fontconfig[0m[2m:[0m Skipping font 'Nimbus Sans Narrow Regular' because it's not a TTF (it doesn't have a name)
[2m2026-09-21T07:26:04.532370Z[0m [32m INFO[0m [2mruffle_desktop::backends::ui::fontconfig[0m[2m:[0m Skipping font 'Nimbus Sans Narrow Regular' because it's not a TTF (it doesn't have a name)
[2m2026-09-21T07:26:04.532374Z[0m [32m INFO[0m [2mruffle_desktop::backends::ui::fontconfig[0m[2m:[0m Skipping font 'NimbusSansNarrow-Regular' because it's not a TTF (it doesn't have a name)
[2m2026-09-21T07:26:04.532377Z[0m [32m INFO[0m [2mruffle_desktop::backends::ui::fontconfig[0m[2m:[0m Skipping font 'Nimbus Sans Narrow Bold' because it's not a TTF (it doesn't have a name)
[2m2026-09-21T07:26:04.532381Z[0m [32m INFO[0m [2mruffle_desktop::backends::ui::fontconfig[0m[2m:[0m Skipping font 'Nimbus Sans Narrow Bold' because it's not a TTF (it doesn't have a name)
[2m2026-09-21T07:26:04.532385Z[0m [32m INFO[0m [2mruffle_desktop::backends::ui::fontconfig[0m[2m:[0m Skipping font 'NimbusSansNarrow-Bold' because it's not a TTF (it doesn't have a name)
[2m2026-09-21T07:26:04.532388Z[0m [32m INFO[0m [2mruffle_desktop::backends::ui::fontconfig[0m[2m:[0m Skipping font 'Nimbus Sans Narrow Oblique' because it's not a TTF (it doesn't have a name)
[2m2026-09-21T07:26:04.532392Z[0m [32m INFO[0m [2mruffle_desktop::backends::ui::fontconfig[0m[2m:[0m Skipping font 'Nimbus Sans Narrow Oblique' because it's not a TTF (it doesn't have a name)
[2m2026-09-21T07:26:04.532396Z[0m [32m INFO[0m [2mruffle_desktop::backends::ui::fontconfig[0m[2m:[0m Skipping font 'NimbusSansNarrow-Oblique' because it's not a TTF (it doesn't have a name)
[2m2026-09-21T07:26:04.532399Z[0m [32m INFO[0m [2mruffle_desktop::backends::ui::fontconfig[0m[2m:[0m Skipping font 'Nimbus Sans Narrow Bold Oblique' because it's not a TTF (it doesn't have a name)
[2m2026-09-21T07:26:04.532403Z[0m [32m INFO[0m [2mruffle_desktop::backends::ui::fontconfig[0m[2m:[0m Skipping font 'Nimbus Sans Narrow Bold Oblique' because it's not a TTF (it doesn't have a name)
[2m2026-09-21T07:26:04.532406Z[0m [32m INFO[0m [2mruffle_desktop::backends::ui::fontconfig[0m[2m:[0m Skipping font 'NimbusSansNarrow-BoldOblique' because it's not a TTF (it doesn't have a name)
[2m2026-09-21T07:26:04.533221Z[0m [32m INFO[0m [2mruffle_desktop::backends::ui::fontconfig[0m[2m:[0m Skipping font 'Noto Sans CJK JP' because it's not a TTF (it doesn't have a name)
[2m2026-09-21T07:26:04.533236Z[0m [32m INFO[0m [2mruffle_desktop::backends::ui::fontconfig[0m[2m:[0m Skipping font 'Noto Sans CJK KR' because it's not a TTF (it doesn't have a name)
[2m2026-09-21T07:26:04.533240Z[0m [32m INFO[0m [2mruffle_desktop::backends::ui::fontconfig[0m[2m:[0m Skipping font 'Noto Sans CJK SC' because it's not a TTF (it doesn't have a name)
[2m2026-09-21T07:26:04.533245Z[0m [32m INFO[0m [2mruffle_desktop::backends::ui::fontconfig[0m[2m:[0m Skipping font 'Noto Sans CJK TC' because it's not a TTF (it doesn't have a name)
[2m2026-09-21T07:26:04.533249Z[0m [32m INFO[0m [2mruffle_desktop::backends::ui::fontconfig[0m[2m:[0m Skipping font 'Noto Sans CJK HK' because it's not a TTF (it doesn't have a name)
[2m2026-09-21T07:26:04.533253Z[0m [32m INFO[0m [2mruffle_desktop::backends::ui::fontconfig[0m[2m:[0m Skipping font 'Noto Sans Mono CJK JP' because it's not a TTF (it doesn't have a name)
[2m2026-09-21T07:26:04.533257Z[0m [32m INFO[0m [2mruffle_desktop::backends::ui::fontconfig[0m[2m:[0m Skipping font 'Noto Sans Mono CJK KR' because it's not a TTF (it doesn't have a name)
[2m2026-09-21T07:26:04.533261Z[0m [32m INFO[0m [2mruffle_desktop::backends::ui::fontconfig[0m[2m:[0m Skipping font 'Noto Sans Mono CJK SC' because it's not a TTF (it doesn't have a name)
[2m2026-09-21T07:26:04.533265Z[0m [32m INFO[0m [2mruffle_desktop::backends::ui::fontconfig[0m[2m:[0m Skipping font 'Noto Sans Mono CJK TC' because it's not a TTF (it doesn't have a name)
[2m2026-09-21T07:26:04.533269Z[0m [32m INFO[0m [2mruffle_desktop::backends::ui::fontconfig[0m[2m:[0m Skipping font 'Noto Sans Mono CJK HK' because it's not a TTF (it doesn't have a name)
[2m2026-09-21T07:26:04.533272Z[0m [32m INFO[0m [2mruffle_desktop::backends::ui::fontconfig[0m[2m:[0m Skipping font 'Noto Serif CJK JP' because it's not a TTF (it doesn't have a name)
[2m2026-09-21T07:26:04.533275Z[0m [32m INFO[0m [2mruffle_desktop::backends::ui::fontconfig[0m[2m:[0m Skipping font 'Noto Serif CJK KR' because it's not a TTF (it doesn't have a name)
[2m2026-09-21T07:26:04.533279Z[0m [32m INFO[0m [2mruffle_desktop::backends::ui::fontconfig[0m[2m:[0m Skipping font 'Noto Serif CJK SC' because it's not a TTF (it doesn't have a name)
[2m2026-09-21T07:26:04.533282Z[0m [32m INFO[0m [2mruffle_desktop::backends::ui::fontconfig[0m[2m:[0m Skipping font 'Noto Serif CJK TC' because it's not a TTF (it doesn't have a name)
[2m2026-09-21T07:26:04.533286Z[0m [32m INFO[0m [2mruffle_desktop::backends::ui::fontconfig[0m[2m:[0m Skipping font 'Noto Serif CJK HK' because it's not a TTF (it doesn't have a name)
[2m2026-09-21T07:26:04.533290Z[0m [32m INFO[0m [2mruffle_desktop::backends::ui::fontconfig[0m[2m:[0m Skipping font 'D050000L' because it's not a TTF (it doesn't have a name)
[2m2026-09-21T07:26:04.533293Z[0m [32m INFO[0m [2mruffle_desktop::backends::ui::fontconfig[0m[2m:[0m Skipping font 'Standard Symbols PS' because it's not a TTF (it doesn't have a name)
[2m2026-09-21T07:26:04.533296Z[0m [32m INFO[0m [2mruffle_desktop::backends::ui::fontconfig[0m[2m:[0m Skipping font 'C059-Roman' because it's not a TTF (it doesn't have a name)
[2m2026-09-21T07:26:04.533300Z[0m [32m INFO[0m [2mruffle_desktop::backends::ui::fontconfig[0m[2m:[0m Skipping font 'NimbusMonoPS-Regular' because it's not a TTF (it doesn't have a name)
[2m2026-09-21T07:26:04.533303Z[0m [32m INFO[0m [2mruffle_desktop::backends::ui::fontconfig[0m[2m:[0m Skipping font 'NimbusRoman-Regular' because it's not a TTF (it doesn't have a name)
[2m2026-09-21T07:26:04.533307Z[0m [32m INFO[0m [2mruffle_desktop::backends::ui::fontconfig[0m[2m:[0m Skipping font 'P052-Roman' because it's not a TTF (it doesn't have a name)
[2m2026-09-21T07:26:04.533332Z[0m [32m INFO[0m [2mruffle_desktop::backends::ui::fontconfig[0m[2m:[0m Skipping font 'Nimbus Mono PS Regular' because it's not a TTF (it doesn't have a name)
[2m2026-09-21T07:26:04.533347Z[0m [32m INFO[0m [2mruffle_desktop::backends::ui::fontconfig[0m[2m:[0m Skipping font 'Nimbus Roman Regular' because it's not a TTF (it doesn't have a name)
[2m2026-09-21T07:26:04.533351Z[0m [32m INFO[0m [2mruffle_desktop::backends::ui::fontconfig[0m[2m:[0m Skipping font 'Nimbus Mono PS Regular' because it's not a TTF (it doesn't have a name)
[2m2026-09-21T07:26:04.533355Z[0m [32m INFO[0m [2mruffle_desktop::backends::ui::fontconfig[0m[2m:[0m Skipping font 'Nimbus Roman Regular' because it's not a TTF (it doesn't have a name)
[2m2026-09-21T07:26:04.533359Z[0m [32m INFO[0m [2mruffle_desktop::backends::ui::fontconfig[0m[2m:[0m Skipping font 'D050000L Regular' because it's not a TTF (it doesn't have a name)
[2m2026-09-21T07:26:04.533363Z[0m [32m INFO[0m [2mruffle_desktop::backends::ui::fontconfig[0m[2m:[0m Skipping font 'Standard Symbols PS Regular' because it's not a TTF (it doesn't have a name)
[2m2026-09-21T07:26:04.533366Z[0m [32m INFO[0m [2mruffle_desktop::backends::ui::fontconfig[0m[2m:[0m Skipping font 'D050000L Regular' because it's not a TTF (it doesn't have a name)
[2m2026-09-21T07:26:04.533370Z[0m [32m INFO[0m [2mruffle_desktop::backends::ui::fontconfig[0m[2m:[0m Skipping font 'Standard Symbols PS Regular' because it's not a TTF (it doesn't have a name)
[2m2026-09-21T07:26:04.533483Z[0m [32m INFO[0m [2mruffle_desktop::backends::ui::fontconfig[0m[2m:[0m Skipping font 'C059 Roman' because it's not a TTF (it doesn't have a name)
[2m2026-09-21T07:26:04.533495Z[0m [32m INFO[0m [2mruffle_desktop::backends::ui::fontconfig[0m[2m:[0m Skipping font 'P052 Roman' because it's not a TTF (it doesn't have a name)
[2m2026-09-21T07:26:04.533512Z[0m [32m INFO[0m [2mruffle_desktop::backends::ui::fontconfig[0m[2m:[0m Skipping font 'C059 Roman' because it's not a TTF (it doesn't have a name)
[2m2026-09-21T07:26:04.533516Z[0m [32m INFO[0m [2mruffle_desktop::backends::ui::fontconfig[0m[2m:[0m Skipping font 'P052 Roman' because it's not a TTF (it doesn't have a name)
[2m2026-09-21T07:26:04.533580Z[0m [32m INFO[0m [2mruffle_desktop::backends::ui::fontconfig[0m[2m:[0m Skipping font 'URWBookman-Light' because it's not a TTF (it doesn't have a name)
[2m2026-09-21T07:26:04.533592Z[0m [32m INFO[0m [2mruffle_desktop::backends::ui::fontconfig[0m[2m:[0m Skipping font 'URW Bookman Light' because it's not a TTF (it doesn't have a name)
[2m2026-09-21T07:26:04.533596Z[0m [32m INFO[0m [2mruffle_desktop::backends::ui::fontconfig[0m[2m:[0m Skipping font 'URW Bookman Light' because it's not a TTF (it doesn't have a name)
[2m2026-09-21T07:26:04.533753Z[0m [32m INFO[0m [2mruffle_desktop::backends::ui::fontconfig[0m[2m:[0m Skipping font 'URWBookman-Demi' because it's not a TTF (it doesn't have a name)
[2m2026-09-21T07:26:04.533766Z[0m [32m INFO[0m [2mruffle_desktop::backends::ui::fontconfig[0m[2m:[0m Skipping font 'URW Bookman Demi' because it's not a TTF (it doesn't have a name)
[2m2026-09-21T07:26:04.533770Z[0m [32m INFO[0m [2mruffle_desktop::backends::ui::fontconfig[0m[2m:[0m Skipping font 'URW Bookman Demi' because it's not a TTF (it doesn't have a name)
[2m2026-09-21T07:26:04.534115Z[0m [32m INFO[0m [2mruffle_desktop::backends::ui::fontconfig[0m[2m:[0m Skipping font 'Noto Sans CJK JP Bold' because it's not a TTF (it doesn't have a name)
[2m2026-09-21T07:26:04.534130Z[0m [32m INFO[0m [2mruffle_desktop::backends::ui::fontconfig[0m[2m:[0m Skipping font 'Noto Sans CJK KR Bold' because it's not a TTF (it doesn't have a name)
[2m2026-09-21T07:26:04.534134Z[0m [32m INFO[0m [2mruffle_desktop::backends::ui::fontconfig[0m[2m:[0m Skipping font 'Noto Sans CJK SC Bold' because it's not a TTF (it doesn't have a name)
[2m2026-09-21T07:26:04.534139Z[0m [32m INFO[0m [2mruffle_desktop::backends::ui::fontconfig[0m[2m:[0m Skipping font 'Noto Sans CJK TC Bold' because it's not a TTF (it doesn't have a name)
[2m2026-09-21T07:26:04.534143Z[0m [32m INFO[0m [2mruffle_desktop::backends::ui::fontconfig[0m[2m:[0m Skipping font 'Noto Sans CJK HK Bold' because it's not a TTF (it doesn't have a name)
[2m2026-09-21T07:26:04.534147Z[0m [32m INFO[0m [2mruffle_desktop::backends::ui::fontconfig[0m[2m:[0m Skipping font 'Noto Sans Mono CJK JP Bold' because it's not a TTF (it doesn't have a name)
[2m2026-09-21T07:26:04.534151Z[0m [32m INFO[0m [2mruffle_desktop::backends::ui::fontconfig[0m[2m:[0m Skipping font 'Noto Sans Mono CJK KR Bold' because it's not a TTF (it doesn't have a name)
[2m2026-09-21T07:26:04.534155Z[0m [32m INFO[0m [2mruffle_desktop::backends::ui::fontconfig[0m[2m:[0m Skipping font 'Noto Sans Mono CJK SC Bold' because it's not a TTF (it doesn't have a name)
[2m2026-09-21T07:26:04.534159Z[0m [32m INFO[0m [2mruffle_desktop::backends::ui::fontconfig[0m[2m:[0m Skipping font 'Noto Sans Mono CJK TC Bold' because it's not a TTF (it doesn't have a name)
[2m2026-09-21T07:26:04.534163Z[0m [32m INFO[0m [2mruffle_desktop::backends::ui::fontconfig[0m[2m:[0m Skipping font 'Noto Sans Mono CJK HK Bold' because it's not a TTF (it doesn't have a name)
[2m2026-09-21T07:26:04.534167Z[0m [32m INFO[0m [2mruffle_desktop::backends::ui::fontconfig[0m[2m:[0m Skipping font 'Noto Serif CJK JP Bold' because it's not a TTF (it doesn't have a name)
[2m2026-09-21T07:26:04.534171Z[0m [32m INFO[0m [2mruffle_desktop::backends::ui::fontconfig[0m[2m:[0m Skipping font 'Noto Serif CJK KR Bold' because it's not a TTF (it doesn't have a name)
[2m2026-09-21T07:26:04.534174Z[0m [32m INFO[0m [2mruffle_desktop::backends::ui::fontconfig[0m[2m:[0m Skipping font 'Noto Serif CJK SC Bold' because it's not a TTF (it doesn't have a name)
[2m2026-09-21T07:26:04.534178Z[0m [32m INFO[0m [2mruffle_desktop::backends::ui::fontconfig[0m[2m:[0m Skipping font 'Noto Serif CJK TC Bold' because it's not a TTF (it doesn't have a name)
[2m2026-09-21T07:26:04.534182Z[0m [32m INFO[0m [2mruffle_desktop::backends::ui::fontconfig[0m[2m:[0m Skipping font 'Noto Serif CJK HK Bold' because it's not a TTF (it doesn't have a name)
[2m2026-09-21T07:26:04.534185Z[0m [32m INFO[0m [2mruffle_desktop::backends::ui::fontconfig[0m[2m:[0m Skipping font 'C059-Bold' because it's not a TTF (it doesn't have a name)
[2m2026-09-21T07:26:04.534190Z[0m [32m INFO[0m [2mruffle_desktop::backends::ui::fontconfig[0m[2m:[0m Skipping font 'NimbusMonoPS-Bold' because it's not a TTF (it doesn't have a name)
[2m2026-09-21T07:26:04.534194Z[0m [32m INFO[0m [2mruffle_desktop::backends::ui::fontconfig[0m[2m:[0m Skipping font 'NimbusRoman-Bold' because it's not a TTF (it doesn't have a name)
[2m2026-09-21T07:26:04.534197Z[0m [32m INFO[0m [2mruffle_desktop::backends::ui::fontconfig[0m[2m:[0m Skipping font 'P052-Bold' because it's not a TTF (it doesn't have a name)
[2m2026-09-21T07:26:04.534201Z[0m [32m INFO[0m [2mruffle_desktop::backends::ui::fontconfig[0m[2m:[0m Skipping font 'C059 Bold' because it's not a TTF (it doesn't have a name)
[2m2026-09-21T07:26:04.534205Z[0m [32m INFO[0m [2mruffle_desktop::backends::ui::fontconfig[0m[2m:[0m Skipping font 'Nimbus Mono PS Bold' because it's not a TTF (it doesn't have a name)
[2m2026-09-21T07:26:04.534211Z[0m [32m INFO[0m [2mruffle_desktop::backends::ui::fontconfig[0m[2m:[0m Skipping font 'Nimbus Roman Bold' because it's not a TTF (it doesn't have a name)
[2m2026-09-21T07:26:04.534215Z[0m [32m INFO[0m [2mruffle_desktop::backends::ui::fontconfig[0m[2m:[0m Skipping font 'P052 Bold' because it's not a TTF (it doesn't have a name)
[2m2026-09-21T07:26:04.534219Z[0m [32m INFO[0m [2mruffle_desktop::backends::ui::fontconfig[0m[2m:[0m Skipping font 'C059 Bold' because it's not a TTF (it doesn't have a name)
[2m2026-09-21T07:26:04.534223Z[0m [32m INFO[0m [2mruffle_desktop::backends::ui::fontconfig[0m[2m:[0m Skipping font 'Nimbus Mono PS Bold' because it's not a TTF (it doesn't have a name)
[2m2026-09-21T07:26:04.534227Z[0m [32m INFO[0m [2mruffle_desktop::backends::ui::fontconfig[0m[2m:[0m Skipping font 'Nimbus Roman Bold' because it's not a TTF (it doesn't have a name)
[2m2026-09-21T07:26:04.534231Z[0m [32m INFO[0m [2mruffle_desktop::backends::ui::fontconfig[0m[2m:[0m Skipping font 'P052 Bold' because it's not a TTF (it doesn't have a name)
[2m2026-09-21T07:26:04.534640Z[0m [32m INFO[0m [2mruffle_desktop::backends::ui::fontconfig[0m[2m:[0m Skipping font 'C059-Italic' because it's not a TTF (it doesn't have a name)
[2m2026-09-21T07:26:04.534654Z[0m [32m INFO[0m [2mruffle_desktop::backends::ui::fontconfig[0m[2m:[0m Skipping font 'NimbusMonoPS-Italic' because it's not a TTF (it doesn't have a name)
[2m2026-09-21T07:26:04.534659Z[0m [32m INFO[0m [2mruffle_desktop::backends::ui::fontconfig[0m[2m:[0m Skipping font 'NimbusRoman-Italic' because it's not a TTF (it doesn't have a name)
[2m2026-09-21T07:26:04.534663Z[0m [32m INFO[0m [2mruffle_desktop::backends::ui::fontconfig[0m[2m:[0m Skipping font 'P052-Italic' because it's not a TTF (it doesn't have a name)
[2m2026-09-21T07:26:04.534667Z[0m [32m INFO[0m [2mruffle_desktop::backends::ui::fontconfig[0m[2m:[0m Skipping font 'Nimbus Mono PS Italic' because it's not a TTF (it doesn't have a name)
[2m2026-09-21T07:26:04.534671Z[0m [32m INFO[0m [2mruffle_desktop::backends::ui::fontconfig[0m[2m:[0m Skipping font 'Nimbus Roman Italic' because it's not a TTF (it doesn't have a name)
[2m2026-09-21T07:26:04.534675Z[0m [32m INFO[0m [2mruffle_desktop::backends::ui::fontconfig[0m[2m:[0m Skipping font 'P052 Italic' because it's not a TTF (it doesn't have a name)
[2m2026-09-21T07:26:04.534681Z[0m [32m INFO[0m [2mruffle_desktop::backends::ui::fontconfig[0m[2m:[0m Skipping font 'Nimbus Mono PS Italic' because it's not a TTF (it doesn't have a name)
[2m2026-09-21T07:26:04.534685Z[0m [32m INFO[0m [2mruffle_desktop::backends::ui::fontconfig[0m[2m:[0m Skipping font 'Nimbus Roman Italic' because it's not a TTF (it doesn't have a name)
[2m2026-09-21T07:26:04.534689Z[0m [32m INFO[0m [2mruffle_desktop::backends::ui::fontconfig[0m[2m:[0m Skipping font 'P052 Italic' because it's not a TTF (it doesn't have a name)
[2m2026-09-21T07:26:04.534798Z[0m [32m INFO[0m [2mruffle_desktop::backends::ui::fontconfig[0m[2m:[0m Skipping font 'Z003-MediumItalic' because it's not a TTF (it doesn't have a name)
[2m2026-09-21T07:26:04.534810Z[0m [32m INFO[0m [2mruffle_desktop::backends::ui::fontconfig[0m[2m:[0m Skipping font 'C059 Italic' because it's not a TTF (it doesn't have a name)
[2m2026-09-21T07:26:04.534814Z[0m [32m INFO[0m [2mruffle_desktop::backends::ui::fontconfig[0m[2m:[0m Skipping font 'Z003 Medium Italic' because it's not a TTF (it doesn't have a name)
[2m2026-09-21T07:26:04.534818Z[0m [32m INFO[0m [2mruffle_desktop::backends::ui::fontconfig[0m[2m:[0m Skipping font 'C059 Italic' because it's not a TTF (it doesn't have a name)
[2m2026-09-21T07:26:04.534822Z[0m [32m INFO[0m [2mruffle_desktop::backends::ui::fontconfig[0m[2m:[0m Skipping font 'Z003 Medium Italic' because it's not a TTF (it doesn't have a name)
[2m2026-09-21T07:26:04.534881Z[0m [32m INFO[0m [2mruffle_desktop::backends::ui::fontconfig[0m[2m:[0m Skipping font 'URWBookman-LightItalic' because it's not a TTF (it doesn't have a name)
[2m2026-09-21T07:26:04.534892Z[0m [32m INFO[0m [2mruffle_desktop::backends::ui::fontconfig[0m[2m:[0m Skipping font 'URW Bookman Light Italic' because it's not a TTF (it doesn't have a name)
[2m2026-09-21T07:26:04.534896Z[0m [32m INFO[0m [2mruffle_desktop::backends::ui::fontconfig[0m[2m:[0m Skipping font 'URW Bookman Light Italic' because it's not a TTF (it doesn't have a name)
[2m2026-09-21T07:26:04.535043Z[0m [32m INFO[0m [2mruffle_desktop::backends::ui::fontconfig[0m[2m:[0m Skipping font 'URWBookman-DemiItalic' because it's not a TTF (it doesn't have a name)
[2m2026-09-21T07:26:04.535056Z[0m [32m INFO[0m [2mruffle_desktop::backends::ui::fontconfig[0m[2m:[0m Skipping font 'URW Bookman Demi Italic' because it's not a TTF (it doesn't have a name)
[2m2026-09-21T07:26:04.535061Z[0m [32m INFO[0m [2mruffle_desktop::backends::ui::fontconfig[0m[2m:[0m Skipping font 'URW Bookman Demi Italic' because it's not a TTF (it doesn't have a name)
[2m2026-09-21T07:26:04.535301Z[0m [32m INFO[0m [2mruffle_desktop::backends::ui::fontconfig[0m[2m:[0m Skipping font 'C059-BdIta' because it's not a TTF (it doesn't have a name)
[2m2026-09-21T07:26:04.535313Z[0m [32m INFO[0m [2mruffle_desktop::backends::ui::fontconfig[0m[2m:[0m Skipping font 'NimbusMonoPS-BoldItalic' because it's not a TTF (it doesn't have a name)
[2m2026-09-21T07:26:04.535317Z[0m [32m INFO[0m [2mruffle_desktop::backends::ui::fontconfig[0m[2m:[0m Skipping font 'NimbusRoman-BoldItalic' because it's not a TTF (it doesn't have a name)
[2m2026-09-21T07:26:04.535322Z[0m [32m INFO[0m [2mruffle_desktop::backends::ui::fontconfig[0m[2m:[0m Skipping font 'P052-BoldItalic' because it's not a TTF (it doesn't have a name)
[2m2026-09-21T07:26:04.535326Z[0m [32m INFO[0m [2mruffle_desktop::backends::ui::fontconfig[0m[2m:[0m Skipping font 'C059 Bold Italic' because it's not a TTF (it doesn't have a name)
[2m2026-09-21T07:26:04.535330Z[0m [32m INFO[0m [2mruffle_desktop::backends::ui::fontconfig[0m[2m:[0m Skipping font 'Nimbus Mono PS Bold Italic' because it's not a TTF (it doesn't have a name)
[2m2026-09-21T07:26:04.535334Z[0m [32m INFO[0m [2mruffle_desktop::backends::ui::fontconfig[0m[2m:[0m Skipping font 'Nimbus Roman Bold Italic' because it's not a TTF (it doesn't have a name)
[2m2026-09-21T07:26:04.535338Z[0m [32m INFO[0m [2mruffle_desktop::backends::ui::fontconfig[0m[2m:[0m Skipping font 'P052 Bold Italic' because it's not a TTF (it doesn't have a name)
[2m2026-09-21T07:26:04.535344Z[0m [32m INFO[0m [2mruffle_desktop::backends::ui::fontconfig[0m[2m:[0m Skipping font 'C059 Bold Italic' because it's not a TTF (it doesn't have a name)
[2m2026-09-21T07:26:04.535348Z[0m [32m INFO[0m [2mruffle_desktop::backends::ui::fontconfig[0m[2m:[0m Skipping font 'Nimbus Mono PS Bold Italic' because it's not a TTF (it doesn't have a name)
[2m2026-09-21T07:26:04.535354Z[0m [32m INFO[0m [2mruffle_desktop::backends::ui::fontconfig[0m[2m:[0m Skipping font 'Nimbus Roman Bold Italic' because it's not a TTF (it doesn't have a name)
[2m2026-09-21T07:26:04.535357Z[0m [32m INFO[0m [2mruffle_desktop::backends::ui::fontconfig[0m[2m:[0m Skipping font 'P052 Bold Italic' because it's not a TTF (it doesn't have a name)
[2m2026-09-21T07:26:04.676575Z[0m [33m WARN[0m [2mruffle_core::stub[0m[2m:[0m Encountered stub: AVM2 flash.display.Loader.load() addChild at the correct time
[2m2026-09-21T07:26:04.676685Z[0m [32m INFO[0m [2mavm_trace[0m[2m:[0m  font
[2m2026-09-21T07:26:04.677054Z[0m [32m INFO[0m [2mavm_trace[0m[2m:[0m false embedFonts
[2m2026-09-21T07:26:04.678593Z[0m [32m INFO[0m [2mruffle_desktop::backends::ui::fontconfig[0m[2m:[0m Skipping font 'NimbusRoman-Regular' because it's not a TTF (it doesn't have a name)
[2m2026-09-21T07:26:04.678611Z[0m [32m INFO[0m [2mruffle_desktop::backends::ui::fontconfig[0m[2m:[0m Skipping font 'Nimbus Roman Regular' because it's not a TTF (it doesn't have a name)
[2m2026-09-21T07:26:04.678617Z[0m [32m INFO[0m [2mruffle_desktop::backends::ui::fontconfig[0m[2m:[0m Skipping font 'Nimbus Roman Regular' because it's not a TTF (it doesn't have a name)
[2m2026-09-21T07:26:04.678622Z[0m [32m INFO[0m [2mruffle_desktop::backends::ui::fontconfig[0m[2m:[0m Skipping font 'NimbusRoman-Bold' because it's not a TTF (it doesn't have a name)
[2m2026-09-21T07:26:04.678626Z[0m [32m INFO[0m [2mruffle_desktop::backends::ui::fontconfig[0m[2m:[0m Skipping font 'Nimbus Roman Bold' because it's not a TTF (it doesn't have a name)
[2m2026-09-21T07:26:04.678630Z[0m [32m INFO[0m [2mruffle_desktop::backends::ui::fontconfig[0m[2m:[0m Skipping font 'Nimbus Roman Bold' because it's not a TTF (it doesn't have a name)
[2m2026-09-21T07:26:04.678634Z[0m [32m INFO[0m [2mruffle_desktop::backends::ui::fontconfig[0m[2m:[0m Skipping font 'NimbusRoman-Italic' because it's not a TTF (it doesn't have a name)
[2m2026-09-21T07:26:04.678638Z[0m [32m INFO[0m [2mruffle_desktop::backends::ui::fontconfig[0m[2m:[0m Skipping font 'Nimbus Roman Italic' because it's not a TTF (it doesn't have a name)
[2m2026-09-21T07:26:04.678642Z[0m [32m INFO[0m [2mruffle_desktop::backends::ui::fontconfig[0m[2m:[0m Skipping font 'Nimbus Roman Italic' because it's not a TTF (it doesn't have a name)
[2m2026-09-21T07:26:04.678645Z[0m [32m INFO[0m [2mruffle_desktop::backends::ui::fontconfig[0m[2m:[0m Skipping font 'NimbusRoman-BoldItalic' because it's not a TTF (it doesn't have a name)
[2m2026-09-21T07:26:04.678649Z[0m [32m INFO[0m [2mruffle_desktop::backends::ui::fontconfig[0m[2m:[0m Skipping font 'Nimbus Roman Bold Italic' because it's not a TTF (it doesn't have a name)
[2m2026-09-21T07:26:04.678652Z[0m [32m INFO[0m [2mruffle_desktop::backends::ui::fontconfig[0m[2m:[0m Skipping font 'Nimbus Roman Bold Italic' because it's not a TTF (it doesn't have a name)
[2m2026-09-21T07:26:04.678656Z[0m [32m INFO[0m [2mruffle_desktop::backends::ui::fontconfig[0m[2m:[0m Skipping font 'URWBookman-Light' because it's not a TTF (it doesn't have a name)
[2m2026-09-21T07:26:04.678659Z[0m [32m INFO[0m [2mruffle_desktop::backends::ui::fontconfig[0m[2m:[0m Skipping font 'URW Bookman Light' because it's not a TTF (it doesn't have a name)
[2m2026-09-21T07:26:04.678663Z[0m [32m INFO[0m [2mruffle_desktop::backends::ui::fontconfig[0m[2m:[0m Skipping font 'URW Bookman Light' because it's not a TTF (it doesn't have a name)
[2m2026-09-21T07:26:04.678666Z[0m [32m INFO[0m [2mruffle_desktop::backends::ui::fontconfig[0m[2m:[0m Skipping font 'URWBookman-Demi' because it's not a TTF (it doesn't have a name)
[2m2026-09-21T07:26:04.678670Z[0m [32m INFO[0m [2mruffle_desktop::backends::ui::fontconfig[0m[2m:[0m Skipping font 'URW Bookman Demi' because it's not a TTF (it doesn't have a name)
[2m2026-09-21T07:26:04.678674Z[0m [32m INFO[0m [2mruffle_desktop::backends::ui::fontconfig[0m[2m:[0m Skipping font 'URW Bookman Demi' because it's not a TTF (it doesn't have a name)
[2m2026-09-21T07:26:04.678678Z[0m [32m INFO[0m [2mruffle_desktop::backends::ui::fontconfig[0m[2m:[0m Skipping font 'URWBookman-LightItalic' because it's not a TTF (it doesn't have a name)
[2m2026-09-21T07:26:04.678681Z[0m [32m INFO[0m [2mruffle_desktop::backends::ui::fontconfig[0m[2m:[0m Skipping font 'URW Bookman Light Italic' because it's not a TTF (it doesn't have a name)
[2m2026-09-21T07:26:04.678685Z[0m [32m INFO[0m [2mruffle_desktop::backends::ui::fontconfig[0m[2m:[0m Skipping font 'URW Bookman Light Italic' because it's not a TTF (it doesn't have a name)
[2m2026-09-21T07:26:04.678689Z[0m [32m INFO[0m [2mruffle_desktop::backends::ui::fontconfig[0m[2m:[0m Skipping font 'URWBookman-DemiItalic' because it's not a TTF (it doesn't have a name)
[2m2026-09-21T07:26:04.678692Z[0m [32m INFO[0m [2mruffle_desktop::backends::ui::fontconfig[0m[2m:[0m Skipping font 'URW Bookman Demi Italic' because it's not a TTF (it doesn't have a name)
[2m2026-09-21T07:26:04.678697Z[0m [32m INFO[0m [2mruffle_desktop::backends::ui::fontconfig[0m[2m:[0m Skipping font 'URW Bookman Demi Italic' because it's not a TTF (it doesn't have a name)
[2m2026-09-21T07:26:04.678701Z[0m [32m INFO[0m [2mruffle_desktop::backends::ui::fontconfig[0m[2m:[0m Skipping font 'C059-Roman' because it's not a TTF (it doesn't have a name)
[2m2026-09-21T07:26:04.678705Z[0m [32m INFO[0m [2mruffle_desktop::backends::ui::fontconfig[0m[2m:[0m Skipping font 'C059 Roman' because it's not a TTF (it doesn't have a name)
[2m2026-09-21T07:26:04.678708Z[0m [32m INFO[0m [2mruffle_desktop::backends::ui::fontconfig[0m[2m:[0m Skipping font 'C059 Roman' because it's not a TTF (it doesn't have a name)
[2m2026-09-21T07:26:04.678712Z[0m [32m INFO[0m [2mruffle_desktop::backends::ui::fontconfig[0m[2m:[0m Skipping font 'C059-Bold' because it's not a TTF (it doesn't have a name)
[2m2026-09-21T07:26:04.678715Z[0m [32m INFO[0m [2mruffle_desktop::backends::ui::fontconfig[0m[2m:[0m Skipping font 'C059 Bold' because it's not a TTF (it doesn't have a name)
[2m2026-09-21T07:26:04.678719Z[0m [32m INFO[0m [2mruffle_desktop::backends::ui::fontconfig[0m[2m:[0m Skipping font 'C059 Bold' because it's not a TTF (it doesn't have a name)
[2m2026-09-21T07:26:04.678722Z[0m [32m INFO[0m [2mruffle_desktop::backends::ui::fontconfig[0m[2m:[0m Skipping font 'C059-Italic' because it's not a TTF (it doesn't have a name)
[2m2026-09-21T07:26:04.678726Z[0m [32m INFO[0m [2mruffle_desktop::backends::ui::fontconfig[0m[2m:[0m Skipping font 'C059 Italic' because it's not a TTF (it doesn't have a name)
[2m2026-09-21T07:26:04.678729Z[0m [32m INFO[0m [2mruffle_desktop::backends::ui::fontconfig[0m[2m:[0m Skipping font 'C059 Italic' because it's not a TTF (it doesn't have a name)
[2m2026-09-21T07:26:04.678732Z[0m [32m INFO[0m [2mruffle_desktop::backends::ui::fontconfig[0m[2m:[0m Skipping font 'C059-BdIta' because it's not a TTF (it doesn't have a name)
[2m2026-09-21T07:26:04.678736Z[0m [32m INFO[0m [2mruffle_desktop::backends::ui::fontconfig[0m[2m:[0m Skipping font 'C059 Bold Italic' because it's not a TTF (it doesn't have a name)
[2m2026-09-21T07:26:04.678740Z[0m [32m INFO[0m [2mruffle_desktop::backends::ui::fontconfig[0m[2m:[0m Skipping font 'C059 Bold Italic' because it's not a TTF (it doesn't have a name)
[2m2026-09-21T07:26:04.678746Z[0m [32m INFO[0m [2mruffle_desktop::backends::ui::fontconfig[0m[2m:[0m Skipping font 'P052-Roman' because it's not a TTF (it doesn't have a name)
[2m2026-09-21T07:26:04.678749Z[0m [32m INFO[0m [2mruffle_desktop::backends::ui::fontconfig[0m[2m:[0m Skipping font 'P052 Roman' because it's not a TTF (it doesn't have a name)
[2m2026-09-21T07:26:04.678753Z[0m [32m INFO[0m [2mruffle_desktop::backends::ui::fontconfig[0m[2m:[0m Skipping font 'P052 Roman' because it's not a TTF (it doesn't have a name)
[2m2026-09-21T07:26:04.678756Z[0m [32m INFO[0m [2mruffle_desktop::backends::ui::fontconfig[0m[2m:[0m Skipping font 'P052-Bold' because it's not a TTF (it doesn't have a name)
[2m2026-09-21T07:26:04.678759Z[0m [32m INFO[0m [2mruffle_desktop::backends::ui::fontconfig[0m[2m:[0m Skipping font 'P052 Bold' because it's not a TTF (it doesn't have a name)
[2m2026-09-21T07:26:04.678763Z[0m [32m INFO[0m [2mruffle_desktop::backends::ui::fontconfig[0m[2m:[0m Skipping font 'P052 Bold' because it's not a TTF (it doesn't have a name)
[2m2026-09-21T07:26:04.678766Z[0m [32m INFO[0m [2mruffle_desktop::backends::ui::fontconfig[0m[2m:[0m Skipping font 'P052-Italic' because it's not a TTF (it doesn't have a name)
[2m2026-09-21T07:26:04.678770Z[0m [32m INFO[0m [2mruffle_desktop::backends::ui::fontconfig[0m[2m:[0m Skipping font 'P052 Italic' because it's not a TTF (it doesn't have a name)
[2m2026-09-21T07:26:04.678773Z[0m [32m INFO[0m [2mruffle_desktop::backends::ui::fontconfig[0m[2m:[0m Skipping font 'P052 Italic' because it's not a TTF (it doesn't have a name)
[2m2026-09-21T07:26:04.678777Z[0m [32m INFO[0m [2mruffle_desktop::backends::ui::fontconfig[0m[2m:[0m Skipping font 'P052-BoldItalic' because it's not a TTF (it doesn't have a name)
[2m2026-09-21T07:26:04.678780Z[0m [32m INFO[0m [2mruffle_desktop::backends::ui::fontconfig[0m[2m:[0m Skipping font 'P052 Bold Italic' because it's not a TTF (it doesn't have a name)
[2m2026-09-21T07:26:04.678784Z[0m [32m INFO[0m [2mruffle_desktop::backends::ui::fontconfig[0m[2m:[0m Skipping font 'P052 Bold Italic' because it's not a TTF (it doesn't have a name)
[2m2026-09-21T07:26:04.678788Z[0m [32m INFO[0m [2mruffle_desktop::backends::ui::fontconfig[0m[2m:[0m Skipping font 'Standard Symbols PS' because it's not a TTF (it doesn't have a name)
[2m2026-09-21T07:26:04.678791Z[0m [32m INFO[0m [2mruffle_desktop::backends::ui::fontconfig[0m[2m:[0m Skipping font 'Standard Symbols PS Regular' because it's not a TTF (it doesn't have a name)
[2m2026-09-21T07:26:04.678796Z[0m [32m INFO[0m [2mruffle_desktop::backends::ui::fontconfig[0m[2m:[0m Skipping font 'Standard Symbols PS Regular' because it's not a TTF (it doesn't have a name)
[2m2026-09-21T07:26:04.679221Z[0m [32m INFO[0m [2mruffle_desktop::backends::ui::fontconfig[0m[2m:[0m Skipping font 'Noto Sans CJK JP' because it's not a TTF (it doesn't have a name)
[2m2026-09-21T07:26:04.679236Z[0m [32m INFO[0m [2mruffle_desktop::backends::ui::fontconfig[0m[2m:[0m Skipping font 'Noto Sans CJK KR' because it's not a TTF (it doesn't have a name)
[2m2026-09-21T07:26:04.679241Z[0m [32m INFO[0m [2mruffle_desktop::backends::ui::fontconfig[0m[2m:[0m Skipping font 'Noto Sans CJK SC' because it's not a TTF (it doesn't have a name)
[2m2026-09-21T07:26:04.679244Z[0m [32m INFO[0m [2mruffle_desktop::backends::ui::fontconfig[0m[2m:[0m Skipping font 'Noto Sans CJK TC' because it's not a TTF (it doesn't have a name)
[2m2026-09-21T07:26:04.679248Z[0m [32m INFO[0m [2mruffle_desktop::backends::ui::fontconfig[0m[2m:[0m Skipping font 'Noto Sans CJK HK' because it's not a TTF (it doesn't have a name)
[2m2026-09-21T07:26:04.679252Z[0m [32m INFO[0m [2mruffle_desktop::backends::ui::fontconfig[0m[2m:[0m Skipping font 'Noto Sans Mono CJK JP' because it's not a TTF (it doesn't have a name)
[2m2026-09-21T07:26:04.679256Z[0m [32m INFO[0m [2mruffle_desktop::backends::ui::fontconfig[0m[2m:[0m Skipping font 'Noto Sans Mono CJK KR' because it's not a TTF (it doesn't have a name)
[2m2026-09-21T07:26:04.679261Z[0m [32m INFO[0m [2mruffle_desktop::backends::ui::fontconfig[0m[2m:[0m Skipping font 'Noto Sans Mono CJK SC' because it's not a TTF (it doesn't have a name)
[2m2026-09-21T07:26:04.679265Z[0m [32m INFO[0m [2mruffle_desktop::backends::ui::fontconfig[0m[2m:[0m Skipping font 'Noto Sans Mono CJK TC' because it's not a TTF (it doesn't have a name)
[2m2026-09-21T07:26:04.679269Z[0m [32m INFO[0m [2mruffle_desktop::backends::ui::fontconfig[0m[2m:[0m Skipping font 'Noto Sans Mono CJK HK' because it's not a TTF (it doesn't have a name)
[2m2026-09-21T07:26:04.679272Z[0m [32m INFO[0m [2mruffle_desktop::backends::ui::fontconfig[0m[2m:[0m Skipping font 'Noto Serif CJK JP' because it's not a TTF (it doesn't have a name)
[2m2026-09-21T07:26:04.679276Z[0m [32m INFO[0m [2mruffle_desktop::backends::ui::fontconfig[0m[2m:[0m Skipping font 'Noto Serif CJK KR' because it's not a TTF (it doesn't have a name)
[2m2026-09-21T07:26:04.679280Z[0m [32m INFO[0m [2mruffle_desktop::backends::ui::fontconfig[0m[2m:[0m Skipping font 'Noto Serif CJK SC' because it's not a TTF (it doesn't have a name)
[2m2026-09-21T07:26:04.679283Z[0m [32m INFO[0m [2mruffle_desktop::backends::ui::fontconfig[0m[2m:[0m Skipping font 'Noto Serif CJK TC' because it's not a TTF (it doesn't have a name)
[2m2026-09-21T07:26:04.679287Z[0m [32m INFO[0m [2mruffle_desktop::backends::ui::fontconfig[0m[2m:[0m Skipping font 'Noto Serif CJK HK' because it's not a TTF (it doesn't have a name)
[2m2026-09-21T07:26:04.679291Z[0m [32m INFO[0m [2mruffle_desktop::backends::ui::fontconfig[0m[2m:[0m Skipping font 'D050000L' because it's not a TTF (it doesn't have a name)
[2m2026-09-21T07:26:04.679295Z[0m [32m INFO[0m [2mruffle_desktop::backends::ui::fontconfig[0m[2m:[0m Skipping font 'NimbusMonoPS-Regular' because it's not a TTF (it doesn't have a name)
[2m2026-09-21T07:26:04.679298Z[0m [32m INFO[0m [2mruffle_desktop::backends::ui::fontconfig[0m[2m:[0m Skipping font 'NimbusSans-Regular' because it's not a TTF (it doesn't have a name)
[2m2026-09-21T07:26:04.679302Z[0m [32m INFO[0m [2mruffle_desktop::backends::ui::fontconfig[0m[2m:[0m Skipping font 'URWGothic-Book' because it's not a TTF (it doesn't have a name)
[2m2026-09-21T07:26:04.679800Z[0m [32m INFO[0m [2mruffle_desktop::backends::ui::fontconfig[0m[2m:[0m Skipping font 'Nimbus Mono PS Regular' because it's not a TTF (it doesn't have a name)
[2m2026-09-21T07:26:04.679814Z[0m [32m INFO[0m [2mruffle_desktop::backends::ui::fontconfig[0m[2m:[0m Skipping font 'Nimbus Sans Regular' because it's not a TTF (it doesn't have a name)
[2m2026-09-21T07:26:04.679818Z[0m [32m INFO[0m [2mruffle_desktop::backends::ui::fontconfig[0m[2m:[0m Skipping font 'Nimbus Sans Narrow Regular' because it's not a TTF (it doesn't have a name)
[2m2026-09-21T07:26:04.679822Z[0m [32m INFO[0m [2mruffle_desktop::backends::ui::fontconfig[0m[2m:[0m Skipping font 'Nimbus Mono PS Regular' because it's not a TTF (it doesn't have a name)
[2m2026-09-21T07:26:04.679826Z[0m [32m INFO[0m [2mruffle_desktop::backends::ui::fontconfig[0m[2m:[0m Skipping font 'Nimbus Sans Regular' because it's not a TTF (it doesn't have a name)
[2m2026-09-21T07:26:04.679830Z[0m [32m INFO[0m [2mruffle_desktop::backends::ui::fontconfig[0m[2m:[0m Skipping font 'Nimbus Sans Narrow Regular' because it's not a TTF (it doesn't have a name)
[2m2026-09-21T07:26:04.679835Z[0m [32m INFO[0m [2mruffle_desktop::backends::ui::fontconfig[0m[2m:[0m Skipping font 'D050000L Regular' because it's not a TTF (it doesn't have a name)
[2m2026-09-21T07:26:04.679839Z[0m [32m INFO[0m [2mruffle_desktop::backends::ui::fontconfig[0m[2m:[0m Skipping font 'D050000L Regular' because it's not a TTF (it doesn't have a name)
[2m2026-09-21T07:26:04.679942Z[0m [32m INFO[0m [2mruffle_desktop::backends::ui::fontconfig[0m[2m:[0m Skipping font 'NimbusSansNarrow-Regular' because it's not a TTF (it doesn't have a name)
[2m2026-09-21T07:26:04.679953Z[0m [32m INFO[0m [2mruffle_desktop::backends::ui::fontconfig[0m[2m:[0m Skipping font 'URW Gothic Book' because it's not a TTF (it doesn't have a name)
[2m2026-09-21T07:26:04.679958Z[0m [32m INFO[0m [2mruffle_desktop::backends::ui::fontconfig[0m[2m:[0m Skipping font 'URW Gothic Book' because it's not a TTF (it doesn't have a name)
[2m2026-09-21T07:26:04.680263Z[0m [32m INFO[0m [2mruffle_desktop::backends::ui::fontconfig[0m[2m:[0m Skipping font 'URWGothic-Demi' because it's not a TTF (it doesn't have a name)
[2m2026-09-21T07:26:04.680278Z[0m [32m INFO[0m [2mruffle_desktop::backends::ui::fontconfig[0m[2m:[0m Skipping font 'URW Gothic Demi' because it's not a TTF (it doesn't have a name)
[2m2026-09-21T07:26:04.680282Z[0m [32m INFO[0m [2mruffle_desktop::backends::ui::fontconfig[0m[2m:[0m Skipping font 'URW Gothic Demi' because it's not a TTF (it doesn't have a name)
[2m2026-09-21T07:26:04.680662Z[0m [32m INFO[0m [2mruffle_desktop::backends::ui::fontconfig[0m[2m:[0m Skipping font 'Noto Sans CJK JP Bold' because it's not a TTF (it doesn't have a name)
[2m2026-09-21T07:26:04.680676Z[0m [32m INFO[0m [2mruffle_desktop::backends::ui::fontconfig[0m[2m:[0m Skipping font 'Noto Sans CJK KR Bold' because it's not a TTF (it doesn't have a name)
[2m2026-09-21T07:26:04.680681Z[0m [32m INFO[0m [2mruffle_desktop::backends::ui::fontconfig[0m[2m:[0m Skipping font 'Noto Sans CJK SC Bold' because it's not a TTF (it doesn't have a name)
[2m2026-09-21T07:26:04.680686Z[0m [32m INFO[0m [2mruffle_desktop::backends::ui::fontconfig[0m[2m:[0m Skipping font 'Noto Sans CJK TC Bold' because it's not a TTF (it doesn't have a name)
[2m2026-09-21T07:26:04.680690Z[0m [32m INFO[0m [2mruffle_desktop::backends::ui::fontconfig[0m[2m:[0m Skipping font 'Noto Sans CJK HK Bold' because it's not a TTF (it doesn't have a name)
[2m2026-09-21T07:26:04.680695Z[0m [32m INFO[0m [2mruffle_desktop::backends::ui::fontconfig[0m[2m:[0m Skipping font 'Noto Sans Mono CJK JP Bold' because it's not a TTF (it doesn't have a name)
[2m2026-09-21T07:26:04.680699Z[0m [32m INFO[0m [2mruffle_desktop::backends::ui::fontconfig[0m[2m:[0m Skipping font 'Noto Sans Mono CJK KR Bold' because it's not a TTF (it doesn't have a name)
[2m2026-09-21T07:26:04.680703Z[0m [32m INFO[0m [2mruffle_desktop::backends::ui::fontconfig[0m[2m:[0m Skipping font 'Noto Sans Mono CJK SC Bold' because it's not a TTF (it doesn't have a name)
[2m2026-09-21T07:26:04.680707Z[0m [32m INFO[0m [2mruffle_desktop::backends::ui::fontconfig[0m[2m:[0m Skipping font 'Noto Sans Mono CJK TC Bold' because it's not a TTF (it doesn't have a name)
[2m2026-09-21T07:26:04.680711Z[0m [32m INFO[0m [2mruffle_desktop::backends::ui::fontconfig[0m[2m:[0m Skipping font 'Noto Sans Mono CJK HK Bold' because it's not a TTF (it doesn't have a name)
[2m2026-09-21T07:26:04.680715Z[0m [32m INFO[0m [2mruffle_desktop::backends::ui::fontconfig[0m[2m:[0m Skipping font 'Noto Serif CJK JP Bold' because it's not a TTF (it doesn't have a name)
[2m2026-09-21T07:26:04.680719Z[0m [32m INFO[0m [2mruffle_desktop::backends::ui::fontconfig[0m[2m:[0m Skipping font 'Noto Serif CJK KR Bold' because it's not a TTF (it doesn't have a name)
[2m2026-09-21T07:26:04.680723Z[0m [32m INFO[0m [2mruffle_desktop::backends::ui::fontconfig[0m[2m:[0m Skipping font 'Noto Serif CJK SC Bold' because it's not a TTF (it doesn't have a name)
[2m2026-09-21T07:26:04.680726Z[0m [32m INFO[0m [2mruffle_desktop::backends::ui::fontconfig[0m[2m:[0m Skipping font 'Noto Serif CJK TC Bold' because it's not a TTF (it doesn't have a name)
[2m2026-09-21T07:26:04.680730Z[0m [32m INFO[0m [2mruffle_desktop::backends::ui::fontconfig[0m[2m:[0m Skipping font 'Noto Serif CJK HK Bold' because it's not a TTF (it doesn't have a name)
[2m2026-09-21T07:26:04.680735Z[0m [32m INFO[0m [2mruffle_desktop::backends::ui::fontconfig[0m[2m:[0m Skipping font 'NimbusMonoPS-Bold' because it's not a TTF (it doesn't have a name)
[2m2026-09-21T07:26:04.680738Z[0m [32m INFO[0m [2mruffle_desktop::backends::ui::fontconfig[0m[2m:[0m Skipping font 'NimbusSans-Bold' because it's not a TTF (it doesn't have a name)
[2m2026-09-21T07:26:04.680742Z[0m [32m INFO[0m [2mruffle_desktop::backends::ui::fontconfig[0m[2m:[0m Skipping font 'Nimbus Mono PS Bold' because it's not a TTF (it doesn't have a name)
[2m2026-09-21T07:26:04.680747Z[0m [32m INFO[0m [2mruffle_desktop::backends::ui::fontconfig[0m[2m:[0m Skipping font 'Nimbus Sans Bold' because it's not a TTF (it doesn't have a name)
[2m2026-09-21T07:26:04.680751Z[0m [32m INFO[0m [2mruffle_desktop::backends::ui::fontconfig[0m[2m:[0m Skipping font 'Nimbus Sans Narrow Bold' because it's not a TTF (it doesn't have a name)
[2m2026-09-21T07:26:04.680755Z[0m [32m INFO[0m [2mruffle_desktop::backends::ui::fontconfig[0m[2m:[0m Skipping font 'Nimbus Mono PS Bold' because it's not a TTF (it doesn't have a name)
[2m2026-09-21T07:26:04.680759Z[0m [32m INFO[0m [2mruffle_desktop::backends::ui::fontconfig[0m[2m:[0m Skipping font 'Nimbus Sans Bold' because it's not a TTF (it doesn't have a name)
[2m2026-09-21T07:26:04.680763Z[0m [32m INFO[0m [2mruffle_desktop::backends::ui::fontconfig[0m[2m:[0m Skipping font 'Nimbus Sans Narrow Bold' because it's not a TTF (it doesn't have a name)
[2m2026-09-21T07:26:04.680851Z[0m [32m INFO[0m [2mruffle_desktop::backends::ui::fontconfig[0m[2m:[0m Skipping font 'NimbusSansNarrow-Bold' because it's not a TTF (it doesn't have a name)
[2m2026-09-21T07:26:04.681146Z[0m [32m INFO[0m [2mruffle_desktop::backends::ui::fontconfig[0m[2m:[0m Skipping font 'NimbusSans-Italic' because it's not a TTF (it doesn't have a name)
[2m2026-09-21T07:26:04.681160Z[0m [32m INFO[0m [2mruffle_desktop::backends::ui::fontconfig[0m[2m:[0m Skipping font 'NimbusMonoPS-Italic' because it's not a TTF (it doesn't have a name)
[2m2026-09-21T07:26:04.681164Z[0m [32m INFO[0m [2mruffle_desktop::backends::ui::fontconfig[0m[2m:[0m Skipping font 'Nimbus Mono PS Italic' because it's not a TTF (it doesn't have a name)
[2m2026-09-21T07:26:04.681168Z[0m [32m INFO[0m [2mruffle_desktop::backends::ui::fontconfig[0m[2m:[0m Skipping font 'Nimbus Sans Italic' because it's not a TTF (it doesn't have a name)
[2m2026-09-21T07:26:04.681173Z[0m [32m INFO[0m [2mruffle_desktop::backends::ui::fontconfig[0m[2m:[0m Skipping font 'Nimbus Mono PS Italic' because it's not a TTF (it doesn't have a name)
[2m2026-09-21T07:26:04.681177Z[0m [32m INFO[0m [2mruffle_desktop::backends::ui::fontconfig[0m[2m:[0m Skipping font 'Nimbus Sans Italic' because it's not a TTF (it doesn't have a name)
[2m2026-09-21T07:26:04.681239Z[0m [32m INFO[0m [2mruffle_desktop::backends::ui::fontconfig[0m[2m:[0m Skipping font 'Z003-MediumItalic' because it's not a TTF (it doesn't have a name)
[2m2026-09-21T07:26:04.681251Z[0m [32m INFO[0m [2mruffle_desktop::backends::ui::fontconfig[0m[2m:[0m Skipping font 'Z003 Medium Italic' because it's not a TTF (it doesn't have a name)
[2m2026-09-21T07:26:04.681256Z[0m [32m INFO[0m [2mruffle_desktop::backends::ui::fontconfig[0m[2m:[0m Skipping font 'Z003 Medium Italic' because it's not a TTF (it doesn't have a name)
[2m2026-09-21T07:26:04.681642Z[0m [32m INFO[0m [2mruffle_desktop::backends::ui::fontconfig[0m[2m:[0m Skipping font 'NimbusSans-BoldItalic' because it's not a TTF (it doesn't have a name)
[2m2026-09-21T07:26:04.681656Z[0m [32m INFO[0m [2mruffle_desktop::backends::ui::fontconfig[0m[2m:[0m Skipping font 'NimbusMonoPS-BoldItalic' because it's not a TTF (it doesn't have a name)
[2m2026-09-21T07:26:04.681660Z[0m [32m INFO[0m [2mruffle_desktop::backends::ui::fontconfig[0m[2m:[0m Skipping font 'Nimbus Mono PS Bold Italic' because it's not a TTF (it doesn't have a name)
[2m2026-09-21T07:26:04.681665Z[0m [32m INFO[0m [2mruffle_desktop::backends::ui::fontconfig[0m[2m:[0m Skipping font 'Nimbus Sans Bold Italic' because it's not a TTF (it doesn't have a name)
[2m2026-09-21T07:26:04.681670Z[0m [32m INFO[0m [2mruffle_desktop::backends::ui::fontconfig[0m[2m:[0m Skipping font 'Nimbus Mono PS Bold Italic' because it's not a TTF (it doesn't have a name)
[2m2026-09-21T07:26:04.681674Z[0m [32m INFO[0m [2mruffle_desktop::backends::ui::fontconfig[0m[2m:[0m Skipping font 'Nimbus Sans Bold Italic' because it's not a TTF (it doesn't have a name)
[2m2026-09-21T07:26:04.681888Z[0m [32m INFO[0m [2mruffle_desktop::backends::ui::fontconfig[0m[2m:[0m Skipping font 'URWGothic-BookOblique' because it's not a TTF (it doesn't have a name)
[2m2026-09-21T07:26:04.681902Z[0m [32m INFO[0m [2mruffle_desktop::backends::ui::fontconfig[0m[2m:[0m Skipping font 'Nimbus Sans Narrow Oblique' because it's not a TTF (it doesn't have a name)
[2m2026-09-21T07:26:04.681906Z[0m [32m INFO[0m [2mruffle_desktop::backends::ui::fontconfig[0m[2m:[0m Skipping font 'Nimbus Sans Narrow Oblique' because it's not a TTF (it doesn't have a name)
[2m2026-09-21T07:26:04.681987Z[0m [32m INFO[0m [2mruffle_desktop::backends::ui::fontconfig[0m[2m:[0m Skipping font 'NimbusSansNarrow-Oblique' because it's not a TTF (it doesn't have a name)
[2m2026-09-21T07:26:04.681999Z[0m [32m INFO[0m [2mruffle_desktop::backends::ui::fontconfig[0m[2m:[0m Skipping font 'URW Gothic Book Oblique' because it's not a TTF (it doesn't have a name)
[2m2026-09-21T07:26:04.682004Z[0m [32m INFO[0m [2mruffle_desktop::backends::ui::fontconfig[0m[2m:[0m Skipping font 'URW Gothic Book Oblique' because it's not a TTF (it doesn't have a name)
[2m2026-09-21T07:26:04.682008Z[0m [32m INFO[0m [2mruffle_desktop::backends::ui::fontconfig[0m[2m:[0m Skipping font 'URWGothic-DemiOblique' because it's not a TTF (it doesn't have a name)
[2m2026-09-21T07:26:04.682012Z[0m [32m INFO[0m [2mruffle_desktop::backends::ui::fontconfig[0m[2m:[0m Skipping font 'URW Gothic Demi Oblique' because it's not a TTF (it doesn't have a name)
[2m2026-09-21T07:26:04.682016Z[0m [32m INFO[0m [2mruffle_desktop::backends::ui::fontconfig[0m[2m:[0m Skipping font 'URW Gothic Demi Oblique' because it's not a TTF (it doesn't have a name)
[2m2026-09-21T07:26:04.682135Z[0m [32m INFO[0m [2mruffle_desktop::backends::ui::fontconfig[0m[2m:[0m Skipping font 'Nimbus Sans Narrow Bold Oblique' because it's not a TTF (it doesn't have a name)
[2m2026-09-21T07:26:04.682147Z[0m [32m INFO[0m [2mruffle_desktop::backends::ui::fontconfig[0m[2m:[0m Skipping font 'Nimbus Sans Narrow Bold Oblique' because it's not a TTF (it doesn't have a name)
[2m2026-09-21T07:26:04.682222Z[0m [32m INFO[0m [2mruffle_desktop::backends::ui::fontconfig[0m[2m:[0m Skipping font 'NimbusSansNarrow-BoldOblique' because it's not a TTF (it doesn't have a name)
[2m2026-09-21T07:26:04.730065Z[0m [33m WARN[0m [2mruffle_core::stub[0m[2m:[0m Encountered stub: AVM2 flash.utils.Dictionary constructor with weak keys
[2m2026-09-21T07:26:04.791418Z[0m [32m INFO[0m [2mavm_trace[0m[2m:[0m onLoaded1 [object ResourceInfo]
[2m2026-09-21T07:26:04.791525Z[0m [32m INFO[0m [2mavm_trace[0m[2m:[0m onLoaded res/UI/BaseUI.swf?0.9292058544233441
[2m2026-09-21T07:26:04.791581Z[0m [32m INFO[0m [2mavm_trace[0m[2m:[0m loadCompleteHandler res/UI/BaseUI.swf?0.9292058544233441
[2m2026-09-21T07:26:04.793138Z[0m [32m INFO[0m [2mavm_trace[0m[2m:[0m onLoaded1 [object ResourceInfo]
[2m2026-09-21T07:26:04.793170Z[0m [32m INFO[0m [2mavm_trace[0m[2m:[0m onLoaded config/System.xml
[2m2026-09-21T07:26:04.793180Z[0m [32m INFO[0m [2mavm_trace[0m[2m:[0m loadCompleteHandler config/System.xml
[2m2026-09-21T07:26:04.793441Z[0m [32m INFO[0m [2mavm_trace[0m[2m:[0m onLoaded1 [object ResourceInfo]
[2m2026-09-21T07:26:04.793465Z[0m [32m INFO[0m [2mavm_trace[0m[2m:[0m onLoaded config/IP.xml
[2m2026-09-21T07:26:04.793473Z[0m [32m INFO[0m [2mavm_trace[0m[2m:[0m loadCompleteHandler config/IP.xml
[2m2026-09-21T07:26:04.793609Z[0m [32m INFO[0m [2mavm_trace[0m[2m:[0m 开始加载DLL配置文件。
[2m2026-09-21T07:26:04.793849Z[0m [32m INFO[0m [2mavm_trace[0m[2m:[0m onLoaded1 [object ResourceInfo]
[2m2026-09-21T07:26:04.793869Z[0m [32m INFO[0m [2mavm_trace[0m[2m:[0m onLoaded config/dll.xml
[2m2026-09-21T07:26:04.793878Z[0m [32m INFO[0m [2mavm_trace[0m[2m:[0m loadCompleteHandler config/dll.xml
[2m2026-09-21T07:26:04.793932Z[0m [32m INFO[0m [2mavm_trace[0m[2m:[0m DLL配置文件加载成功。
[2m2026-09-21T07:26:04.794037Z[0m [32m INFO[0m [2mavm_trace[0m[2m:[0m 开始加载登录面板： login/Login.swf
[2m2026-09-21T07:26:04.802514Z[0m [32m INFO[0m [2mruffle_desktop::backends::ui::fontconfig[0m[2m:[0m Skipping font 'NimbusSans-Regular' because it's not a TTF (it doesn't have a name)
[2m2026-09-21T07:26:04.802533Z[0m [32m INFO[0m [2mruffle_desktop::backends::ui::fontconfig[0m[2m:[0m Skipping font 'Nimbus Sans Regular' because it's not a TTF (it doesn't have a name)
[2m2026-09-21T07:26:04.802541Z[0m [32m INFO[0m [2mruffle_desktop::backends::ui::fontconfig[0m[2m:[0m Skipping font 'Nimbus Sans Regular' because it's not a TTF (it doesn't have a name)
[2m2026-09-21T07:26:04.802545Z[0m [32m INFO[0m [2mruffle_desktop::backends::ui::fontconfig[0m[2m:[0m Skipping font 'NimbusSans-Bold' because it's not a TTF (it doesn't have a name)
[2m2026-09-21T07:26:04.802550Z[0m [32m INFO[0m [2mruffle_desktop::backends::ui::fontconfig[0m[2m:[0m Skipping font 'Nimbus Sans Bold' because it's not a TTF (it doesn't have a name)
[2m2026-09-21T07:26:04.802554Z[0m [32m INFO[0m [2mruffle_desktop::backends::ui::fontconfig[0m[2m:[0m Skipping font 'Nimbus Sans Bold' because it's not a TTF (it doesn't have a name)
[2m2026-09-21T07:26:04.802558Z[0m [32m INFO[0m [2mruffle_desktop::backends::ui::fontconfig[0m[2m:[0m Skipping font 'NimbusSans-Italic' because it's not a TTF (it doesn't have a name)
[2m2026-09-21T07:26:04.802562Z[0m [32m INFO[0m [2mruffle_desktop::backends::ui::fontconfig[0m[2m:[0m Skipping font 'Nimbus Sans Italic' because it's not a TTF (it doesn't have a name)
[2m2026-09-21T07:26:04.802566Z[0m [32m INFO[0m [2mruffle_desktop::backends::ui::fontconfig[0m[2m:[0m Skipping font 'Nimbus Sans Italic' because it's not a TTF (it doesn't have a name)
[2m2026-09-21T07:26:04.802570Z[0m [32m INFO[0m [2mruffle_desktop::backends::ui::fontconfig[0m[2m:[0m Skipping font 'NimbusSans-BoldItalic' because it's not a TTF (it doesn't have a name)
[2m2026-09-21T07:26:04.802574Z[0m [32m INFO[0m [2mruffle_desktop::backends::ui::fontconfig[0m[2m:[0m Skipping font 'Nimbus Sans Bold Italic' because it's not a TTF (it doesn't have a name)
[2m2026-09-21T07:26:04.802578Z[0m [32m INFO[0m [2mruffle_desktop::backends::ui::fontconfig[0m[2m:[0m Skipping font 'Nimbus Sans Bold Italic' because it's not a TTF (it doesn't have a name)
[2m2026-09-21T07:26:04.802582Z[0m [32m INFO[0m [2mruffle_desktop::backends::ui::fontconfig[0m[2m:[0m Skipping font 'URWGothic-Book' because it's not a TTF (it doesn't have a name)
[2m2026-09-21T07:26:04.802586Z[0m [32m INFO[0m [2mruffle_desktop::backends::ui::fontconfig[0m[2m:[0m Skipping font 'URW Gothic Book' because it's not a TTF (it doesn't have a name)
[2m2026-09-21T07:26:04.802589Z[0m [32m INFO[0m [2mruffle_desktop::backends::ui::fontconfig[0m[2m:[0m Skipping font 'URW Gothic Book' because it's not a TTF (it doesn't have a name)
[2m2026-09-21T07:26:04.802595Z[0m [32m INFO[0m [2mruffle_desktop::backends::ui::fontconfig[0m[2m:[0m Skipping font 'URWGothic-Demi' because it's not a TTF (it doesn't have a name)
[2m2026-09-21T07:26:04.802598Z[0m [32m INFO[0m [2mruffle_desktop::backends::ui::fontconfig[0m[2m:[0m Skipping font 'URW Gothic Demi' because it's not a TTF (it doesn't have a name)
[2m2026-09-21T07:26:04.802602Z[0m [32m INFO[0m [2mruffle_desktop::backends::ui::fontconfig[0m[2m:[0m Skipping font 'URW Gothic Demi' because it's not a TTF (it doesn't have a name)
[2m2026-09-21T07:26:04.802606Z[0m [32m INFO[0m [2mruffle_desktop::backends::ui::fontconfig[0m[2m:[0m Skipping font 'URWGothic-BookOblique' because it's not a TTF (it doesn't have a name)
[2m2026-09-21T07:26:04.802610Z[0m [32m INFO[0m [2mruffle_desktop::backends::ui::fontconfig[0m[2m:[0m Skipping font 'URW Gothic Book Oblique' because it's not a TTF (it doesn't have a name)
[2m2026-09-21T07:26:04.802614Z[0m [32m INFO[0m [2mruffle_desktop::backends::ui::fontconfig[0m[2m:[0m Skipping font 'URW Gothic Book Oblique' because it's not a TTF (it doesn't have a name)
[2m2026-09-21T07:26:04.802617Z[0m [32m INFO[0m [2mruffle_desktop::backends::ui::fontconfig[0m[2m:[0m Skipping font 'URWGothic-DemiOblique' because it's not a TTF (it doesn't have a name)
[2m2026-09-21T07:26:04.802621Z[0m [32m INFO[0m [2mruffle_desktop::backends::ui::fontconfig[0m[2m:[0m Skipping font 'URW Gothic Demi Oblique' because it's not a TTF (it doesn't have a name)
[2m2026-09-21T07:26:04.802625Z[0m [32m INFO[0m [2mruffle_desktop::backends::ui::fontconfig[0m[2m:[0m Skipping font 'URW Gothic Demi Oblique' because it's not a TTF (it doesn't have a name)
[2m2026-09-21T07:26:04.802629Z[0m [32m INFO[0m [2mruffle_desktop::backends::ui::fontconfig[0m[2m:[0m Skipping font 'Nimbus Sans Narrow Regular' because it's not a TTF (it doesn't have a name)
[2m2026-09-21T07:26:04.802632Z[0m [32m INFO[0m [2mruffle_desktop::backends::ui::fontconfig[0m[2m:[0m Skipping font 'Nimbus Sans Narrow Regular' because it's not a TTF (it doesn't have a name)
[2m2026-09-21T07:26:04.802636Z[0m [32m INFO[0m [2mruffle_desktop::backends::ui::fontconfig[0m[2m:[0m Skipping font 'NimbusSansNarrow-Regular' because it's not a TTF (it doesn't have a name)
[2m2026-09-21T07:26:04.802640Z[0m [32m INFO[0m [2mruffle_desktop::backends::ui::fontconfig[0m[2m:[0m Skipping font 'Nimbus Sans Narrow Bold' because it's not a TTF (it doesn't have a name)
[2m2026-09-21T07:26:04.802644Z[0m [32m INFO[0m [2mruffle_desktop::backends::ui::fontconfig[0m[2m:[0m Skipping font 'Nimbus Sans Narrow Bold' because it's not a TTF (it doesn't have a name)
[2m2026-09-21T07:26:04.802648Z[0m [32m INFO[0m [2mruffle_desktop::backends::ui::fontconfig[0m[2m:[0m Skipping font 'NimbusSansNarrow-Bold' because it's not a TTF (it doesn't have a name)
[2m2026-09-21T07:26:04.802652Z[0m [32m INFO[0m [2mruffle_desktop::backends::ui::fontconfig[0m[2m:[0m Skipping font 'Nimbus Sans Narrow Oblique' because it's not a TTF (it doesn't have a name)
[2m2026-09-21T07:26:04.802655Z[0m [32m INFO[0m [2mruffle_desktop::backends::ui::fontconfig[0m[2m:[0m Skipping font 'Nimbus Sans Narrow Oblique' because it's not a TTF (it doesn't have a name)
[2m2026-09-21T07:26:04.802659Z[0m [32m INFO[0m [2mruffle_desktop::backends::ui::fontconfig[0m[2m:[0m Skipping font 'NimbusSansNarrow-Oblique' because it's not a TTF (it doesn't have a name)
[2m2026-09-21T07:26:04.802664Z[0m [32m INFO[0m [2mruffle_desktop::backends::ui::fontconfig[0m[2m:[0m Skipping font 'Nimbus Sans Narrow Bold Oblique' because it's not a TTF (it doesn't have a name)
[2m2026-09-21T07:26:04.802668Z[0m [32m INFO[0m [2mruffle_desktop::backends::ui::fontconfig[0m[2m:[0m Skipping font 'Nimbus Sans Narrow Bold Oblique' because it's not a TTF (it doesn't have a name)
[2m2026-09-21T07:26:04.802672Z[0m [32m INFO[0m [2mruffle_desktop::backends::ui::fontconfig[0m[2m:[0m Skipping font 'NimbusSansNarrow-BoldOblique' because it's not a TTF (it doesn't have a name)
[2m2026-09-21T07:26:04.803581Z[0m [32m INFO[0m [2mruffle_desktop::backends::ui::fontconfig[0m[2m:[0m Skipping font 'Noto Sans CJK JP' because it's not a TTF (it doesn't have a name)
[2m2026-09-21T07:26:04.803596Z[0m [32m INFO[0m [2mruffle_desktop::backends::ui::fontconfig[0m[2m:[0m Skipping font 'Noto Sans CJK KR' because it's not a TTF (it doesn't have a name)
[2m2026-09-21T07:26:04.803601Z[0m [32m INFO[0m [2mruffle_desktop::backends::ui::fontconfig[0m[2m:[0m Skipping font 'Noto Sans CJK SC' because it's not a TTF (it doesn't have a name)
[2m2026-09-21T07:26:04.803606Z[0m [32m INFO[0m [2mruffle_desktop::backends::ui::fontconfig[0m[2m:[0m Skipping font 'Noto Sans CJK TC' because it's not a TTF (it doesn't have a name)
[2m2026-09-21T07:26:04.803610Z[0m [32m INFO[0m [2mruffle_desktop::backends::ui::fontconfig[0m[2m:[0m Skipping font 'Noto Sans CJK HK' because it's not a TTF (it doesn't have a name)
[2m2026-09-21T07:26:04.803615Z[0m [32m INFO[0m [2mruffle_desktop::backends::ui::fontconfig[0m[2m:[0m Skipping font 'Noto Sans Mono CJK JP' because it's not a TTF (it doesn't have a name)
[2m2026-09-21T07:26:04.803620Z[0m [32m INFO[0m [2mruffle_desktop::backends::ui::fontconfig[0m[2m:[0m Skipping font 'Noto Sans Mono CJK KR' because it's not a TTF (it doesn't have a name)
[2m2026-09-21T07:26:04.803624Z[0m [32m INFO[0m [2mruffle_desktop::backends::ui::fontconfig[0m[2m:[0m Skipping font 'Noto Sans Mono CJK SC' because it's not a TTF (it doesn't have a name)
[2m2026-09-21T07:26:04.803628Z[0m [32m INFO[0m [2mruffle_desktop::backends::ui::fontconfig[0m[2m:[0m Skipping font 'Noto Sans Mono CJK TC' because it's not a TTF (it doesn't have a name)
[2m2026-09-21T07:26:04.803631Z[0m [32m INFO[0m [2mruffle_desktop::backends::ui::fontconfig[0m[2m:[0m Skipping font 'Noto Sans Mono CJK HK' because it's not a TTF (it doesn't have a name)
[2m2026-09-21T07:26:04.803635Z[0m [32m INFO[0m [2mruffle_desktop::backends::ui::fontconfig[0m[2m:[0m Skipping font 'Noto Serif CJK JP' because it's not a TTF (it doesn't have a name)
[2m2026-09-21T07:26:04.803639Z[0m [32m INFO[0m [2mruffle_desktop::backends::ui::fontconfig[0m[2m:[0m Skipping font 'Noto Serif CJK KR' because it's not a TTF (it doesn't have a name)
[2m2026-09-21T07:26:04.803643Z[0m [32m INFO[0m [2mruffle_desktop::backends::ui::fontconfig[0m[2m:[0m Skipping font 'Noto Serif CJK SC' because it's not a TTF (it doesn't have a name)
[2m2026-09-21T07:26:04.803646Z[0m [32m INFO[0m [2mruffle_desktop::backends::ui::fontconfig[0m[2m:[0m Skipping font 'Noto Serif CJK TC' because it's not a TTF (it doesn't have a name)
[2m2026-09-21T07:26:04.803650Z[0m [32m INFO[0m [2mruffle_desktop::backends::ui::fontconfig[0m[2m:[0m Skipping font 'Noto Serif CJK HK' because it's not a TTF (it doesn't have a name)
[2m2026-09-21T07:26:04.803654Z[0m [32m INFO[0m [2mruffle_desktop::backends::ui::fontconfig[0m[2m:[0m Skipping font 'D050000L' because it's not a TTF (it doesn't have a name)
[2m2026-09-21T07:26:04.803658Z[0m [32m INFO[0m [2mruffle_desktop::backends::ui::fontconfig[0m[2m:[0m Skipping font 'Standard Symbols PS' because it's not a TTF (it doesn't have a name)
[2m2026-09-21T07:26:04.803662Z[0m [32m INFO[0m [2mruffle_desktop::backends::ui::fontconfig[0m[2m:[0m Skipping font 'C059-Roman' because it's not a TTF (it doesn't have a name)
[2m2026-09-21T07:26:04.803665Z[0m [32m INFO[0m [2mruffle_desktop::backends::ui::fontconfig[0m[2m:[0m Skipping font 'NimbusMonoPS-Regular' because it's not a TTF (it doesn't have a name)
[2m2026-09-21T07:26:04.803669Z[0m [32m INFO[0m [2mruffle_desktop::backends::ui::fontconfig[0m[2m:[0m Skipping font 'NimbusRoman-Regular' because it's not a TTF (it doesn't have a name)
[2m2026-09-21T07:26:04.803673Z[0m [32m INFO[0m [2mruffle_desktop::backends::ui::fontconfig[0m[2m:[0m Skipping font 'P052-Roman' because it's not a TTF (it doesn't have a name)
[2m2026-09-21T07:26:04.803701Z[0m [32m INFO[0m [2mruffle_desktop::backends::ui::fontconfig[0m[2m:[0m Skipping font 'Nimbus Mono PS Regular' because it's not a TTF (it doesn't have a name)
[2m2026-09-21T07:26:04.803712Z[0m [32m INFO[0m [2mruffle_desktop::backends::ui::fontconfig[0m[2m:[0m Skipping font 'Nimbus Roman Regular' because it's not a TTF (it doesn't have a name)
[2m2026-09-21T07:26:04.803716Z[0m [32m INFO[0m [2mruffle_desktop::backends::ui::fontconfig[0m[2m:[0m Skipping font 'Nimbus Mono PS Regular' because it's not a TTF (it doesn't have a name)
[2m2026-09-21T07:26:04.803721Z[0m [32m INFO[0m [2mruffle_desktop::backends::ui::fontconfig[0m[2m:[0m Skipping font 'Nimbus Roman Regular' because it's not a TTF (it doesn't have a name)
[2m2026-09-21T07:26:04.803726Z[0m [32m INFO[0m [2mruffle_desktop::backends::ui::fontconfig[0m[2m:[0m Skipping font 'D050000L Regular' because it's not a TTF (it doesn't have a name)
[2m2026-09-21T07:26:04.803730Z[0m [32m INFO[0m [2mruffle_desktop::backends::ui::fontconfig[0m[2m:[0m Skipping font 'Standard Symbols PS Regular' because it's not a TTF (it doesn't have a name)
[2m2026-09-21T07:26:04.803734Z[0m [32m INFO[0m [2mruffle_desktop::backends::ui::fontconfig[0m[2m:[0m Skipping font 'D050000L Regular' because it's not a TTF (it doesn't have a name)
[2m2026-09-21T07:26:04.803738Z[0m [32m INFO[0m [2mruffle_desktop::backends::ui::fontconfig[0m[2m:[0m Skipping font 'Standard Symbols PS Regular' because it's not a TTF (it doesn't have a name)
[2m2026-09-21T07:26:04.803851Z[0m [32m INFO[0m [2mruffle_desktop::backends::ui::fontconfig[0m[2m:[0m Skipping font 'C059 Roman' because it's not a TTF (it doesn't have a name)
[2m2026-09-21T07:26:04.803863Z[0m [32m INFO[0m [2mruffle_desktop::backends::ui::fontconfig[0m[2m:[0m Skipping font 'P052 Roman' because it's not a TTF (it doesn't have a name)
[2m2026-09-21T07:26:04.803867Z[0m [32m INFO[0m [2mruffle_desktop::backends::ui::fontconfig[0m[2m:[0m Skipping font 'C059 Roman' because it's not a TTF (it doesn't have a name)
[2m2026-09-21T07:26:04.803872Z[0m [32m INFO[0m [2mruffle_desktop::backends::ui::fontconfig[0m[2m:[0m Skipping font 'P052 Roman' because it's not a TTF (it doesn't have a name)
[2m2026-09-21T07:26:04.803931Z[0m [32m INFO[0m [2mruffle_desktop::backends::ui::fontconfig[0m[2m:[0m Skipping font 'URWBookman-Light' because it's not a TTF (it doesn't have a name)
[2m2026-09-21T07:26:04.803943Z[0m [32m INFO[0m [2mruffle_desktop::backends::ui::fontconfig[0m[2m:[0m Skipping font 'URW Bookman Light' because it's not a TTF (it doesn't have a name)
[2m2026-09-21T07:26:04.803947Z[0m [32m INFO[0m [2mruffle_desktop::backends::ui::fontconfig[0m[2m:[0m Skipping font 'URW Bookman Light' because it's not a TTF (it doesn't have a name)
[2m2026-09-21T07:26:04.804099Z[0m [32m INFO[0m [2mruffle_desktop::backends::ui::fontconfig[0m[2m:[0m Skipping font 'URWBookman-Demi' because it's not a TTF (it doesn't have a name)
[2m2026-09-21T07:26:04.804112Z[0m [32m INFO[0m [2mruffle_desktop::backends::ui::fontconfig[0m[2m:[0m Skipping font 'URW Bookman Demi' because it's not a TTF (it doesn't have a name)
[2m2026-09-21T07:26:04.804116Z[0m [32m INFO[0m [2mruffle_desktop::backends::ui::fontconfig[0m[2m:[0m Skipping font 'URW Bookman Demi' because it's not a TTF (it doesn't have a name)
[2m2026-09-21T07:26:04.804448Z[0m [32m INFO[0m [2mruffle_desktop::backends::ui::fontconfig[0m[2m:[0m Skipping font 'Noto Sans CJK JP Bold' because it's not a TTF (it doesn't have a name)
[2m2026-09-21T07:26:04.804461Z[0m [32m INFO[0m [2mruffle_desktop::backends::ui::fontconfig[0m[2m:[0m Skipping font 'Noto Sans CJK KR Bold' because it's not a TTF (it doesn't have a name)
[2m2026-09-21T07:26:04.804465Z[0m [32m INFO[0m [2mruffle_desktop::backends::ui::fontconfig[0m[2m:[0m Skipping font 'Noto Sans CJK SC Bold' because it's not a TTF (it doesn't have a name)
[2m2026-09-21T07:26:04.804470Z[0m [32m INFO[0m [2mruffle_desktop::backends::ui::fontconfig[0m[2m:[0m Skipping font 'Noto Sans CJK TC Bold' because it's not a TTF (it doesn't have a name)
[2m2026-09-21T07:26:04.804474Z[0m [32m INFO[0m [2mruffle_desktop::backends::ui::fontconfig[0m[2m:[0m Skipping font 'Noto Sans CJK HK Bold' because it's not a TTF (it doesn't have a name)
[2m2026-09-21T07:26:04.804478Z[0m [32m INFO[0m [2mruffle_desktop::backends::ui::fontconfig[0m[2m:[0m Skipping font 'Noto Sans Mono CJK JP Bold' because it's not a TTF (it doesn't have a name)
[2m2026-09-21T07:26:04.804482Z[0m [32m INFO[0m [2mruffle_desktop::backends::ui::fontconfig[0m[2m:[0m Skipping font 'Noto Sans Mono CJK KR Bold' because it's not a TTF (it doesn't have a name)
[2m2026-09-21T07:26:04.804486Z[0m [32m INFO[0m [2mruffle_desktop::backends::ui::fontconfig[0m[2m:[0m Skipping font 'Noto Sans Mono CJK SC Bold' because it's not a TTF (it doesn't have a name)
[2m2026-09-21T07:26:04.804490Z[0m [32m INFO[0m [2mruffle_desktop::backends::ui::fontconfig[0m[2m:[0m Skipping font 'Noto Sans Mono CJK TC Bold' because it's not a TTF (it doesn't have a name)
[2m2026-09-21T07:26:04.804494Z[0m [32m INFO[0m [2mruffle_desktop::backends::ui::fontconfig[0m[2m:[0m Skipping font 'Noto Sans Mono CJK HK Bold' because it's not a TTF (it doesn't have a name)
[2m2026-09-21T07:26:04.804498Z[0m [32m INFO[0m [2mruffle_desktop::backends::ui::fontconfig[0m[2m:[0m Skipping font 'Noto Serif CJK JP Bold' because it's not a TTF (it doesn't have a name)
[2m2026-09-21T07:26:04.804514Z[0m [32m INFO[0m [2mruffle_desktop::backends::ui::fontconfig[0m[2m:[0m Skipping font 'Noto Serif CJK KR Bold' because it's not a TTF (it doesn't have a name)
[2m2026-09-21T07:26:04.804520Z[0m [32m INFO[0m [2mruffle_desktop::backends::ui::fontconfig[0m[2m:[0m Skipping font 'Noto Serif CJK SC Bold' because it's not a TTF (it doesn't have a name)
[2m2026-09-21T07:26:04.804524Z[0m [32m INFO[0m [2mruffle_desktop::backends::ui::fontconfig[0m[2m:[0m Skipping font 'Noto Serif CJK TC Bold' because it's not a TTF (it doesn't have a name)
[2m2026-09-21T07:26:04.804529Z[0m [32m INFO[0m [2mruffle_desktop::backends::ui::fontconfig[0m[2m:[0m Skipping font 'Noto Serif CJK HK Bold' because it's not a TTF (it doesn't have a name)
[2m2026-09-21T07:26:04.804533Z[0m [32m INFO[0m [2mruffle_desktop::backends::ui::fontconfig[0m[2m:[0m Skipping font 'C059-Bold' because it's not a TTF (it doesn't have a name)
[2m2026-09-21T07:26:04.804537Z[0m [32m INFO[0m [2mruffle_desktop::backends::ui::fontconfig[0m[2m:[0m Skipping font 'NimbusMonoPS-Bold' because it's not a TTF (it doesn't have a name)
[2m2026-09-21T07:26:04.804542Z[0m [32m INFO[0m [2mruffle_desktop::backends::ui::fontconfig[0m[2m:[0m Skipping font 'NimbusRoman-Bold' because it's not a TTF (it doesn't have a name)
[2m2026-09-21T07:26:04.804546Z[0m [32m INFO[0m [2mruffle_desktop::backends::ui::fontconfig[0m[2m:[0m Skipping font 'P052-Bold' because it's not a TTF (it doesn't have a name)
[2m2026-09-21T07:26:04.804549Z[0m [32m INFO[0m [2mruffle_desktop::backends::ui::fontconfig[0m[2m:[0m Skipping font 'C059 Bold' because it's not a TTF (it doesn't have a name)
[2m2026-09-21T07:26:04.804553Z[0m [32m INFO[0m [2mruffle_desktop::backends::ui::fontconfig[0m[2m:[0m Skipping font 'Nimbus Mono PS Bold' because it's not a TTF (it doesn't have a name)
[2m2026-09-21T07:26:04.804558Z[0m [32m INFO[0m [2mruffle_desktop::backends::ui::fontconfig[0m[2m:[0m Skipping font 'Nimbus Roman Bold' because it's not a TTF (it doesn't have a name)
[2m2026-09-21T07:26:04.804561Z[0m [32m INFO[0m [2mruffle_desktop::backends::ui::fontconfig[0m[2m:[0m Skipping font 'P052 Bold' because it's not a TTF (it doesn't have a name)
[2m2026-09-21T07:26:04.804567Z[0m [32m INFO[0m [2mruffle_desktop::backends::ui::fontconfig[0m[2m:[0m Skipping font 'C059 Bold' because it's not a TTF (it doesn't have a name)
[2m2026-09-21T07:26:04.804571Z[0m [32m INFO[0m [2mruffle_desktop::backends::ui::fontconfig[0m[2m:[0m Skipping font 'Nimbus Mono PS Bold' because it's not a TTF (it doesn't have a name)
[2m2026-09-21T07:26:04.804575Z[0m [32m INFO[0m [2mruffle_desktop::backends::ui::fontconfig[0m[2m:[0m Skipping font 'Nimbus Roman Bold' because it's not a TTF (it doesn't have a name)
[2m2026-09-21T07:26:04.804578Z[0m [32m INFO[0m [2mruffle_desktop::backends::ui::fontconfig[0m[2m:[0m Skipping font 'P052 Bold' because it's not a TTF (it doesn't have a name)
[2m2026-09-21T07:26:04.804985Z[0m [32m INFO[0m [2mruffle_desktop::backends::ui::fontconfig[0m[2m:[0m Skipping font 'C059-Italic' because it's not a TTF (it doesn't have a name)
[2m2026-09-21T07:26:04.804999Z[0m [32m INFO[0m [2mruffle_desktop::backends::ui::fontconfig[0m[2m:[0m Skipping font 'NimbusMonoPS-Italic' because it's not a TTF (it doesn't have a name)
[2m2026-09-21T07:26:04.805003Z[0m [32m INFO[0m [2mruffle_desktop::backends::ui::fontconfig[0m[2m:[0m Skipping font 'NimbusRoman-Italic' because it's not a TTF (it doesn't have a name)
[2m2026-09-21T07:26:04.805008Z[0m [32m INFO[0m [2mruffle_desktop::backends::ui::fontconfig[0m[2m:[0m Skipping font 'P052-Italic' because it's not a TTF (it doesn't have a name)
[2m2026-09-21T07:26:04.805012Z[0m [32m INFO[0m [2mruffle_desktop::backends::ui::fontconfig[0m[2m:[0m Skipping font 'Nimbus Mono PS Italic' because it's not a TTF (it doesn't have a name)
[2m2026-09-21T07:26:04.805016Z[0m [32m INFO[0m [2mruffle_desktop::backends::ui::fontconfig[0m[2m:[0m Skipping font 'Nimbus Roman Italic' because it's not a TTF (it doesn't have a name)
[2m2026-09-21T07:26:04.805022Z[0m [32m INFO[0m [2mruffle_desktop::backends::ui::fontconfig[0m[2m:[0m Skipping font 'P052 Italic' because it's not a TTF (it doesn't have a name)
[2m2026-09-21T07:26:04.805026Z[0m [32m INFO[0m [2mruffle_desktop::backends::ui::fontconfig[0m[2m:[0m Skipping font 'Nimbus Mono PS Italic' because it's not a TTF (it doesn't have a name)
[2m2026-09-21T07:26:04.805030Z[0m [32m INFO[0m [2mruffle_desktop::backends::ui::fontconfig[0m[2m:[0m Skipping font 'Nimbus Roman Italic' because it's not a TTF (it doesn't have a name)
[2m2026-09-21T07:26:04.805034Z[0m [32m INFO[0m [2mruffle_desktop::backends::ui::fontconfig[0m[2m:[0m Skipping font 'P052 Italic' because it's not a TTF (it doesn't have a name)
[2m2026-09-21T07:26:04.805148Z[0m [32m INFO[0m [2mruffle_desktop::backends::ui::fontconfig[0m[2m:[0m Skipping font 'Z003-MediumItalic' because it's not a TTF (it doesn't have a name)
[2m2026-09-21T07:26:04.805161Z[0m [32m INFO[0m [2mruffle_desktop::backends::ui::fontconfig[0m[2m:[0m Skipping font 'C059 Italic' because it's not a TTF (it doesn't have a name)
[2m2026-09-21T07:26:04.805166Z[0m [32m INFO[0m [2mruffle_desktop::backends::ui::fontconfig[0m[2m:[0m Skipping font 'Z003 Medium Italic' because it's not a TTF (it doesn't have a name)
[2m2026-09-21T07:26:04.805170Z[0m [32m INFO[0m [2mruffle_desktop::backends::ui::fontconfig[0m[2m:[0m Skipping font 'C059 Italic' because it's not a TTF (it doesn't have a name)
[2m2026-09-21T07:26:04.805176Z[0m [32m INFO[0m [2mruffle_desktop::backends::ui::fontconfig[0m[2m:[0m Skipping font 'Z003 Medium Italic' because it's not a TTF (it doesn't have a name)
[2m2026-09-21T07:26:04.805233Z[0m [32m INFO[0m [2mruffle_desktop::backends::ui::fontconfig[0m[2m:[0m Skipping font 'URWBookman-LightItalic' because it's not a TTF (it doesn't have a name)
[2m2026-09-21T07:26:04.805244Z[0m [32m INFO[0m [2mruffle_desktop::backends::ui::fontconfig[0m[2m:[0m Skipping font 'URW Bookman Light Italic' because it's not a TTF (it doesn't have a name)
[2m2026-09-21T07:26:04.805249Z[0m [32m INFO[0m [2mruffle_desktop::backends::ui::fontconfig[0m[2m:[0m Skipping font 'URW Bookman Light Italic' because it's not a TTF (it doesn't have a name)
[2m2026-09-21T07:26:04.805400Z[0m [32m INFO[0m [2mruffle_desktop::backends::ui::fontconfig[0m[2m:[0m Skipping font 'URWBookman-DemiItalic' because it's not a TTF (it doesn't have a name)
[2m2026-09-21T07:26:04.805412Z[0m [32m INFO[0m [2mruffle_desktop::backends::ui::fontconfig[0m[2m:[0m Skipping font 'URW Bookman Demi Italic' because it's not a TTF (it doesn't have a name)
[2m2026-09-21T07:26:04.805417Z[0m [32m INFO[0m [2mruffle_desktop::backends::ui::fontconfig[0m[2m:[0m Skipping font 'URW Bookman Demi Italic' because it's not a TTF (it doesn't have a name)
[2m2026-09-21T07:26:04.805668Z[0m [32m INFO[0m [2mruffle_desktop::backends::ui::fontconfig[0m[2m:[0m Skipping font 'C059-BdIta' because it's not a TTF (it doesn't have a name)
[2m2026-09-21T07:26:04.805680Z[0m [32m INFO[0m [2mruffle_desktop::backends::ui::fontconfig[0m[2m:[0m Skipping font 'NimbusMonoPS-BoldItalic' because it's not a TTF (it doesn't have a name)
[2m2026-09-21T07:26:04.805684Z[0m [32m INFO[0m [2mruffle_desktop::backends::ui::fontconfig[0m[2m:[0m Skipping font 'NimbusRoman-BoldItalic' because it's not a TTF (it doesn't have a name)
[2m2026-09-21T07:26:04.805689Z[0m [32m INFO[0m [2mruffle_desktop::backends::ui::fontconfig[0m[2m:[0m Skipping font 'P052-BoldItalic' because it's not a TTF (it doesn't have a name)
[2m2026-09-21T07:26:04.805693Z[0m [32m INFO[0m [2mruffle_desktop::backends::ui::fontconfig[0m[2m:[0m Skipping font 'C059 Bold Italic' because it's not a TTF (it doesn't have a name)
[2m2026-09-21T07:26:04.805697Z[0m [32m INFO[0m [2mruffle_desktop::backends::ui::fontconfig[0m[2m:[0m Skipping font 'Nimbus Mono PS Bold Italic' because it's not a TTF (it doesn't have a name)
[2m2026-09-21T07:26:04.805701Z[0m [32m INFO[0m [2mruffle_desktop::backends::ui::fontconfig[0m[2m:[0m Skipping font 'Nimbus Roman Bold Italic' because it's not a TTF (it doesn't have a name)
[2m2026-09-21T07:26:04.805705Z[0m [32m INFO[0m [2mruffle_desktop::backends::ui::fontconfig[0m[2m:[0m Skipping font 'P052 Bold Italic' because it's not a TTF (it doesn't have a name)
[2m2026-09-21T07:26:04.805709Z[0m [32m INFO[0m [2mruffle_desktop::backends::ui::fontconfig[0m[2m:[0m Skipping font 'C059 Bold Italic' because it's not a TTF (it doesn't have a name)
[2m2026-09-21T07:26:04.805713Z[0m [32m INFO[0m [2mruffle_desktop::backends::ui::fontconfig[0m[2m:[0m Skipping font 'Nimbus Mono PS Bold Italic' because it's not a TTF (it doesn't have a name)
[2m2026-09-21T07:26:04.805717Z[0m [32m INFO[0m [2mruffle_desktop::backends::ui::fontconfig[0m[2m:[0m Skipping font 'Nimbus Roman Bold Italic' because it's not a TTF (it doesn't have a name)
[2m2026-09-21T07:26:04.805721Z[0m [32m INFO[0m [2mruffle_desktop::backends::ui::fontconfig[0m[2m:[0m Skipping font 'P052 Bold Italic' because it's not a TTF (it doesn't have a name)
[2m2026-09-21T07:26:04.837772Z[0m [32m INFO[0m [2mruffle_desktop::backends::ui::fontconfig[0m[2m:[0m Skipping font 'NimbusSans-Bold' because it's not a TTF (it doesn't have a name)
[2m2026-09-21T07:26:04.837796Z[0m [32m INFO[0m [2mruffle_desktop::backends::ui::fontconfig[0m[2m:[0m Skipping font 'Nimbus Sans Bold' because it's not a TTF (it doesn't have a name)
[2m2026-09-21T07:26:04.837803Z[0m [32m INFO[0m [2mruffle_desktop::backends::ui::fontconfig[0m[2m:[0m Skipping font 'Nimbus Sans Bold' because it's not a TTF (it doesn't have a name)
[2m2026-09-21T07:26:04.837807Z[0m [32m INFO[0m [2mruffle_desktop::backends::ui::fontconfig[0m[2m:[0m Skipping font 'NimbusSans-Regular' because it's not a TTF (it doesn't have a name)
[2m2026-09-21T07:26:04.837811Z[0m [32m INFO[0m [2mruffle_desktop::backends::ui::fontconfig[0m[2m:[0m Skipping font 'Nimbus Sans Regular' because it's not a TTF (it doesn't have a name)
[2m2026-09-21T07:26:04.837815Z[0m [32m INFO[0m [2mruffle_desktop::backends::ui::fontconfig[0m[2m:[0m Skipping font 'Nimbus Sans Regular' because it's not a TTF (it doesn't have a name)
[2m2026-09-21T07:26:04.837818Z[0m [32m INFO[0m [2mruffle_desktop::backends::ui::fontconfig[0m[2m:[0m Skipping font 'NimbusSans-BoldItalic' because it's not a TTF (it doesn't have a name)
[2m2026-09-21T07:26:04.837821Z[0m [32m INFO[0m [2mruffle_desktop::backends::ui::fontconfig[0m[2m:[0m Skipping font 'Nimbus Sans Bold Italic' because it's not a TTF (it doesn't have a name)
[2m2026-09-21T07:26:04.837825Z[0m [32m INFO[0m [2mruffle_desktop::backends::ui::fontconfig[0m[2m:[0m Skipping font 'Nimbus Sans Bold Italic' because it's not a TTF (it doesn't have a name)
[2m2026-09-21T07:26:04.837829Z[0m [32m INFO[0m [2mruffle_desktop::backends::ui::fontconfig[0m[2m:[0m Skipping font 'NimbusSans-Italic' because it's not a TTF (it doesn't have a name)
[2m2026-09-21T07:26:04.837834Z[0m [32m INFO[0m [2mruffle_desktop::backends::ui::fontconfig[0m[2m:[0m Skipping font 'Nimbus Sans Italic' because it's not a TTF (it doesn't have a name)
[2m2026-09-21T07:26:04.837838Z[0m [32m INFO[0m [2mruffle_desktop::backends::ui::fontconfig[0m[2m:[0m Skipping font 'Nimbus Sans Italic' because it's not a TTF (it doesn't have a name)
[2m2026-09-21T07:26:04.837841Z[0m [32m INFO[0m [2mruffle_desktop::backends::ui::fontconfig[0m[2m:[0m Skipping font 'URWGothic-Demi' because it's not a TTF (it doesn't have a name)
[2m2026-09-21T07:26:04.837845Z[0m [32m INFO[0m [2mruffle_desktop::backends::ui::fontconfig[0m[2m:[0m Skipping font 'URW Gothic Demi' because it's not a TTF (it doesn't have a name)
[2m2026-09-21T07:26:04.837849Z[0m [32m INFO[0m [2mruffle_desktop::backends::ui::fontconfig[0m[2m:[0m Skipping font 'URW Gothic Demi' because it's not a TTF (it doesn't have a name)
[2m2026-09-21T07:26:04.837853Z[0m [32m INFO[0m [2mruffle_desktop::backends::ui::fontconfig[0m[2m:[0m Skipping font 'URWGothic-Book' because it's not a TTF (it doesn't have a name)
[2m2026-09-21T07:26:04.837857Z[0m [32m INFO[0m [2mruffle_desktop::backends::ui::fontconfig[0m[2m:[0m Skipping font 'URW Gothic Book' because it's not a TTF (it doesn't have a name)
[2m2026-09-21T07:26:04.837860Z[0m [32m INFO[0m [2mruffle_desktop::backends::ui::fontconfig[0m[2m:[0m Skipping font 'URW Gothic Book' because it's not a TTF (it doesn't have a name)
[2m2026-09-21T07:26:04.837864Z[0m [32m INFO[0m [2mruffle_desktop::backends::ui::fontconfig[0m[2m:[0m Skipping font 'URWGothic-DemiOblique' because it's not a TTF (it doesn't have a name)
[2m2026-09-21T07:26:04.837867Z[0m [32m INFO[0m [2mruffle_desktop::backends::ui::fontconfig[0m[2m:[0m Skipping font 'URW Gothic Demi Oblique' because it's not a TTF (it doesn't have a name)
[2m2026-09-21T07:26:04.837871Z[0m [32m INFO[0m [2mruffle_desktop::backends::ui::fontconfig[0m[2m:[0m Skipping font 'URW Gothic Demi Oblique' because it's not a TTF (it doesn't have a name)
[2m2026-09-21T07:26:04.837876Z[0m [32m INFO[0m [2mruffle_desktop::backends::ui::fontconfig[0m[2m:[0m Skipping font 'URWGothic-BookOblique' because it's not a TTF (it doesn't have a name)
[2m2026-09-21T07:26:04.837879Z[0m [32m INFO[0m [2mruffle_desktop::backends::ui::fontconfig[0m[2m:[0m Skipping font 'URW Gothic Book Oblique' because it's not a TTF (it doesn't have a name)
[2m2026-09-21T07:26:04.837883Z[0m [32m INFO[0m [2mruffle_desktop::backends::ui::fontconfig[0m[2m:[0m Skipping font 'URW Gothic Book Oblique' because it's not a TTF (it doesn't have a name)
[2m2026-09-21T07:26:04.837886Z[0m [32m INFO[0m [2mruffle_desktop::backends::ui::fontconfig[0m[2m:[0m Skipping font 'Nimbus Sans Narrow Bold' because it's not a TTF (it doesn't have a name)
[2m2026-09-21T07:26:04.837890Z[0m [32m INFO[0m [2mruffle_desktop::backends::ui::fontconfig[0m[2m:[0m Skipping font 'Nimbus Sans Narrow Bold' because it's not a TTF (it doesn't have a name)
[2m2026-09-21T07:26:04.837893Z[0m [32m INFO[0m [2mruffle_desktop::backends::ui::fontconfig[0m[2m:[0m Skipping font 'NimbusSansNarrow-Bold' because it's not a TTF (it doesn't have a name)
[2m2026-09-21T07:26:04.837897Z[0m [32m INFO[0m [2mruffle_desktop::backends::ui::fontconfig[0m[2m:[0m Skipping font 'Nimbus Sans Narrow Regular' because it's not a TTF (it doesn't have a name)
[2m2026-09-21T07:26:04.837901Z[0m [32m INFO[0m [2mruffle_desktop::backends::ui::fontconfig[0m[2m:[0m Skipping font 'Nimbus Sans Narrow Regular' because it's not a TTF (it doesn't have a name)
[2m2026-09-21T07:26:04.837905Z[0m [32m INFO[0m [2mruffle_desktop::backends::ui::fontconfig[0m[2m:[0m Skipping font 'NimbusSansNarrow-Regular' because it's not a TTF (it doesn't have a name)
[2m2026-09-21T07:26:04.837909Z[0m [32m INFO[0m [2mruffle_desktop::backends::ui::fontconfig[0m[2m:[0m Skipping font 'Nimbus Sans Narrow Bold Oblique' because it's not a TTF (it doesn't have a name)
[2m2026-09-21T07:26:04.837913Z[0m [32m INFO[0m [2mruffle_desktop::backends::ui::fontconfig[0m[2m:[0m Skipping font 'Nimbus Sans Narrow Bold Oblique' because it's not a TTF (it doesn't have a name)
[2m2026-09-21T07:26:04.837916Z[0m [32m INFO[0m [2mruffle_desktop::backends::ui::fontconfig[0m[2m:[0m Skipping font 'NimbusSansNarrow-BoldOblique' because it's not a TTF (it doesn't have a name)
[2m2026-09-21T07:26:04.837920Z[0m [32m INFO[0m [2mruffle_desktop::backends::ui::fontconfig[0m[2m:[0m Skipping font 'Nimbus Sans Narrow Oblique' because it's not a TTF (it doesn't have a name)
[2m2026-09-21T07:26:04.837923Z[0m [32m INFO[0m [2mruffle_desktop::backends::ui::fontconfig[0m[2m:[0m Skipping font 'Nimbus Sans Narrow Oblique' because it's not a TTF (it doesn't have a name)
[2m2026-09-21T07:26:04.837927Z[0m [32m INFO[0m [2mruffle_desktop::backends::ui::fontconfig[0m[2m:[0m Skipping font 'NimbusSansNarrow-Oblique' because it's not a TTF (it doesn't have a name)
[2m2026-09-21T07:26:04.838797Z[0m [32m INFO[0m [2mruffle_desktop::backends::ui::fontconfig[0m[2m:[0m Skipping font 'Noto Sans CJK JP Bold' because it's not a TTF (it doesn't have a name)
[2m2026-09-21T07:26:04.838812Z[0m [32m INFO[0m [2mruffle_desktop::backends::ui::fontconfig[0m[2m:[0m Skipping font 'Noto Sans CJK KR Bold' because it's not a TTF (it doesn't have a name)
[2m2026-09-21T07:26:04.838816Z[0m [32m INFO[0m [2mruffle_desktop::backends::ui::fontconfig[0m[2m:[0m Skipping font 'Noto Sans CJK SC Bold' because it's not a TTF (it doesn't have a name)
[2m2026-09-21T07:26:04.838820Z[0m [32m INFO[0m [2mruffle_desktop::backends::ui::fontconfig[0m[2m:[0m Skipping font 'Noto Sans CJK TC Bold' because it's not a TTF (it doesn't have a name)
[2m2026-09-21T07:26:04.838824Z[0m [32m INFO[0m [2mruffle_desktop::backends::ui::fontconfig[0m[2m:[0m Skipping font 'Noto Sans CJK HK Bold' because it's not a TTF (it doesn't have a name)
[2m2026-09-21T07:26:04.838828Z[0m [32m INFO[0m [2mruffle_desktop::backends::ui::fontconfig[0m[2m:[0m Skipping font 'Noto Sans Mono CJK JP Bold' because it's not a TTF (it doesn't have a name)
[2m2026-09-21T07:26:04.838832Z[0m [32m INFO[0m [2mruffle_desktop::backends::ui::fontconfig[0m[2m:[0m Skipping font 'Noto Sans Mono CJK KR Bold' because it's not a TTF (it doesn't have a name)
[2m2026-09-21T07:26:04.838836Z[0m [32m INFO[0m [2mruffle_desktop::backends::ui::fontconfig[0m[2m:[0m Skipping font 'Noto Sans Mono CJK SC Bold' because it's not a TTF (it doesn't have a name)
[2m2026-09-21T07:26:04.838841Z[0m [32m INFO[0m [2mruffle_desktop::backends::ui::fontconfig[0m[2m:[0m Skipping font 'Noto Sans Mono CJK TC Bold' because it's not a TTF (it doesn't have a name)
[2m2026-09-21T07:26:04.838844Z[0m [32m INFO[0m [2mruffle_desktop::backends::ui::fontconfig[0m[2m:[0m Skipping font 'Noto Sans Mono CJK HK Bold' because it's not a TTF (it doesn't have a name)
[2m2026-09-21T07:26:04.838848Z[0m [32m INFO[0m [2mruffle_desktop::backends::ui::fontconfig[0m[2m:[0m Skipping font 'Noto Serif CJK JP Bold' because it's not a TTF (it doesn't have a name)
[2m2026-09-21T07:26:04.838851Z[0m [32m INFO[0m [2mruffle_desktop::backends::ui::fontconfig[0m[2m:[0m Skipping font 'Noto Serif CJK KR Bold' because it's not a TTF (it doesn't have a name)
[2m2026-09-21T07:26:04.838855Z[0m [32m INFO[0m [2mruffle_desktop::backends::ui::fontconfig[0m[2m:[0m Skipping font 'Noto Serif CJK SC Bold' because it's not a TTF (it doesn't have a name)
[2m2026-09-21T07:26:04.838858Z[0m [32m INFO[0m [2mruffle_desktop::backends::ui::fontconfig[0m[2m:[0m Skipping font 'Noto Serif CJK TC Bold' because it's not a TTF (it doesn't have a name)
[2m2026-09-21T07:26:04.838862Z[0m [32m INFO[0m [2mruffle_desktop::backends::ui::fontconfig[0m[2m:[0m Skipping font 'Noto Serif CJK HK Bold' because it's not a TTF (it doesn't have a name)
[2m2026-09-21T07:26:04.838865Z[0m [32m INFO[0m [2mruffle_desktop::backends::ui::fontconfig[0m[2m:[0m Skipping font 'C059-Bold' because it's not a TTF (it doesn't have a name)
[2m2026-09-21T07:26:04.838869Z[0m [32m INFO[0m [2mruffle_desktop::backends::ui::fontconfig[0m[2m:[0m Skipping font 'NimbusMonoPS-Bold' because it's not a TTF (it doesn't have a name)
[2m2026-09-21T07:26:04.838873Z[0m [32m INFO[0m [2mruffle_desktop::backends::ui::fontconfig[0m[2m:[0m Skipping font 'NimbusRoman-Bold' because it's not a TTF (it doesn't have a name)
[2m2026-09-21T07:26:04.838877Z[0m [32m INFO[0m [2mruffle_desktop::backends::ui::fontconfig[0m[2m:[0m Skipping font 'P052-Bold' because it's not a TTF (it doesn't have a name)
[2m2026-09-21T07:26:04.838880Z[0m [32m INFO[0m [2mruffle_desktop::backends::ui::fontconfig[0m[2m:[0m Skipping font 'C059 Bold' because it's not a TTF (it doesn't have a name)
[2m2026-09-21T07:26:04.838883Z[0m [32m INFO[0m [2mruffle_desktop::backends::ui::fontconfig[0m[2m:[0m Skipping font 'Nimbus Mono PS Bold' because it's not a TTF (it doesn't have a name)
[2m2026-09-21T07:26:04.838887Z[0m [32m INFO[0m [2mruffle_desktop::backends::ui::fontconfig[0m[2m:[0m Skipping font 'Nimbus Roman Bold' because it's not a TTF (it doesn't have a name)
[2m2026-09-21T07:26:04.838890Z[0m [32m INFO[0m [2mruffle_desktop::backends::ui::fontconfig[0m[2m:[0m Skipping font 'P052 Bold' because it's not a TTF (it doesn't have a name)
[2m2026-09-21T07:26:04.838894Z[0m [32m INFO[0m [2mruffle_desktop::backends::ui::fontconfig[0m[2m:[0m Skipping font 'C059 Bold' because it's not a TTF (it doesn't have a name)
[2m2026-09-21T07:26:04.838897Z[0m [32m INFO[0m [2mruffle_desktop::backends::ui::fontconfig[0m[2m:[0m Skipping font 'Nimbus Mono PS Bold' because it's not a TTF (it doesn't have a name)
[2m2026-09-21T07:26:04.838900Z[0m [32m INFO[0m [2mruffle_desktop::backends::ui::fontconfig[0m[2m:[0m Skipping font 'Nimbus Roman Bold' because it's not a TTF (it doesn't have a name)
[2m2026-09-21T07:26:04.838904Z[0m [32m INFO[0m [2mruffle_desktop::backends::ui::fontconfig[0m[2m:[0m Skipping font 'P052 Bold' because it's not a TTF (it doesn't have a name)
[2m2026-09-21T07:26:04.839112Z[0m [32m INFO[0m [2mruffle_desktop::backends::ui::fontconfig[0m[2m:[0m Skipping font 'URWBookman-Demi' because it's not a TTF (it doesn't have a name)
[2m2026-09-21T07:26:04.839125Z[0m [32m INFO[0m [2mruffle_desktop::backends::ui::fontconfig[0m[2m:[0m Skipping font 'URW Bookman Demi' because it's not a TTF (it doesn't have a name)
[2m2026-09-21T07:26:04.839129Z[0m [32m INFO[0m [2mruffle_desktop::backends::ui::fontconfig[0m[2m:[0m Skipping font 'URW Bookman Demi' because it's not a TTF (it doesn't have a name)
[2m2026-09-21T07:26:04.839192Z[0m [32m INFO[0m [2mruffle_desktop::backends::ui::fontconfig[0m[2m:[0m Skipping font 'C059 Roman' because it's not a TTF (it doesn't have a name)
[2m2026-09-21T07:26:04.839204Z[0m [32m INFO[0m [2mruffle_desktop::backends::ui::fontconfig[0m[2m:[0m Skipping font 'P052 Roman' because it's not a TTF (it doesn't have a name)
[2m2026-09-21T07:26:04.839208Z[0m [32m INFO[0m [2mruffle_desktop::backends::ui::fontconfig[0m[2m:[0m Skipping font 'C059 Roman' because it's not a TTF (it doesn't have a name)
[2m2026-09-21T07:26:04.839212Z[0m [32m INFO[0m [2mruffle_desktop::backends::ui::fontconfig[0m[2m:[0m Skipping font 'P052 Roman' because it's not a TTF (it doesn't have a name)
[2m2026-09-21T07:26:04.839638Z[0m [32m INFO[0m [2mruffle_desktop::backends::ui::fontconfig[0m[2m:[0m Skipping font 'Noto Sans CJK JP' because it's not a TTF (it doesn't have a name)
[2m2026-09-21T07:26:04.839651Z[0m [32m INFO[0m [2mruffle_desktop::backends::ui::fontconfig[0m[2m:[0m Skipping font 'Noto Sans CJK KR' because it's not a TTF (it doesn't have a name)
[2m2026-09-21T07:26:04.839655Z[0m [32m INFO[0m [2mruffle_desktop::backends::ui::fontconfig[0m[2m:[0m Skipping font 'Noto Sans CJK SC' because it's not a TTF (it doesn't have a name)
[2m2026-09-21T07:26:04.839659Z[0m [32m INFO[0m [2mruffle_desktop::backends::ui::fontconfig[0m[2m:[0m Skipping font 'Noto Sans CJK TC' because it's not a TTF (it doesn't have a name)
[2m2026-09-21T07:26:04.839663Z[0m [32m INFO[0m [2mruffle_desktop::backends::ui::fontconfig[0m[2m:[0m Skipping font 'Noto Sans CJK HK' because it's not a TTF (it doesn't have a name)
[2m2026-09-21T07:26:04.839668Z[0m [32m INFO[0m [2mruffle_desktop::backends::ui::fontconfig[0m[2m:[0m Skipping font 'Noto Sans Mono CJK JP' because it's not a TTF (it doesn't have a name)
[2m2026-09-21T07:26:04.839672Z[0m [32m INFO[0m [2mruffle_desktop::backends::ui::fontconfig[0m[2m:[0m Skipping font 'Noto Sans Mono CJK KR' because it's not a TTF (it doesn't have a name)
[2m2026-09-21T07:26:04.839676Z[0m [32m INFO[0m [2mruffle_desktop::backends::ui::fontconfig[0m[2m:[0m Skipping font 'Noto Sans Mono CJK SC' because it's not a TTF (it doesn't have a name)
[2m2026-09-21T07:26:04.839680Z[0m [32m INFO[0m [2mruffle_desktop::backends::ui::fontconfig[0m[2m:[0m Skipping font 'Noto Sans Mono CJK TC' because it's not a TTF (it doesn't have a name)
[2m2026-09-21T07:26:04.839684Z[0m [32m INFO[0m [2mruffle_desktop::backends::ui::fontconfig[0m[2m:[0m Skipping font 'Noto Sans Mono CJK HK' because it's not a TTF (it doesn't have a name)
[2m2026-09-21T07:26:04.839688Z[0m [32m INFO[0m [2mruffle_desktop::backends::ui::fontconfig[0m[2m:[0m Skipping font 'Noto Serif CJK JP' because it's not a TTF (it doesn't have a name)
[2m2026-09-21T07:26:04.839692Z[0m [32m INFO[0m [2mruffle_desktop::backends::ui::fontconfig[0m[2m:[0m Skipping font 'Noto Serif CJK KR' because it's not a TTF (it doesn't have a name)
[2m2026-09-21T07:26:04.839695Z[0m [32m INFO[0m [2mruffle_desktop::backends::ui::fontconfig[0m[2m:[0m Skipping font 'Noto Serif CJK SC' because it's not a TTF (it doesn't have a name)
[2m2026-09-21T07:26:04.839699Z[0m [32m INFO[0m [2mruffle_desktop::backends::ui::fontconfig[0m[2m:[0m Skipping font 'Noto Serif CJK TC' because it's not a TTF (it doesn't have a name)
[2m2026-09-21T07:26:04.839702Z[0m [32m INFO[0m [2mruffle_desktop::backends::ui::fontconfig[0m[2m:[0m Skipping font 'Noto Serif CJK HK' because it's not a TTF (it doesn't have a name)
[2m2026-09-21T07:26:04.839706Z[0m [32m INFO[0m [2mruffle_desktop::backends::ui::fontconfig[0m[2m:[0m Skipping font 'D050000L' because it's not a TTF (it doesn't have a name)
[2m2026-09-21T07:26:04.839709Z[0m [32m INFO[0m [2mruffle_desktop::backends::ui::fontconfig[0m[2m:[0m Skipping font 'Standard Symbols PS' because it's not a TTF (it doesn't have a name)
[2m2026-09-21T07:26:04.839713Z[0m [32m INFO[0m [2mruffle_desktop::backends::ui::fontconfig[0m[2m:[0m Skipping font 'C059-Roman' because it's not a TTF (it doesn't have a name)
[2m2026-09-21T07:26:04.839717Z[0m [32m INFO[0m [2mruffle_desktop::backends::ui::fontconfig[0m[2m:[0m Skipping font 'NimbusMonoPS-Regular' because it's not a TTF (it doesn't have a name)
[2m2026-09-21T07:26:04.839720Z[0m [32m INFO[0m [2mruffle_desktop::backends::ui::fontconfig[0m[2m:[0m Skipping font 'NimbusRoman-Regular' because it's not a TTF (it doesn't have a name)
[2m2026-09-21T07:26:04.839723Z[0m [32m INFO[0m [2mruffle_desktop::backends::ui::fontconfig[0m[2m:[0m Skipping font 'P052-Roman' because it's not a TTF (it doesn't have a name)
[2m2026-09-21T07:26:04.839761Z[0m [32m INFO[0m [2mruffle_desktop::backends::ui::fontconfig[0m[2m:[0m Skipping font 'Nimbus Mono PS Regular' because it's not a TTF (it doesn't have a name)
[2m2026-09-21T07:26:04.839772Z[0m [32m INFO[0m [2mruffle_desktop::backends::ui::fontconfig[0m[2m:[0m Skipping font 'Nimbus Roman Regular' because it's not a TTF (it doesn't have a name)
[2m2026-09-21T07:26:04.839777Z[0m [32m INFO[0m [2mruffle_desktop::backends::ui::fontconfig[0m[2m:[0m Skipping font 'Nimbus Mono PS Regular' because it's not a TTF (it doesn't have a name)
[2m2026-09-21T07:26:04.839781Z[0m [32m INFO[0m [2mruffle_desktop::backends::ui::fontconfig[0m[2m:[0m Skipping font 'Nimbus Roman Regular' because it's not a TTF (it doesn't have a name)
[2m2026-09-21T07:26:04.839787Z[0m [32m INFO[0m [2mruffle_desktop::backends::ui::fontconfig[0m[2m:[0m Skipping font 'D050000L Regular' because it's not a TTF (it doesn't have a name)
[2m2026-09-21T07:26:04.839790Z[0m [32m INFO[0m [2mruffle_desktop::backends::ui::fontconfig[0m[2m:[0m Skipping font 'Standard Symbols PS Regular' because it's not a TTF (it doesn't have a name)
[2m2026-09-21T07:26:04.839794Z[0m [32m INFO[0m [2mruffle_desktop::backends::ui::fontconfig[0m[2m:[0m Skipping font 'D050000L Regular' because it's not a TTF (it doesn't have a name)
[2m2026-09-21T07:26:04.839798Z[0m [32m INFO[0m [2mruffle_desktop::backends::ui::fontconfig[0m[2m:[0m Skipping font 'Standard Symbols PS Regular' because it's not a TTF (it doesn't have a name)
[2m2026-09-21T07:26:04.839910Z[0m [32m INFO[0m [2mruffle_desktop::backends::ui::fontconfig[0m[2m:[0m Skipping font 'URWBookman-Light' because it's not a TTF (it doesn't have a name)
[2m2026-09-21T07:26:04.839922Z[0m [32m INFO[0m [2mruffle_desktop::backends::ui::fontconfig[0m[2m:[0m Skipping font 'URW Bookman Light' because it's not a TTF (it doesn't have a name)
[2m2026-09-21T07:26:04.839926Z[0m [32m INFO[0m [2mruffle_desktop::backends::ui::fontconfig[0m[2m:[0m Skipping font 'URW Bookman Light' because it's not a TTF (it doesn't have a name)
[2m2026-09-21T07:26:04.840251Z[0m [32m INFO[0m [2mruffle_desktop::backends::ui::fontconfig[0m[2m:[0m Skipping font 'C059-BdIta' because it's not a TTF (it doesn't have a name)
[2m2026-09-21T07:26:04.840265Z[0m [32m INFO[0m [2mruffle_desktop::backends::ui::fontconfig[0m[2m:[0m Skipping font 'NimbusMonoPS-BoldItalic' because it's not a TTF (it doesn't have a name)
[2m2026-09-21T07:26:04.840269Z[0m [32m INFO[0m [2mruffle_desktop::backends::ui::fontconfig[0m[2m:[0m Skipping font 'NimbusRoman-BoldItalic' because it's not a TTF (it doesn't have a name)
[2m2026-09-21T07:26:04.840274Z[0m [32m INFO[0m [2mruffle_desktop::backends::ui::fontconfig[0m[2m:[0m Skipping font 'P052-BoldItalic' because it's not a TTF (it doesn't have a name)
[2m2026-09-21T07:26:04.840278Z[0m [32m INFO[0m [2mruffle_desktop::backends::ui::fontconfig[0m[2m:[0m Skipping font 'C059 Bold Italic' because it's not a TTF (it doesn't have a name)
[2m2026-09-21T07:26:04.840282Z[0m [32m INFO[0m [2mruffle_desktop::backends::ui::fontconfig[0m[2m:[0m Skipping font 'Nimbus Mono PS Bold Italic' because it's not a TTF (it doesn't have a name)
[2m2026-09-21T07:26:04.840286Z[0m [32m INFO[0m [2mruffle_desktop::backends::ui::fontconfig[0m[2m:[0m Skipping font 'Nimbus Roman Bold Italic' because it's not a TTF (it doesn't have a name)
[2m2026-09-21T07:26:04.840290Z[0m [32m INFO[0m [2mruffle_desktop::backends::ui::fontconfig[0m[2m:[0m Skipping font 'P052 Bold Italic' because it's not a TTF (it doesn't have a name)
[2m2026-09-21T07:26:04.840293Z[0m [32m INFO[0m [2mruffle_desktop::backends::ui::fontconfig[0m[2m:[0m Skipping font 'C059 Bold Italic' because it's not a TTF (it doesn't have a name)
[2m2026-09-21T07:26:04.840297Z[0m [32m INFO[0m [2mruffle_desktop::backends::ui::fontconfig[0m[2m:[0m Skipping font 'Nimbus Mono PS Bold Italic' because it's not a TTF (it doesn't have a name)
[2m2026-09-21T07:26:04.840301Z[0m [32m INFO[0m [2mruffle_desktop::backends::ui::fontconfig[0m[2m:[0m Skipping font 'Nimbus Roman Bold Italic' because it's not a TTF (it doesn't have a name)
[2m2026-09-21T07:26:04.840304Z[0m [32m INFO[0m [2mruffle_desktop::backends::ui::fontconfig[0m[2m:[0m Skipping font 'P052 Bold Italic' because it's not a TTF (it doesn't have a name)
[2m2026-09-21T07:26:04.840527Z[0m [32m INFO[0m [2mruffle_desktop::backends::ui::fontconfig[0m[2m:[0m Skipping font 'URWBookman-DemiItalic' because it's not a TTF (it doesn't have a name)
[2m2026-09-21T07:26:04.840540Z[0m [32m INFO[0m [2mruffle_desktop::backends::ui::fontconfig[0m[2m:[0m Skipping font 'URW Bookman Demi Italic' because it's not a TTF (it doesn't have a name)
[2m2026-09-21T07:26:04.840543Z[0m [32m INFO[0m [2mruffle_desktop::backends::ui::fontconfig[0m[2m:[0m Skipping font 'URW Bookman Demi Italic' because it's not a TTF (it doesn't have a name)
[2m2026-09-21T07:26:04.840600Z[0m [32m INFO[0m [2mruffle_desktop::backends::ui::fontconfig[0m[2m:[0m Skipping font 'Z003-MediumItalic' because it's not a TTF (it doesn't have a name)
[2m2026-09-21T07:26:04.840611Z[0m [32m INFO[0m [2mruffle_desktop::backends::ui::fontconfig[0m[2m:[0m Skipping font 'C059 Italic' because it's not a TTF (it doesn't have a name)
[2m2026-09-21T07:26:04.840616Z[0m [32m INFO[0m [2mruffle_desktop::backends::ui::fontconfig[0m[2m:[0m Skipping font 'Z003 Medium Italic' because it's not a TTF (it doesn't have a name)
[2m2026-09-21T07:26:04.840620Z[0m [32m INFO[0m [2mruffle_desktop::backends::ui::fontconfig[0m[2m:[0m Skipping font 'C059 Italic' because it's not a TTF (it doesn't have a name)
[2m2026-09-21T07:26:04.840624Z[0m [32m INFO[0m [2mruffle_desktop::backends::ui::fontconfig[0m[2m:[0m Skipping font 'Z003 Medium Italic' because it's not a TTF (it doesn't have a name)
[2m2026-09-21T07:26:04.840858Z[0m [32m INFO[0m [2mruffle_desktop::backends::ui::fontconfig[0m[2m:[0m Skipping font 'C059-Italic' because it's not a TTF (it doesn't have a name)
[2m2026-09-21T07:26:04.840872Z[0m [32m INFO[0m [2mruffle_desktop::backends::ui::fontconfig[0m[2m:[0m Skipping font 'NimbusMonoPS-Italic' because it's not a TTF (it doesn't have a name)
[2m2026-09-21T07:26:04.840876Z[0m [32m INFO[0m [2mruffle_desktop::backends::ui::fontconfig[0m[2m:[0m Skipping font 'NimbusRoman-Italic' because it's not a TTF (it doesn't have a name)
[2m2026-09-21T07:26:04.840881Z[0m [32m INFO[0m [2mruffle_desktop::backends::ui::fontconfig[0m[2m:[0m Skipping font 'P052-Italic' because it's not a TTF (it doesn't have a name)
[2m2026-09-21T07:26:04.840884Z[0m [32m INFO[0m [2mruffle_desktop::backends::ui::fontconfig[0m[2m:[0m Skipping font 'Nimbus Mono PS Italic' because it's not a TTF (it doesn't have a name)
[2m2026-09-21T07:26:04.840888Z[0m [32m INFO[0m [2mruffle_desktop::backends::ui::fontconfig[0m[2m:[0m Skipping font 'Nimbus Roman Italic' because it's not a TTF (it doesn't have a name)
[2m2026-09-21T07:26:04.840892Z[0m [32m INFO[0m [2mruffle_desktop::backends::ui::fontconfig[0m[2m:[0m Skipping font 'P052 Italic' because it's not a TTF (it doesn't have a name)
[2m2026-09-21T07:26:04.840896Z[0m [32m INFO[0m [2mruffle_desktop::backends::ui::fontconfig[0m[2m:[0m Skipping font 'Nimbus Mono PS Italic' because it's not a TTF (it doesn't have a name)
[2m2026-09-21T07:26:04.840900Z[0m [32m INFO[0m [2mruffle_desktop::backends::ui::fontconfig[0m[2m:[0m Skipping font 'Nimbus Roman Italic' because it's not a TTF (it doesn't have a name)
[2m2026-09-21T07:26:04.840904Z[0m [32m INFO[0m [2mruffle_desktop::backends::ui::fontconfig[0m[2m:[0m Skipping font 'P052 Italic' because it's not a TTF (it doesn't have a name)
[2m2026-09-21T07:26:04.841008Z[0m [32m INFO[0m [2mruffle_desktop::backends::ui::fontconfig[0m[2m:[0m Skipping font 'URWBookman-LightItalic' because it's not a TTF (it doesn't have a name)
[2m2026-09-21T07:26:04.841020Z[0m [32m INFO[0m [2mruffle_desktop::backends::ui::fontconfig[0m[2m:[0m Skipping font 'URW Bookman Light Italic' because it's not a TTF (it doesn't have a name)
[2m2026-09-21T07:26:04.841025Z[0m [32m INFO[0m [2mruffle_desktop::backends::ui::fontconfig[0m[2m:[0m Skipping font 'URW Bookman Light Italic' because it's not a TTF (it doesn't have a name)
[2m2026-09-21T07:26:04.847497Z[0m [32m INFO[0m [2mruffle_desktop::backends::ui::fontconfig[0m[2m:[0m Skipping font 'NimbusSans-Regular' because it's not a TTF (it doesn't have a name)
[2m2026-09-21T07:26:04.847536Z[0m [32m INFO[0m [2mruffle_desktop::backends::ui::fontconfig[0m[2m:[0m Skipping font 'Nimbus Sans Regular' because it's not a TTF (it doesn't have a name)
[2m2026-09-21T07:26:04.847540Z[0m [32m INFO[0m [2mruffle_desktop::backends::ui::fontconfig[0m[2m:[0m Skipping font 'Nimbus Sans Regular' because it's not a TTF (it doesn't have a name)
[2m2026-09-21T07:26:04.847544Z[0m [32m INFO[0m [2mruffle_desktop::backends::ui::fontconfig[0m[2m:[0m Skipping font 'NimbusSans-Bold' because it's not a TTF (it doesn't have a name)
[2m2026-09-21T07:26:04.847548Z[0m [32m INFO[0m [2mruffle_desktop::backends::ui::fontconfig[0m[2m:[0m Skipping font 'Nimbus Sans Bold' because it's not a TTF (it doesn't have a name)
[2m2026-09-21T07:26:04.847551Z[0m [32m INFO[0m [2mruffle_desktop::backends::ui::fontconfig[0m[2m:[0m Skipping font 'Nimbus Sans Bold' because it's not a TTF (it doesn't have a name)
[2m2026-09-21T07:26:04.847555Z[0m [32m INFO[0m [2mruffle_desktop::backends::ui::fontconfig[0m[2m:[0m Skipping font 'NimbusSans-Italic' because it's not a TTF (it doesn't have a name)
[2m2026-09-21T07:26:04.847559Z[0m [32m INFO[0m [2mruffle_desktop::backends::ui::fontconfig[0m[2m:[0m Skipping font 'Nimbus Sans Italic' because it's not a TTF (it doesn't have a name)
[2m2026-09-21T07:26:04.847563Z[0m [32m INFO[0m [2mruffle_desktop::backends::ui::fontconfig[0m[2m:[0m Skipping font 'Nimbus Sans Italic' because it's not a TTF (it doesn't have a name)
[2m2026-09-21T07:26:04.847567Z[0m [32m INFO[0m [2mruffle_desktop::backends::ui::fontconfig[0m[2m:[0m Skipping font 'NimbusSans-BoldItalic' because it's not a TTF (it doesn't have a name)
[2m2026-09-21T07:26:04.847570Z[0m [32m INFO[0m [2mruffle_desktop::backends::ui::fontconfig[0m[2m:[0m Skipping font 'Nimbus Sans Bold Italic' because it's not a TTF (it doesn't have a name)
[2m2026-09-21T07:26:04.847574Z[0m [32m INFO[0m [2mruffle_desktop::backends::ui::fontconfig[0m[2m:[0m Skipping font 'Nimbus Sans Bold Italic' because it's not a TTF (it doesn't have a name)
[2m2026-09-21T07:26:04.847959Z[0m [32m INFO[0m [2mruffle_desktop::backends::ui::fontconfig[0m[2m:[0m Skipping font 'URWGothic-Book' because it's not a TTF (it doesn't have a name)
[2m2026-09-21T07:26:04.847973Z[0m [32m INFO[0m [2mruffle_desktop::backends::ui::fontconfig[0m[2m:[0m Skipping font 'URW Gothic Book' because it's not a TTF (it doesn't have a name)
[2m2026-09-21T07:26:04.847977Z[0m [32m INFO[0m [2mruffle_desktop::backends::ui::fontconfig[0m[2m:[0m Skipping font 'URW Gothic Book' because it's not a TTF (it doesn't have a name)
[2m2026-09-21T07:26:04.847982Z[0m [32m INFO[0m [2mruffle_desktop::backends::ui::fontconfig[0m[2m:[0m Skipping font 'URWGothic-Demi' because it's not a TTF (it doesn't have a name)
[2m2026-09-21T07:26:04.847986Z[0m [32m INFO[0m [2mruffle_desktop::backends::ui::fontconfig[0m[2m:[0m Skipping font 'URW Gothic Demi' because it's not a TTF (it doesn't have a name)
[2m2026-09-21T07:26:04.847989Z[0m [32m INFO[0m [2mruffle_desktop::backends::ui::fontconfig[0m[2m:[0m Skipping font 'URW Gothic Demi' because it's not a TTF (it doesn't have a name)
[2m2026-09-21T07:26:04.847993Z[0m [32m INFO[0m [2mruffle_desktop::backends::ui::fontconfig[0m[2m:[0m Skipping font 'URWGothic-BookOblique' because it's not a TTF (it doesn't have a name)
[2m2026-09-21T07:26:04.847997Z[0m [32m INFO[0m [2mruffle_desktop::backends::ui::fontconfig[0m[2m:[0m Skipping font 'URW Gothic Book Oblique' because it's not a TTF (it doesn't have a name)
[2m2026-09-21T07:26:04.848000Z[0m [32m INFO[0m [2mruffle_desktop::backends::ui::fontconfig[0m[2m:[0m Skipping font 'URW Gothic Book Oblique' because it's not a TTF (it doesn't have a name)
[2m2026-09-21T07:26:04.848004Z[0m [32m INFO[0m [2mruffle_desktop::backends::ui::fontconfig[0m[2m:[0m Skipping font 'URWGothic-DemiOblique' because it's not a TTF (it doesn't have a name)
[2m2026-09-21T07:26:04.848008Z[0m [32m INFO[0m [2mruffle_desktop::backends::ui::fontconfig[0m[2m:[0m Skipping font 'URW Gothic Demi Oblique' because it's not a TTF (it doesn't have a name)
[2m2026-09-21T07:26:04.848012Z[0m [32m INFO[0m [2mruffle_desktop::backends::ui::fontconfig[0m[2m:[0m Skipping font 'URW Gothic Demi Oblique' because it's not a TTF (it doesn't have a name)
[2m2026-09-21T07:26:04.848015Z[0m [32m INFO[0m [2mruffle_desktop::backends::ui::fontconfig[0m[2m:[0m Skipping font 'Nimbus Sans Narrow Regular' because it's not a TTF (it doesn't have a name)
[2m2026-09-21T07:26:04.848019Z[0m [32m INFO[0m [2mruffle_desktop::backends::ui::fontconfig[0m[2m:[0m Skipping font 'Nimbus Sans Narrow Regular' because it's not a TTF (it doesn't have a name)
[2m2026-09-21T07:26:04.848023Z[0m [32m INFO[0m [2mruffle_desktop::backends::ui::fontconfig[0m[2m:[0m Skipping font 'NimbusSansNarrow-Regular' because it's not a TTF (it doesn't have a name)
[2m2026-09-21T07:26:04.848026Z[0m [32m INFO[0m [2mruffle_desktop::backends::ui::fontconfig[0m[2m:[0m Skipping font 'Nimbus Sans Narrow Bold' because it's not a TTF (it doesn't have a name)
[2m2026-09-21T07:26:04.848030Z[0m [32m INFO[0m [2mruffle_desktop::backends::ui::fontconfig[0m[2m:[0m Skipping font 'Nimbus Sans Narrow Bold' because it's not a TTF (it doesn't have a name)
[2m2026-09-21T07:26:04.848033Z[0m [32m INFO[0m [2mruffle_desktop::backends::ui::fontconfig[0m[2m:[0m Skipping font 'NimbusSansNarrow-Bold' because it's not a TTF (it doesn't have a name)
[2m2026-09-21T07:26:04.848037Z[0m [32m INFO[0m [2mruffle_desktop::backends::ui::fontconfig[0m[2m:[0m Skipping font 'Nimbus Sans Narrow Oblique' because it's not a TTF (it doesn't have a name)
[2m2026-09-21T07:26:04.848040Z[0m [32m INFO[0m [2mruffle_desktop::backends::ui::fontconfig[0m[2m:[0m Skipping font 'Nimbus Sans Narrow Oblique' because it's not a TTF (it doesn't have a name)
[2m2026-09-21T07:26:04.848044Z[0m [32m INFO[0m [2mruffle_desktop::backends::ui::fontconfig[0m[2m:[0m Skipping font 'NimbusSansNarrow-Oblique' because it's not a TTF (it doesn't have a name)
[2m2026-09-21T07:26:04.848047Z[0m [32m INFO[0m [2mruffle_desktop::backends::ui::fontconfig[0m[2m:[0m Skipping font 'Nimbus Sans Narrow Bold Oblique' because it's not a TTF (it doesn't have a name)
[2m2026-09-21T07:26:04.848051Z[0m [32m INFO[0m [2mruffle_desktop::backends::ui::fontconfig[0m[2m:[0m Skipping font 'Nimbus Sans Narrow Bold Oblique' because it's not a TTF (it doesn't have a name)
[2m2026-09-21T07:26:04.848055Z[0m [32m INFO[0m [2mruffle_desktop::backends::ui::fontconfig[0m[2m:[0m Skipping font 'NimbusSansNarrow-BoldOblique' because it's not a TTF (it doesn't have a name)
[2m2026-09-21T07:26:04.848927Z[0m [32m INFO[0m [2mruffle_desktop::backends::ui::fontconfig[0m[2m:[0m Skipping font 'Noto Sans CJK JP' because it's not a TTF (it doesn't have a name)
[2m2026-09-21T07:26:04.848942Z[0m [32m INFO[0m [2mruffle_desktop::backends::ui::fontconfig[0m[2m:[0m Skipping font 'Noto Sans CJK KR' because it's not a TTF (it doesn't have a name)
[2m2026-09-21T07:26:04.848946Z[0m [32m INFO[0m [2mruffle_desktop::backends::ui::fontconfig[0m[2m:[0m Skipping font 'Noto Sans CJK SC' because it's not a TTF (it doesn't have a name)
[2m2026-09-21T07:26:04.848951Z[0m [32m INFO[0m [2mruffle_desktop::backends::ui::fontconfig[0m[2m:[0m Skipping font 'Noto Sans CJK TC' because it's not a TTF (it doesn't have a name)
[2m2026-09-21T07:26:04.848955Z[0m [32m INFO[0m [2mruffle_desktop::backends::ui::fontconfig[0m[2m:[0m Skipping font 'Noto Sans CJK HK' because it's not a TTF (it doesn't have a name)
[2m2026-09-21T07:26:04.848959Z[0m [32m INFO[0m [2mruffle_desktop::backends::ui::fontconfig[0m[2m:[0m Skipping font 'Noto Sans Mono CJK JP' because it's not a TTF (it doesn't have a name)
[2m2026-09-21T07:26:04.848962Z[0m [32m INFO[0m [2mruffle_desktop::backends::ui::fontconfig[0m[2m:[0m Skipping font 'Noto Sans Mono CJK KR' because it's not a TTF (it doesn't have a name)
[2m2026-09-21T07:26:04.848966Z[0m [32m INFO[0m [2mruffle_desktop::backends::ui::fontconfig[0m[2m:[0m Skipping font 'Noto Sans Mono CJK SC' because it's not a TTF (it doesn't have a name)
[2m2026-09-21T07:26:04.848970Z[0m [32m INFO[0m [2mruffle_desktop::backends::ui::fontconfig[0m[2m:[0m Skipping font 'Noto Sans Mono CJK TC' because it's not a TTF (it doesn't have a name)
[2m2026-09-21T07:26:04.848973Z[0m [32m INFO[0m [2mruffle_desktop::backends::ui::fontconfig[0m[2m:[0m Skipping font 'Noto Sans Mono CJK HK' because it's not a TTF (it doesn't have a name)
[2m2026-09-21T07:26:04.848977Z[0m [32m INFO[0m [2mruffle_desktop::backends::ui::fontconfig[0m[2m:[0m Skipping font 'Noto Serif CJK JP' because it's not a TTF (it doesn't have a name)
[2m2026-09-21T07:26:04.848982Z[0m [32m INFO[0m [2mruffle_desktop::backends::ui::fontconfig[0m[2m:[0m Skipping font 'Noto Serif CJK KR' because it's not a TTF (it doesn't have a name)
[2m2026-09-21T07:26:04.848985Z[0m [32m INFO[0m [2mruffle_desktop::backends::ui::fontconfig[0m[2m:[0m Skipping font 'Noto Serif CJK SC' because it's not a TTF (it doesn't have a name)
[2m2026-09-21T07:26:04.848989Z[0m [32m INFO[0m [2mruffle_desktop::backends::ui::fontconfig[0m[2m:[0m Skipping font 'Noto Serif CJK TC' because it's not a TTF (it doesn't have a name)
[2m2026-09-21T07:26:04.848992Z[0m [32m INFO[0m [2mruffle_desktop::backends::ui::fontconfig[0m[2m:[0m Skipping font 'Noto Serif CJK HK' because it's not a TTF (it doesn't have a name)
[2m2026-09-21T07:26:04.848995Z[0m [32m INFO[0m [2mruffle_desktop::backends::ui::fontconfig[0m[2m:[0m Skipping font 'D050000L' because it's not a TTF (it doesn't have a name)
[2m2026-09-21T07:26:04.848999Z[0m [32m INFO[0m [2mruffle_desktop::backends::ui::fontconfig[0m[2m:[0m Skipping font 'Standard Symbols PS' because it's not a TTF (it doesn't have a name)
[2m2026-09-21T07:26:04.849003Z[0m [32m INFO[0m [2mruffle_desktop::backends::ui::fontconfig[0m[2m:[0m Skipping font 'C059-Roman' because it's not a TTF (it doesn't have a name)
[2m2026-09-21T07:26:04.849006Z[0m [32m INFO[0m [2mruffle_desktop::backends::ui::fontconfig[0m[2m:[0m Skipping font 'NimbusMonoPS-Regular' because it's not a TTF (it doesn't have a name)
[2m2026-09-21T07:26:04.849009Z[0m [32m INFO[0m [2mruffle_desktop::backends::ui::fontconfig[0m[2m:[0m Skipping font 'NimbusRoman-Regular' because it's not a TTF (it doesn't have a name)
[2m2026-09-21T07:26:04.849013Z[0m [32m INFO[0m [2mruffle_desktop::backends::ui::fontconfig[0m[2m:[0m Skipping font 'P052-Roman' because it's not a TTF (it doesn't have a name)
[2m2026-09-21T07:26:04.849051Z[0m [32m INFO[0m [2mruffle_desktop::backends::ui::fontconfig[0m[2m:[0m Skipping font 'Nimbus Mono PS Regular' because it's not a TTF (it doesn't have a name)
[2m2026-09-21T07:26:04.849063Z[0m [32m INFO[0m [2mruffle_desktop::backends::ui::fontconfig[0m[2m:[0m Skipping font 'Nimbus Roman Regular' because it's not a TTF (it doesn't have a name)
[2m2026-09-21T07:26:04.849068Z[0m [32m INFO[0m [2mruffle_desktop::backends::ui::fontconfig[0m[2m:[0m Skipping font 'Nimbus Mono PS Regular' because it's not a TTF (it doesn't have a name)
[2m2026-09-21T07:26:04.849072Z[0m [32m INFO[0m [2mruffle_desktop::backends::ui::fontconfig[0m[2m:[0m Skipping font 'Nimbus Roman Regular' because it's not a TTF (it doesn't have a name)
[2m2026-09-21T07:26:04.849076Z[0m [32m INFO[0m [2mruffle_desktop::backends::ui::fontconfig[0m[2m:[0m Skipping font 'D050000L Regular' because it's not a TTF (it doesn't have a name)
[2m2026-09-21T07:26:04.849081Z[0m [32m INFO[0m [2mruffle_desktop::backends::ui::fontconfig[0m[2m:[0m Skipping font 'Standard Symbols PS Regular' because it's not a TTF (it doesn't have a name)
[2m2026-09-21T07:26:04.849085Z[0m [32m INFO[0m [2mruffle_desktop::backends::ui::fontconfig[0m[2m:[0m Skipping font 'D050000L Regular' because it's not a TTF (it doesn't have a name)
[2m2026-09-21T07:26:04.849088Z[0m [32m INFO[0m [2mruffle_desktop::backends::ui::fontconfig[0m[2m:[0m Skipping font 'Standard Symbols PS Regular' because it's not a TTF (it doesn't have a name)
[2m2026-09-21T07:26:04.849197Z[0m [32m INFO[0m [2mruffle_desktop::backends::ui::fontconfig[0m[2m:[0m Skipping font 'C059 Roman' because it's not a TTF (it doesn't have a name)
[2m2026-09-21T07:26:04.849209Z[0m [32m INFO[0m [2mruffle_desktop::backends::ui::fontconfig[0m[2m:[0m Skipping font 'P052 Roman' because it's not a TTF (it doesn't have a name)
[2m2026-09-21T07:26:04.849213Z[0m [32m INFO[0m [2mruffle_desktop::backends::ui::fontconfig[0m[2m:[0m Skipping font 'C059 Roman' because it's not a TTF (it doesn't have a name)
[2m2026-09-21T07:26:04.849218Z[0m [32m INFO[0m [2mruffle_desktop::backends::ui::fontconfig[0m[2m:[0m Skipping font 'P052 Roman' because it's not a TTF (it doesn't have a name)
[2m2026-09-21T07:26:04.849272Z[0m [32m INFO[0m [2mruffle_desktop::backends::ui::fontconfig[0m[2m:[0m Skipping font 'URWBookman-Light' because it's not a TTF (it doesn't have a name)
[2m2026-09-21T07:26:04.849284Z[0m [32m INFO[0m [2mruffle_desktop::backends::ui::fontconfig[0m[2m:[0m Skipping font 'URW Bookman Light' because it's not a TTF (it doesn't have a name)
[2m2026-09-21T07:26:04.849287Z[0m [32m INFO[0m [2mruffle_desktop::backends::ui::fontconfig[0m[2m:[0m Skipping font 'URW Bookman Light' because it's not a TTF (it doesn't have a name)
[2m2026-09-21T07:26:04.849444Z[0m [32m INFO[0m [2mruffle_desktop::backends::ui::fontconfig[0m[2m:[0m Skipping font 'URWBookman-Demi' because it's not a TTF (it doesn't have a name)
[2m2026-09-21T07:26:04.849457Z[0m [32m INFO[0m [2mruffle_desktop::backends::ui::fontconfig[0m[2m:[0m Skipping font 'URW Bookman Demi' because it's not a TTF (it doesn't have a name)
[2m2026-09-21T07:26:04.849461Z[0m [32m INFO[0m [2mruffle_desktop::backends::ui::fontconfig[0m[2m:[0m Skipping font 'URW Bookman Demi' because it's not a TTF (it doesn't have a name)
[2m2026-09-21T07:26:04.849772Z[0m [32m INFO[0m [2mruffle_desktop::backends::ui::fontconfig[0m[2m:[0m Skipping font 'Noto Sans CJK JP Bold' because it's not a TTF (it doesn't have a name)
[2m2026-09-21T07:26:04.849785Z[0m [32m INFO[0m [2mruffle_desktop::backends::ui::fontconfig[0m[2m:[0m Skipping font 'Noto Sans CJK KR Bold' because it's not a TTF (it doesn't have a name)
[2m2026-09-21T07:26:04.849789Z[0m [32m INFO[0m [2mruffle_desktop::backends::ui::fontconfig[0m[2m:[0m Skipping font 'Noto Sans CJK SC Bold' because it's not a TTF (it doesn't have a name)
[2m2026-09-21T07:26:04.849795Z[0m [32m INFO[0m [2mruffle_desktop::backends::ui::fontconfig[0m[2m:[0m Skipping font 'Noto Sans CJK TC Bold' because it's not a TTF (it doesn't have a name)
[2m2026-09-21T07:26:04.849799Z[0m [32m INFO[0m [2mruffle_desktop::backends::ui::fontconfig[0m[2m:[0m Skipping font 'Noto Sans CJK HK Bold' because it's not a TTF (it doesn't have a name)
[2m2026-09-21T07:26:04.849803Z[0m [32m INFO[0m [2mruffle_desktop::backends::ui::fontconfig[0m[2m:[0m Skipping font 'Noto Sans Mono CJK JP Bold' because it's not a TTF (it doesn't have a name)
[2m2026-09-21T07:26:04.849807Z[0m [32m INFO[0m [2mruffle_desktop::backends::ui::fontconfig[0m[2m:[0m Skipping font 'Noto Sans Mono CJK KR Bold' because it's not a TTF (it doesn't have a name)
[2m2026-09-21T07:26:04.849811Z[0m [32m INFO[0m [2mruffle_desktop::backends::ui::fontconfig[0m[2m:[0m Skipping font 'Noto Sans Mono CJK SC Bold' because it's not a TTF (it doesn't have a name)
[2m2026-09-21T07:26:04.849814Z[0m [32m INFO[0m [2mruffle_desktop::backends::ui::fontconfig[0m[2m:[0m Skipping font 'Noto Sans Mono CJK TC Bold' because it's not a TTF (it doesn't have a name)
[2m2026-09-21T07:26:04.849818Z[0m [32m INFO[0m [2mruffle_desktop::backends::ui::fontconfig[0m[2m:[0m Skipping font 'Noto Sans Mono CJK HK Bold' because it's not a TTF (it doesn't have a name)
[2m2026-09-21T07:26:04.849821Z[0m [32m INFO[0m [2mruffle_desktop::backends::ui::fontconfig[0m[2m:[0m Skipping font 'Noto Serif CJK JP Bold' because it's not a TTF (it doesn't have a name)
[2m2026-09-21T07:26:04.849825Z[0m [32m INFO[0m [2mruffle_desktop::backends::ui::fontconfig[0m[2m:[0m Skipping font 'Noto Serif CJK KR Bold' because it's not a TTF (it doesn't have a name)
[2m2026-09-21T07:26:04.849828Z[0m [32m INFO[0m [2mruffle_desktop::backends::ui::fontconfig[0m[2m:[0m Skipping font 'Noto Serif CJK SC Bold' because it's not a TTF (it doesn't have a name)
[2m2026-09-21T07:26:04.849832Z[0m [32m INFO[0m [2mruffle_desktop::backends::ui::fontconfig[0m[2m:[0m Skipping font 'Noto Serif CJK TC Bold' because it's not a TTF (it doesn't have a name)
[2m2026-09-21T07:26:04.849835Z[0m [32m INFO[0m [2mruffle_desktop::backends::ui::fontconfig[0m[2m:[0m Skipping font 'Noto Serif CJK HK Bold' because it's not a TTF (it doesn't have a name)
[2m2026-09-21T07:26:04.849840Z[0m [32m INFO[0m [2mruffle_desktop::backends::ui::fontconfig[0m[2m:[0m Skipping font 'C059-Bold' because it's not a TTF (it doesn't have a name)
[2m2026-09-21T07:26:04.849844Z[0m [32m INFO[0m [2mruffle_desktop::backends::ui::fontconfig[0m[2m:[0m Skipping font 'NimbusMonoPS-Bold' because it's not a TTF (it doesn't have a name)
[2m2026-09-21T07:26:04.849847Z[0m [32m INFO[0m [2mruffle_desktop::backends::ui::fontconfig[0m[2m:[0m Skipping font 'NimbusRoman-Bold' because it's not a TTF (it doesn't have a name)
[2m2026-09-21T07:26:04.849851Z[0m [32m INFO[0m [2mruffle_desktop::backends::ui::fontconfig[0m[2m:[0m Skipping font 'P052-Bold' because it's not a TTF (it doesn't have a name)
[2m2026-09-21T07:26:04.849854Z[0m [32m INFO[0m [2mruffle_desktop::backends::ui::fontconfig[0m[2m:[0m Skipping font 'C059 Bold' because it's not a TTF (it doesn't have a name)
[2m2026-09-21T07:26:04.849857Z[0m [32m INFO[0m [2mruffle_desktop::backends::ui::fontconfig[0m[2m:[0m Skipping font 'Nimbus Mono PS Bold' because it's not a TTF (it doesn't have a name)
[2m2026-09-21T07:26:04.849861Z[0m [32m INFO[0m [2mruffle_desktop::backends::ui::fontconfig[0m[2m:[0m Skipping font 'Nimbus Roman Bold' because it's not a TTF (it doesn't have a name)
[2m2026-09-21T07:26:04.849865Z[0m [32m INFO[0m [2mruffle_desktop::backends::ui::fontconfig[0m[2m:[0m Skipping font 'P052 Bold' because it's not a TTF (it doesn't have a name)
[2m2026-09-21T07:26:04.849868Z[0m [32m INFO[0m [2mruffle_desktop::backends::ui::fontconfig[0m[2m:[0m Skipping font 'C059 Bold' because it's not a TTF (it doesn't have a name)
[2m2026-09-21T07:26:04.849872Z[0m [32m INFO[0m [2mruffle_desktop::backends::ui::fontconfig[0m[2m:[0m Skipping font 'Nimbus Mono PS Bold' because it's not a TTF (it doesn't have a name)
[2m2026-09-21T07:26:04.849875Z[0m [32m INFO[0m [2mruffle_desktop::backends::ui::fontconfig[0m[2m:[0m Skipping font 'Nimbus Roman Bold' because it's not a TTF (it doesn't have a name)
[2m2026-09-21T07:26:04.849879Z[0m [32m INFO[0m [2mruffle_desktop::backends::ui::fontconfig[0m[2m:[0m Skipping font 'P052 Bold' because it's not a TTF (it doesn't have a name)
[2m2026-09-21T07:26:04.850219Z[0m [32m INFO[0m [2mruffle_desktop::backends::ui::fontconfig[0m[2m:[0m Skipping font 'C059-Italic' because it's not a TTF (it doesn't have a name)
[2m2026-09-21T07:26:04.850230Z[0m [32m INFO[0m [2mruffle_desktop::backends::ui::fontconfig[0m[2m:[0m Skipping font 'NimbusMonoPS-Italic' because it's not a TTF (it doesn't have a name)
[2m2026-09-21T07:26:04.850236Z[0m [32m INFO[0m [2mruffle_desktop::backends::ui::fontconfig[0m[2m:[0m Skipping font 'NimbusRoman-Italic' because it's not a TTF (it doesn't have a name)
[2m2026-09-21T07:26:04.850240Z[0m [32m INFO[0m [2mruffle_desktop::backends::ui::fontconfig[0m[2m:[0m Skipping font 'P052-Italic' because it's not a TTF (it doesn't have a name)
[2m2026-09-21T07:26:04.850243Z[0m [32m INFO[0m [2mruffle_desktop::backends::ui::fontconfig[0m[2m:[0m Skipping font 'Nimbus Mono PS Italic' because it's not a TTF (it doesn't have a name)
[2m2026-09-21T07:26:04.850247Z[0m [32m INFO[0m [2mruffle_desktop::backends::ui::fontconfig[0m[2m:[0m Skipping font 'Nimbus Roman Italic' because it's not a TTF (it doesn't have a name)
[2m2026-09-21T07:26:04.850251Z[0m [32m INFO[0m [2mruffle_desktop::backends::ui::fontconfig[0m[2m:[0m Skipping font 'P052 Italic' because it's not a TTF (it doesn't have a name)
[2m2026-09-21T07:26:04.850254Z[0m [32m INFO[0m [2mruffle_desktop::backends::ui::fontconfig[0m[2m:[0m Skipping font 'Nimbus Mono PS Italic' because it's not a TTF (it doesn't have a name)
[2m2026-09-21T07:26:04.850258Z[0m [32m INFO[0m [2mruffle_desktop::backends::ui::fontconfig[0m[2m:[0m Skipping font 'Nimbus Roman Italic' because it's not a TTF (it doesn't have a name)
[2m2026-09-21T07:26:04.850261Z[0m [32m INFO[0m [2mruffle_desktop::backends::ui::fontconfig[0m[2m:[0m Skipping font 'P052 Italic' because it's not a TTF (it doesn't have a name)
[2m2026-09-21T07:26:04.850365Z[0m [32m INFO[0m [2mruffle_desktop::backends::ui::fontconfig[0m[2m:[0m Skipping font 'Z003-MediumItalic' because it's not a TTF (it doesn't have a name)
[2m2026-09-21T07:26:04.850374Z[0m [32m INFO[0m [2mruffle_desktop::backends::ui::fontconfig[0m[2m:[0m Skipping font 'C059 Italic' because it's not a TTF (it doesn't have a name)
[2m2026-09-21T07:26:04.850380Z[0m [32m INFO[0m [2mruffle_desktop::backends::ui::fontconfig[0m[2m:[0m Skipping font 'Z003 Medium Italic' because it's not a TTF (it doesn't have a name)
[2m2026-09-21T07:26:04.850385Z[0m [32m INFO[0m [2mruffle_desktop::backends::ui::fontconfig[0m[2m:[0m Skipping font 'C059 Italic' because it's not a TTF (it doesn't have a name)
[2m2026-09-21T07:26:04.850389Z[0m [32m INFO[0m [2mruffle_desktop::backends::ui::fontconfig[0m[2m:[0m Skipping font 'Z003 Medium Italic' because it's not a TTF (it doesn't have a name)
[2m2026-09-21T07:26:04.850442Z[0m [32m INFO[0m [2mruffle_desktop::backends::ui::fontconfig[0m[2m:[0m Skipping font 'URWBookman-LightItalic' because it's not a TTF (it doesn't have a name)
[2m2026-09-21T07:26:04.850453Z[0m [32m INFO[0m [2mruffle_desktop::backends::ui::fontconfig[0m[2m:[0m Skipping font 'URW Bookman Light Italic' because it's not a TTF (it doesn't have a name)
[2m2026-09-21T07:26:04.850458Z[0m [32m INFO[0m [2mruffle_desktop::backends::ui::fontconfig[0m[2m:[0m Skipping font 'URW Bookman Light Italic' because it's not a TTF (it doesn't have a name)
[2m2026-09-21T07:26:04.850627Z[0m [32m INFO[0m [2mruffle_desktop::backends::ui::fontconfig[0m[2m:[0m Skipping font 'URWBookman-DemiItalic' because it's not a TTF (it doesn't have a name)
[2m2026-09-21T07:26:04.850639Z[0m [32m INFO[0m [2mruffle_desktop::backends::ui::fontconfig[0m[2m:[0m Skipping font 'URW Bookman Demi Italic' because it's not a TTF (it doesn't have a name)
[2m2026-09-21T07:26:04.850644Z[0m [32m INFO[0m [2mruffle_desktop::backends::ui::fontconfig[0m[2m:[0m Skipping font 'URW Bookman Demi Italic' because it's not a TTF (it doesn't have a name)
[2m2026-09-21T07:26:04.850838Z[0m [32m INFO[0m [2mruffle_desktop::backends::ui::fontconfig[0m[2m:[0m Skipping font 'C059-BdIta' because it's not a TTF (it doesn't have a name)
[2m2026-09-21T07:26:04.850851Z[0m [32m INFO[0m [2mruffle_desktop::backends::ui::fontconfig[0m[2m:[0m Skipping font 'NimbusMonoPS-BoldItalic' because it's not a TTF (it doesn't have a name)
[2m2026-09-21T07:26:04.850855Z[0m [32m INFO[0m [2mruffle_desktop::backends::ui::fontconfig[0m[2m:[0m Skipping font 'NimbusRoman-BoldItalic' because it's not a TTF (it doesn't have a name)
[2m2026-09-21T07:26:04.850860Z[0m [32m INFO[0m [2mruffle_desktop::backends::ui::fontconfig[0m[2m:[0m Skipping font 'P052-BoldItalic' because it's not a TTF (it doesn't have a name)
[2m2026-09-21T07:26:04.850864Z[0m [32m INFO[0m [2mruffle_desktop::backends::ui::fontconfig[0m[2m:[0m Skipping font 'C059 Bold Italic' because it's not a TTF (it doesn't have a name)
[2m2026-09-21T07:26:04.850868Z[0m [32m INFO[0m [2mruffle_desktop::backends::ui::fontconfig[0m[2m:[0m Skipping font 'Nimbus Mono PS Bold Italic' because it's not a TTF (it doesn't have a name)
[2m2026-09-21T07:26:04.850871Z[0m [32m INFO[0m [2mruffle_desktop::backends::ui::fontconfig[0m[2m:[0m Skipping font 'Nimbus Roman Bold Italic' because it's not a TTF (it doesn't have a name)
[2m2026-09-21T07:26:04.850875Z[0m [32m INFO[0m [2mruffle_desktop::backends::ui::fontconfig[0m[2m:[0m Skipping font 'P052 Bold Italic' because it's not a TTF (it doesn't have a name)
[2m2026-09-21T07:26:04.850878Z[0m [32m INFO[0m [2mruffle_desktop::backends::ui::fontconfig[0m[2m:[0m Skipping font 'C059 Bold Italic' because it's not a TTF (it doesn't have a name)
[2m2026-09-21T07:26:04.850882Z[0m [32m INFO[0m [2mruffle_desktop::backends::ui::fontconfig[0m[2m:[0m Skipping font 'Nimbus Mono PS Bold Italic' because it's not a TTF (it doesn't have a name)
[2m2026-09-21T07:26:04.850885Z[0m [32m INFO[0m [2mruffle_desktop::backends::ui::fontconfig[0m[2m:[0m Skipping font 'Nimbus Roman Bold Italic' because it's not a TTF (it doesn't have a name)
[2m2026-09-21T07:26:04.850889Z[0m [32m INFO[0m [2mruffle_desktop::backends::ui::fontconfig[0m[2m:[0m Skipping font 'P052 Bold Italic' because it's not a TTF (it doesn't have a name)
[2m2026-09-21T07:26:05.505212Z[0m [32m INFO[0m [2mavm_trace[0m[2m:[0m onLoaded1 [object ResourceInfo]
[2m2026-09-21T07:26:05.505251Z[0m [32m INFO[0m [2mavm_trace[0m[2m:[0m onLoaded login/Login.swf
[2m2026-09-21T07:26:05.505262Z[0m [32m INFO[0m [2mavm_trace[0m[2m:[0m loadCompleteHandler login/Login.swf
[2m2026-09-21T07:26:05.506398Z[0m [32m INFO[0m [2mavm_trace[0m[2m:[0m 已更新到最新版客户端…………
[2m2026-09-21T07:26:05.506564Z[0m [32m INFO[0m [2mavm_trace[0m[2m:[0m 加载登录面板成功。
[2m2026-09-21T07:26:05.507196Z[0m [32m INFO[0m [2mavm_trace[0m[2m:[0m onLoaded1 [object ResourceInfo]
[2m2026-09-21T07:26:05.507219Z[0m [32m INFO[0m [2mavm_trace[0m[2m:[0m onLoaded version/config.txt
[2m2026-09-21T07:26:05.507227Z[0m [32m INFO[0m [2mavm_trace[0m[2m:[0m loadCompleteHandler version/config.txt
[2m2026-09-21T07:26:33.394292Z[0m [32m INFO[0m [2mruffle_core::focus_tracker[0m[2m:[0m Focus is now on Some(Avm2Button(Avm2Button { ptr: 0x56082864f220 }))
[2m2026-09-21T07:26:33.394861Z[0m [33m WARN[0m [2mruffle_frontend_utils::backends::storage[0m[2m:[0m Unable to read file "localhost//#common/mole2_login": Os { code: 2, kind: NotFound, message: "No such file or directory" }
[2m2026-09-21T07:26:33.398432Z[0m [32m INFO[0m [2mruffle_core::focus_tracker[0m[2m:[0m Focus is now on Some(EditText(EditText { ptr: 0x56082960fb50 }))
[2m2026-09-21T07:26:33.399550Z[0m [32m INFO[0m [2mavm_trace[0m[2m:[0m onLoaded1 [object ResourceInfo]
[2m2026-09-21T07:26:33.399576Z[0m [32m INFO[0m [2mavm_trace[0m[2m:[0m onLoaded version/config.txt
[2m2026-09-21T07:26:33.399585Z[0m [32m INFO[0m [2mavm_trace[0m[2m:[0m loadCompleteHandler version/config.txt
[2m2026-09-21T07:26:33.399931Z[0m [32m INFO[0m [2mavm_trace[0m[2m:[0m config.txt DataVer=1788160236
[2m2026-09-21T07:26:33.399936Z[0m [32m INFO[0m [2mavm_trace[0m[2m:[0m config.txt DownLoadBaseUrl=http://202.189.23.31:93
[2m2026-09-21T07:26:33.399940Z[0m [32m INFO[0m [2mavm_trace[0m[2m:[0m config.txt ConfigBaseUrl=http://molehero.com
[2m2026-09-21T07:26:34.255110Z[0m [31mERROR[0m [2mruffle_core::loader[0m[2m:[0m Error during movie loading of "http://account-httpd.61.com/index.php?cmd=1101&type=4&rnd=0.6119598215445876": HttpNotOk("Got 401 Unauthorized", 401, false, 7531)
[2m2026-09-21T07:26:38.404563Z[0m [32m INFO[0m [2mavm_trace[0m[2m:[0m getRecommendLine out of time..............
[2m2026-09-21T07:26:38.404703Z[0m [33m WARN[0m [2mruffle_core::stub[0m[2m:[0m Encountered stub: AVM2 flash.net.URLLoader.close()
[2m2026-09-21T07:26:38.404792Z[0m [32m INFO[0m [2mavm_trace[0m[2m:[0m getRecommendLine error-----------
[2m2026-09-21T07:26:45.684283Z[0m [32m INFO[0m [2mruffle_core::focus_tracker[0m[2m:[0m Focus is now on None
[2m2026-09-21T07:26:50.988653Z[0m [32m INFO[0m [2mruffle_core::focus_tracker[0m[2m:[0m Focus is now on Some(EditText(EditText { ptr: 0x56082960fb50 }))
[2m2026-09-21T07:27:03.850111Z[0m [31mERROR[0m [2mruffle_core::loader[0m[2m:[0m Error during URLLoader load of "http://202.189.23.31/ip.txt": InvalidDomain("http://202.189.23.31/ip.txt")
[2m2026-09-21T07:27:04.632899Z[0m [32m INFO[0m [2mavm_trace[0m[2m:[0m 连接SOCKET：：：： 202.189.23.31 1800
[2m2026-09-21T07:27:04.632924Z[0m [32m INFO[0m [2mavm_trace[0m[2m:[0m >>> [CONNECT] 202.189.23.31:1800
[2m2026-09-21T07:27:04.632929Z[0m [32m INFO[0m [2mruffle_core::focus_tracker[0m[2m:[0m Focus is now on Some(EditText(EditText { ptr: 0x560829610190 }))
[2m2026-09-21T07:27:04.933290Z[0m [32m INFO[0m [2mavm_trace[0m[2m:[0m >>Socket[LoginModule][cmdID:101]
[2m2026-09-21T07:27:04.933549Z[0m [32m INFO[0m [2mavm_trace[0m[2m:[0m >>> [SEND][18B][cmdID:101] 00 00 00 12 00 65 00 01 C5 3F 00 00 00 01 00 00 00 00
[2m2026-09-21T07:27:05.238661Z[0m [32m INFO[0m [2mavm_trace[0m[2m:[0m <<< [RECV HEAD][18B] 00 00 00 16 00 65 00 00 00 00 00 00 00 00 00 00 00 00
[2m2026-09-21T07:27:05.238769Z[0m [32m INFO[0m [2mavm_trace[0m[2m:[0m <<< [RECV HEAD] pkgLen=22 cmdID=101 userID=0 result=0 error=0
[2m2026-09-21T07:27:05.238791Z[0m [32m INFO[0m [2mavm_trace[0m[2m:[0m <<< [RECV BODY][4B][cmdID:101] 00 00 00 00
[2m2026-09-21T07:27:05.238853Z[0m [32m INFO[0m [2mavm_trace[0m[2m:[0m <<< [CMD][101] body:00 00 00 00
[2m2026-09-21T07:27:05.239051Z[0m [32m INFO[0m [2mavm_trace[0m[2m:[0m >>> [CLOSE]
[2m2026-09-21T07:27:18.678014Z[0m [32m INFO[0m [2mruffle_core::focus_tracker[0m[2m:[0m Focus is now on None
[2m2026-09-21T07:27:23.759998Z[0m [32m INFO[0m [2mruffle_core::focus_tracker[0m[2m:[0m Focus is now on Some(Avm2Button(Avm2Button { ptr: 0x5608295db030 }))
[2m2026-09-21T07:27:23.760569Z[0m [32m INFO[0m [2mavm_trace[0m[2m:[0m 你使用的是MIMI号
[2m2026-09-21T07:27:23.760739Z[0m [32m INFO[0m [2mavm_trace[0m[2m:[0m 连接SOCKET：：：： 202.189.23.31 1800
[2m2026-09-21T07:27:23.760752Z[0m [32m INFO[0m [2mavm_trace[0m[2m:[0m >>> [CONNECT] 202.189.23.31:1800
[2m2026-09-21T07:27:24.037398Z[0m [32m INFO[0m [2mavm_trace[0m[2m:[0m pwdBy b173e2b869bffb5addff7ee1e5cdaf6f
[2m2026-09-21T07:27:24.037435Z[0m [32m INFO[0m [2mavm_trace[0m[2m:[0m >>Socket[LoginModule][cmdID:103]
[2m2026-09-21T07:27:24.037587Z[0m [32m INFO[0m [2mavm_trace[0m[2m:[0m >>> [SEND][148B][cmdID:103] 00 00 00 94 00 67 00 01 C5 3F 00 00 00 01 00 00 00 00 62 31 37 33 65 32 62 38 36 39 62 66 66 62 35 61 64 64 66 66 37 65 65 31 65 35 63 64 61 66 36 66 6A 95 28 EC 00 00 00 07 00 00 00 00 00 00 00 00 00 00 00 00 00 00 00 00 00 00 00 00 00 00 00 00 00 00 6E 6F 6E 65 00 00 00 00 00 00 00 00 00 00 00 00 00 00 00 00 00 00 00 00 00 00 00 00 00 00 00 00 00 00 00 00 00 00 00 00 00 00 00 00 00 00 00 00 00 00 00 00 00 00 00 00 00 00 00 00 00 00 00 00
[2m2026-09-21T07:27:24.314104Z[0m [32m INFO[0m [2mavm_trace[0m[2m:[0m <<< [RECV HEAD][18B] 00 00 00 2A 00 67 00 01 C5 3F 00 00 00 00 00 00 00 00
[2m2026-09-21T07:27:24.314147Z[0m [32m INFO[0m [2mavm_trace[0m[2m:[0m <<< [RECV HEAD] pkgLen=42 cmdID=103 userID=116031 result=0 error=0
[2m2026-09-21T07:27:24.314178Z[0m [32m INFO[0m [2mavm_trace[0m[2m:[0m <<< [RECV BODY][24B][cmdID:103] 00 00 00 00 39 36 33 63 39 36 62 36 31 63 34 39 36 62 37 64 00 00 00 01
[2m2026-09-21T07:27:24.314206Z[0m [32m INFO[0m [2mavm_trace[0m[2m:[0m <<< [CMD][103] body:00 00 00 00 39 36 33 63 39 36 62 36 31 63 34 39 36 62 37 64 00 00 00 01
[2m2026-09-21T07:27:24.314747Z[0m [32m INFO[0m [2mavm_trace[0m[2m:[0m LoginPanel.as -- > login by NROMAL
[2m2026-09-21T07:27:24.314835Z[0m [32m INFO[0m [2mavm_trace[0m[2m:[0m 连接SOCKET：：：： 202.189.23.31 1800
[2m2026-09-21T07:27:24.314846Z[0m [32m INFO[0m [2mavm_trace[0m[2m:[0m >>> [CONNECT] 202.189.23.31:1800
[2m2026-09-21T07:27:24.587735Z[0m [32m INFO[0m [2mavm_trace[0m[2m:[0m >>Socket[LoginModule][cmdID:105]
[2m2026-09-21T07:27:24.587823Z[0m [32m INFO[0m [2mavm_trace[0m[2m:[0m >>> [SEND][38B][cmdID:105] 00 00 00 26 00 69 00 01 C5 3F 00 00 00 01 00 00 00 00 39 36 33 63 39 36 62 36 31 63 34 39 36 62 37 64 00 00 00 00
[2m2026-09-21T07:27:24.853433Z[0m [32m INFO[0m [2mavm_trace[0m[2m:[0m <<< [RECV HEAD][18B] 00 00 01 62 00 69 00 01 C5 3F 00 00 00 00 00 00 00 00
[2m2026-09-21T07:27:24.853475Z[0m [32m INFO[0m [2mavm_trace[0m[2m:[0m <<< [RECV HEAD] pkgLen=354 cmdID=105 userID=116031 result=0 error=0
[2m2026-09-21T07:27:24.853749Z[0m [32m INFO[0m [2mavm_trace[0m[2m:[0m <<< [RECV BODY][336B][cmdID:105] 00 00 00 0A 00 00 00 01 00 00 00 0A 00 00 00 01 00 00 00 02 32 30 32 2E 31 38 39 2E 32 33 2E 33 31 00 00 00 07 3A 00 00 00 00 00 00 00 02 00 00 00 02 32 30 32 2E 31 38 39 2E 32 33 2E 33 31 00 00 00 07 3B 00 00 00 00 00 00 00 03 00 00 00 02 32 30 32 2E 31 38 39 2E 32 33 2E 33 31 00 00 00 07 3C 00 00 00 00 00 00 00 04 00 00 00 04 32 30 32 2E 31 38 39 2E 32 33 2E 33 31 00 00 00 07 3D 00 00 00 00 00 00 00 05 00 00 00 01 32 30 32 2E 31 38 39 2E 32 33 2E 33 31 00 00 00 07 3E 00 00 00 00 00 00 00 06 00 00 00 02 32 30 32 2E 31 38 39 2E 32 33 2E 33 31 00 00 00 07 3F 00 00 00 00 00 00 00 07 00 00 00 02 32 30 32 2E 31 38 39 2E 32 33 2E 33 31 00 00 00 07 40 00 00 00 00 00 00 00 08 00 00 00 02 32 30 32 2E 31 38 39 2E 32 33 2E 33 31 00 00 00 07 41 00 00 00 00 00 00 00 09 00 00 00 02 32 30 32 2E 31 38 39 2E 32 33 2E 33 31 00 00 00 07 42 00 00 00 00 00 00 00 0A 00 00 00 02 32 30 32 2E 31 38 39 2E 32 33 2E 33 31 00 00 00 07 43 00 00 00 00 00 00 00 00 00 00 00 00 00 00 00 00 00 00 00 00 00 00 00 00 00 00 00 00
[2m2026-09-21T07:27:24.853835Z[0m [32m INFO[0m [2mavm_trace[0m[2m:[0m <<< [CMD][105] body:00 00 00 0A 00 00 00 01 00 00 00 0A 00 00 00 01 00 00 00 02 32 30 32 2E 31 38 39 2E 32 33 2E 33 31 00 00 00 07 3A 00 00 00 00 00 00 00 02 00 00 00 02 32 30 32 2E 31 38 39 2E 32 33 2E 33 31 00
[2m2026-09-21T07:27:24.854056Z[0m [32m INFO[0m [2mavm_trace[0m[2m:[0m >>> [CLOSE]
[2m2026-09-21T07:27:24.857809Z[0m [32m INFO[0m [2mruffle_desktop::backends::ui::fontconfig[0m[2m:[0m Skipping font 'NimbusSans-Regular' because it's not a TTF (it doesn't have a name)
[2m2026-09-21T07:27:24.857833Z[0m [32m INFO[0m [2mruffle_desktop::backends::ui::fontconfig[0m[2m:[0m Skipping font 'Nimbus Sans Regular' because it's not a TTF (it doesn't have a name)
[2m2026-09-21T07:27:24.857837Z[0m [32m INFO[0m [2mruffle_desktop::backends::ui::fontconfig[0m[2m:[0m Skipping font 'Nimbus Sans Regular' because it's not a TTF (it doesn't have a name)
[2m2026-09-21T07:27:24.857840Z[0m [32m INFO[0m [2mruffle_desktop::backends::ui::fontconfig[0m[2m:[0m Skipping font 'NimbusSans-Bold' because it's not a TTF (it doesn't have a name)
[2m2026-09-21T07:27:24.857845Z[0m [32m INFO[0m [2mruffle_desktop::backends::ui::fontconfig[0m[2m:[0m Skipping font 'Nimbus Sans Bold' because it's not a TTF (it doesn't have a name)
[2m2026-09-21T07:27:24.857848Z[0m [32m INFO[0m [2mruffle_desktop::backends::ui::fontconfig[0m[2m:[0m Skipping font 'Nimbus Sans Bold' because it's not a TTF (it doesn't have a name)
[2m2026-09-21T07:27:24.857852Z[0m [32m INFO[0m [2mruffle_desktop::backends::ui::fontconfig[0m[2m:[0m Skipping font 'NimbusSans-Italic' because it's not a TTF (it doesn't have a name)
[2m2026-09-21T07:27:24.857856Z[0m [32m INFO[0m [2mruffle_desktop::backends::ui::fontconfig[0m[2m:[0m Skipping font 'Nimbus Sans Italic' because it's not a TTF (it doesn't have a name)
[2m2026-09-21T07:27:24.857859Z[0m [32m INFO[0m [2mruffle_desktop::backends::ui::fontconfig[0m[2m:[0m Skipping font 'Nimbus Sans Italic' because it's not a TTF (it doesn't have a name)
[2m2026-09-21T07:27:24.857863Z[0m [32m INFO[0m [2mruffle_desktop::backends::ui::fontconfig[0m[2m:[0m Skipping font 'NimbusSans-BoldItalic' because it's not a TTF (it doesn't have a name)
[2m2026-09-21T07:27:24.857866Z[0m [32m INFO[0m [2mruffle_desktop::backends::ui::fontconfig[0m[2m:[0m Skipping font 'Nimbus Sans Bold Italic' because it's not a TTF (it doesn't have a name)
[2m2026-09-21T07:27:24.857870Z[0m [32m INFO[0m [2mruffle_desktop::backends::ui::fontconfig[0m[2m:[0m Skipping font 'Nimbus Sans Bold Italic' because it's not a TTF (it doesn't have a name)
[2m2026-09-21T07:27:24.857875Z[0m [32m INFO[0m [2mruffle_desktop::backends::ui::fontconfig[0m[2m:[0m Skipping font 'URWGothic-Book' because it's not a TTF (it doesn't have a name)
[2m2026-09-21T07:27:24.857879Z[0m [32m INFO[0m [2mruffle_desktop::backends::ui::fontconfig[0m[2m:[0m Skipping font 'URW Gothic Book' because it's not a TTF (it doesn't have a name)
[2m2026-09-21T07:27:24.857883Z[0m [32m INFO[0m [2mruffle_desktop::backends::ui::fontconfig[0m[2m:[0m Skipping font 'URW Gothic Book' because it's not a TTF (it doesn't have a name)
[2m2026-09-21T07:27:24.857886Z[0m [32m INFO[0m [2mruffle_desktop::backends::ui::fontconfig[0m[2m:[0m Skipping font 'URWGothic-Demi' because it's not a TTF (it doesn't have a name)
[2m2026-09-21T07:27:24.857890Z[0m [32m INFO[0m [2mruffle_desktop::backends::ui::fontconfig[0m[2m:[0m Skipping font 'URW Gothic Demi' because it's not a TTF (it doesn't have a name)
[2m2026-09-21T07:27:24.857893Z[0m [32m INFO[0m [2mruffle_desktop::backends::ui::fontconfig[0m[2m:[0m Skipping font 'URW Gothic Demi' because it's not a TTF (it doesn't have a name)
[2m2026-09-21T07:27:24.857896Z[0m [32m INFO[0m [2mruffle_desktop::backends::ui::fontconfig[0m[2m:[0m Skipping font 'URWGothic-BookOblique' because it's not a TTF (it doesn't have a name)
[2m2026-09-21T07:27:24.857900Z[0m [32m INFO[0m [2mruffle_desktop::backends::ui::fontconfig[0m[2m:[0m Skipping font 'URW Gothic Book Oblique' because it's not a TTF (it doesn't have a name)
[2m2026-09-21T07:27:24.857903Z[0m [32m INFO[0m [2mruffle_desktop::backends::ui::fontconfig[0m[2m:[0m Skipping font 'URW Gothic Book Oblique' because it's not a TTF (it doesn't have a name)
[2m2026-09-21T07:27:24.857907Z[0m [32m INFO[0m [2mruffle_desktop::backends::ui::fontconfig[0m[2m:[0m Skipping font 'URWGothic-DemiOblique' because it's not a TTF (it doesn't have a name)
[2m2026-09-21T07:27:24.857910Z[0m [32m INFO[0m [2mruffle_desktop::backends::ui::fontconfig[0m[2m:[0m Skipping font 'URW Gothic Demi Oblique' because it's not a TTF (it doesn't have a name)
[2m2026-09-21T07:27:24.857914Z[0m [32m INFO[0m [2mruffle_desktop::backends::ui::fontconfig[0m[2m:[0m Skipping font 'URW Gothic Demi Oblique' because it's not a TTF (it doesn't have a name)
[2m2026-09-21T07:27:24.857918Z[0m [32m INFO[0m [2mruffle_desktop::backends::ui::fontconfig[0m[2m:[0m Skipping font 'Nimbus Sans Narrow Regular' because it's not a TTF (it doesn't have a name)
[2m2026-09-21T07:27:24.857921Z[0m [32m INFO[0m [2mruffle_desktop::backends::ui::fontconfig[0m[2m:[0m Skipping font 'Nimbus Sans Narrow Regular' because it's not a TTF (it doesn't have a name)
[2m2026-09-21T07:27:24.857925Z[0m [32m INFO[0m [2mruffle_desktop::backends::ui::fontconfig[0m[2m:[0m Skipping font 'NimbusSansNarrow-Regular' because it's not a TTF (it doesn't have a name)
[2m2026-09-21T07:27:24.857928Z[0m [32m INFO[0m [2mruffle_desktop::backends::ui::fontconfig[0m[2m:[0m Skipping font 'Nimbus Sans Narrow Bold' because it's not a TTF (it doesn't have a name)
[2m2026-09-21T07:27:24.857932Z[0m [32m INFO[0m [2mruffle_desktop::backends::ui::fontconfig[0m[2m:[0m Skipping font 'Nimbus Sans Narrow Bold' because it's not a TTF (it doesn't have a name)
[2m2026-09-21T07:27:24.857935Z[0m [32m INFO[0m [2mruffle_desktop::backends::ui::fontconfig[0m[2m:[0m Skipping font 'NimbusSansNarrow-Bold' because it's not a TTF (it doesn't have a name)
[2m2026-09-21T07:27:24.857939Z[0m [32m INFO[0m [2mruffle_desktop::backends::ui::fontconfig[0m[2m:[0m Skipping font 'Nimbus Sans Narrow Oblique' because it's not a TTF (it doesn't have a name)
[2m2026-09-21T07:27:24.857942Z[0m [32m INFO[0m [2mruffle_desktop::backends::ui::fontconfig[0m[2m:[0m Skipping font 'Nimbus Sans Narrow Oblique' because it's not a TTF (it doesn't have a name)
[2m2026-09-21T07:27:24.857946Z[0m [32m INFO[0m [2mruffle_desktop::backends::ui::fontconfig[0m[2m:[0m Skipping font 'NimbusSansNarrow-Oblique' because it's not a TTF (it doesn't have a name)
[2m2026-09-21T07:27:24.857949Z[0m [32m INFO[0m [2mruffle_desktop::backends::ui::fontconfig[0m[2m:[0m Skipping font 'Nimbus Sans Narrow Bold Oblique' because it's not a TTF (it doesn't have a name)
[2m2026-09-21T07:27:24.857953Z[0m [32m INFO[0m [2mruffle_desktop::backends::ui::fontconfig[0m[2m:[0m Skipping font 'Nimbus Sans Narrow Bold Oblique' because it's not a TTF (it doesn't have a name)
[2m2026-09-21T07:27:24.857957Z[0m [32m INFO[0m [2mruffle_desktop::backends::ui::fontconfig[0m[2m:[0m Skipping font 'NimbusSansNarrow-BoldOblique' because it's not a TTF (it doesn't have a name)
[2m2026-09-21T07:27:24.859112Z[0m [32m INFO[0m [2mruffle_desktop::backends::ui::fontconfig[0m[2m:[0m Skipping font 'Noto Sans CJK JP' because it's not a TTF (it doesn't have a name)
[2m2026-09-21T07:27:24.859128Z[0m [32m INFO[0m [2mruffle_desktop::backends::ui::fontconfig[0m[2m:[0m Skipping font 'Noto Sans CJK KR' because it's not a TTF (it doesn't have a name)
[2m2026-09-21T07:27:24.859131Z[0m [32m INFO[0m [2mruffle_desktop::backends::ui::fontconfig[0m[2m:[0m Skipping font 'Noto Sans CJK SC' because it's not a TTF (it doesn't have a name)
[2m2026-09-21T07:27:24.859137Z[0m [32m INFO[0m [2mruffle_desktop::backends::ui::fontconfig[0m[2m:[0m Skipping font 'Noto Sans CJK TC' because it's not a TTF (it doesn't have a name)
[2m2026-09-21T07:27:24.859140Z[0m [32m INFO[0m [2mruffle_desktop::backends::ui::fontconfig[0m[2m:[0m Skipping font 'Noto Sans CJK HK' because it's not a TTF (it doesn't have a name)
[2m2026-09-21T07:27:24.859144Z[0m [32m INFO[0m [2mruffle_desktop::backends::ui::fontconfig[0m[2m:[0m Skipping font 'Noto Sans Mono CJK JP' because it's not a TTF (it doesn't have a name)
[2m2026-09-21T07:27:24.859148Z[0m [32m INFO[0m [2mruffle_desktop::backends::ui::fontconfig[0m[2m:[0m Skipping font 'Noto Sans Mono CJK KR' because it's not a TTF (it doesn't have a name)
[2m2026-09-21T07:27:24.859151Z[0m [32m INFO[0m [2mruffle_desktop::backends::ui::fontconfig[0m[2m:[0m Skipping font 'Noto Sans Mono CJK SC' because it's not a TTF (it doesn't have a name)
[2m2026-09-21T07:27:24.859155Z[0m [32m INFO[0m [2mruffle_desktop::backends::ui::fontconfig[0m[2m:[0m Skipping font 'Noto Sans Mono CJK TC' because it's not a TTF (it doesn't have a name)
[2m2026-09-21T07:27:24.859158Z[0m [32m INFO[0m [2mruffle_desktop::backends::ui::fontconfig[0m[2m:[0m Skipping font 'Noto Sans Mono CJK HK' because it's not a TTF (it doesn't have a name)
[2m2026-09-21T07:27:24.859162Z[0m [32m INFO[0m [2mruffle_desktop::backends::ui::fontconfig[0m[2m:[0m Skipping font 'Noto Serif CJK JP' because it's not a TTF (it doesn't have a name)
[2m2026-09-21T07:27:24.859166Z[0m [32m INFO[0m [2mruffle_desktop::backends::ui::fontconfig[0m[2m:[0m Skipping font 'Noto Serif CJK KR' because it's not a TTF (it doesn't have a name)
[2m2026-09-21T07:27:24.859169Z[0m [32m INFO[0m [2mruffle_desktop::backends::ui::fontconfig[0m[2m:[0m Skipping font 'Noto Serif CJK SC' because it's not a TTF (it doesn't have a name)
[2m2026-09-21T07:27:24.859173Z[0m [32m INFO[0m [2mruffle_desktop::backends::ui::fontconfig[0m[2m:[0m Skipping font 'Noto Serif CJK TC' because it's not a TTF (it doesn't have a name)
[2m2026-09-21T07:27:24.859177Z[0m [32m INFO[0m [2mruffle_desktop::backends::ui::fontconfig[0m[2m:[0m Skipping font 'Noto Serif CJK HK' because it's not a TTF (it doesn't have a name)
[2m2026-09-21T07:27:24.859180Z[0m [32m INFO[0m [2mruffle_desktop::backends::ui::fontconfig[0m[2m:[0m Skipping font 'D050000L' because it's not a TTF (it doesn't have a name)
[2m2026-09-21T07:27:24.859184Z[0m [32m INFO[0m [2mruffle_desktop::backends::ui::fontconfig[0m[2m:[0m Skipping font 'Standard Symbols PS' because it's not a TTF (it doesn't have a name)
[2m2026-09-21T07:27:24.859188Z[0m [32m INFO[0m [2mruffle_desktop::backends::ui::fontconfig[0m[2m:[0m Skipping font 'C059-Roman' because it's not a TTF (it doesn't have a name)
[2m2026-09-21T07:27:24.859191Z[0m [32m INFO[0m [2mruffle_desktop::backends::ui::fontconfig[0m[2m:[0m Skipping font 'NimbusMonoPS-Regular' because it's not a TTF (it doesn't have a name)
[2m2026-09-21T07:27:24.859195Z[0m [32m INFO[0m [2mruffle_desktop::backends::ui::fontconfig[0m[2m:[0m Skipping font 'NimbusRoman-Regular' because it's not a TTF (it doesn't have a name)
[2m2026-09-21T07:27:24.859199Z[0m [32m INFO[0m [2mruffle_desktop::backends::ui::fontconfig[0m[2m:[0m Skipping font 'P052-Roman' because it's not a TTF (it doesn't have a name)
[2m2026-09-21T07:27:24.859243Z[0m [32m INFO[0m [2mruffle_desktop::backends::ui::fontconfig[0m[2m:[0m Skipping font 'Nimbus Mono PS Regular' because it's not a TTF (it doesn't have a name)
[2m2026-09-21T07:27:24.859248Z[0m [32m INFO[0m [2mruffle_desktop::backends::ui::fontconfig[0m[2m:[0m Skipping font 'Nimbus Roman Regular' because it's not a TTF (it doesn't have a name)
[2m2026-09-21T07:27:24.859251Z[0m [32m INFO[0m [2mruffle_desktop::backends::ui::fontconfig[0m[2m:[0m Skipping font 'Nimbus Mono PS Regular' because it's not a TTF (it doesn't have a name)
[2m2026-09-21T07:27:24.859255Z[0m [32m INFO[0m [2mruffle_desktop::backends::ui::fontconfig[0m[2m:[0m Skipping font 'Nimbus Roman Regular' because it's not a TTF (it doesn't have a name)
[2m2026-09-21T07:27:24.859259Z[0m [32m INFO[0m [2mruffle_desktop::backends::ui::fontconfig[0m[2m:[0m Skipping font 'D050000L Regular' because it's not a TTF (it doesn't have a name)
[2m2026-09-21T07:27:24.859263Z[0m [32m INFO[0m [2mruffle_desktop::backends::ui::fontconfig[0m[2m:[0m Skipping font 'Standard Symbols PS Regular' because it's not a TTF (it doesn't have a name)
[2m2026-09-21T07:27:24.859266Z[0m [32m INFO[0m [2mruffle_desktop::backends::ui::fontconfig[0m[2m:[0m Skipping font 'D050000L Regular' because it's not a TTF (it doesn't have a name)
[2m2026-09-21T07:27:24.859270Z[0m [32m INFO[0m [2mruffle_desktop::backends::ui::fontconfig[0m[2m:[0m Skipping font 'Standard Symbols PS Regular' because it's not a TTF (it doesn't have a name)
[2m2026-09-21T07:27:24.859407Z[0m [32m INFO[0m [2mruffle_desktop::backends::ui::fontconfig[0m[2m:[0m Skipping font 'C059 Roman' because it's not a TTF (it doesn't have a name)
[2m2026-09-21T07:27:24.859418Z[0m [32m INFO[0m [2mruffle_desktop::backends::ui::fontconfig[0m[2m:[0m Skipping font 'P052 Roman' because it's not a TTF (it doesn't have a name)
[2m2026-09-21T07:27:24.859422Z[0m [32m INFO[0m [2mruffle_desktop::backends::ui::fontconfig[0m[2m:[0m Skipping font 'C059 Roman' because it's not a TTF (it doesn't have a name)
[2m2026-09-21T07:27:24.859425Z[0m [32m INFO[0m [2mruffle_desktop::backends::ui::fontconfig[0m[2m:[0m Skipping font 'P052 Roman' because it's not a TTF (it doesn't have a name)
[2m2026-09-21T07:27:24.859494Z[0m [32m INFO[0m [2mruffle_desktop::backends::ui::fontconfig[0m[2m:[0m Skipping font 'URWBookman-Light' because it's not a TTF (it doesn't have a name)
[2m2026-09-21T07:27:24.859518Z[0m [32m INFO[0m [2mruffle_desktop::backends::ui::fontconfig[0m[2m:[0m Skipping font 'URW Bookman Light' because it's not a TTF (it doesn't have a name)
[2m2026-09-21T07:27:24.859522Z[0m [32m INFO[0m [2mruffle_desktop::backends::ui::fontconfig[0m[2m:[0m Skipping font 'URW Bookman Light' because it's not a TTF (it doesn't have a name)
[2m2026-09-21T07:27:24.859705Z[0m [32m INFO[0m [2mruffle_desktop::backends::ui::fontconfig[0m[2m:[0m Skipping font 'URWBookman-Demi' because it's not a TTF (it doesn't have a name)
[2m2026-09-21T07:27:24.859717Z[0m [32m INFO[0m [2mruffle_desktop::backends::ui::fontconfig[0m[2m:[0m Skipping font 'URW Bookman Demi' because it's not a TTF (it doesn't have a name)
[2m2026-09-21T07:27:24.859721Z[0m [32m INFO[0m [2mruffle_desktop::backends::ui::fontconfig[0m[2m:[0m Skipping font 'URW Bookman Demi' because it's not a TTF (it doesn't have a name)
[2m2026-09-21T07:27:24.860153Z[0m [32m INFO[0m [2mruffle_desktop::backends::ui::fontconfig[0m[2m:[0m Skipping font 'Noto Sans CJK JP Bold' because it's not a TTF (it doesn't have a name)
[2m2026-09-21T07:27:24.860167Z[0m [32m INFO[0m [2mruffle_desktop::backends::ui::fontconfig[0m[2m:[0m Skipping font 'Noto Sans CJK KR Bold' because it's not a TTF (it doesn't have a name)
[2m2026-09-21T07:27:24.860170Z[0m [32m INFO[0m [2mruffle_desktop::backends::ui::fontconfig[0m[2m:[0m Skipping font 'Noto Sans CJK SC Bold' because it's not a TTF (it doesn't have a name)
[2m2026-09-21T07:27:24.860174Z[0m [32m INFO[0m [2mruffle_desktop::backends::ui::fontconfig[0m[2m:[0m Skipping font 'Noto Sans CJK TC Bold' because it's not a TTF (it doesn't have a name)
[2m2026-09-21T07:27:24.860177Z[0m [32m INFO[0m [2mruffle_desktop::backends::ui::fontconfig[0m[2m:[0m Skipping font 'Noto Sans CJK HK Bold' because it's not a TTF (it doesn't have a name)
[2m2026-09-21T07:27:24.860181Z[0m [32m INFO[0m [2mruffle_desktop::backends::ui::fontconfig[0m[2m:[0m Skipping font 'Noto Sans Mono CJK JP Bold' because it's not a TTF (it doesn't have a name)
[2m2026-09-21T07:27:24.860185Z[0m [32m INFO[0m [2mruffle_desktop::backends::ui::fontconfig[0m[2m:[0m Skipping font 'Noto Sans Mono CJK KR Bold' because it's not a TTF (it doesn't have a name)
[2m2026-09-21T07:27:24.860190Z[0m [32m INFO[0m [2mruffle_desktop::backends::ui::fontconfig[0m[2m:[0m Skipping font 'Noto Sans Mono CJK SC Bold' because it's not a TTF (it doesn't have a name)
[2m2026-09-21T07:27:24.860193Z[0m [32m INFO[0m [2mruffle_desktop::backends::ui::fontconfig[0m[2m:[0m Skipping font 'Noto Sans Mono CJK TC Bold' because it's not a TTF (it doesn't have a name)
[2m2026-09-21T07:27:24.860198Z[0m [32m INFO[0m [2mruffle_desktop::backends::ui::fontconfig[0m[2m:[0m Skipping font 'Noto Sans Mono CJK HK Bold' because it's not a TTF (it doesn't have a name)
[2m2026-09-21T07:27:24.860206Z[0m [32m INFO[0m [2mruffle_desktop::backends::ui::fontconfig[0m[2m:[0m Skipping font 'Noto Serif CJK JP Bold' because it's not a TTF (it doesn't have a name)
[2m2026-09-21T07:27:24.860210Z[0m [32m INFO[0m [2mruffle_desktop::backends::ui::fontconfig[0m[2m:[0m Skipping font 'Noto Serif CJK KR Bold' because it's not a TTF (it doesn't have a name)
[2m2026-09-21T07:27:24.860214Z[0m [32m INFO[0m [2mruffle_desktop::backends::ui::fontconfig[0m[2m:[0m Skipping font 'Noto Serif CJK SC Bold' because it's not a TTF (it doesn't have a name)
[2m2026-09-21T07:27:24.860219Z[0m [32m INFO[0m [2mruffle_desktop::backends::ui::fontconfig[0m[2m:[0m Skipping font 'Noto Serif CJK TC Bold' because it's not a TTF (it doesn't have a name)
[2m2026-09-21T07:27:24.860223Z[0m [32m INFO[0m [2mruffle_desktop::backends::ui::fontconfig[0m[2m:[0m Skipping font 'Noto Serif CJK HK Bold' because it's not a TTF (it doesn't have a name)
[2m2026-09-21T07:27:24.860228Z[0m [32m INFO[0m [2mruffle_desktop::backends::ui::fontconfig[0m[2m:[0m Skipping font 'C059-Bold' because it's not a TTF (it doesn't have a name)
[2m2026-09-21T07:27:24.860232Z[0m [32m INFO[0m [2mruffle_desktop::backends::ui::fontconfig[0m[2m:[0m Skipping font 'NimbusMonoPS-Bold' because it's not a TTF (it doesn't have a name)
[2m2026-09-21T07:27:24.860235Z[0m [32m INFO[0m [2mruffle_desktop::backends::ui::fontconfig[0m[2m:[0m Skipping font 'NimbusRoman-Bold' because it's not a TTF (it doesn't have a name)
[2m2026-09-21T07:27:24.860239Z[0m [32m INFO[0m [2mruffle_desktop::backends::ui::fontconfig[0m[2m:[0m Skipping font 'P052-Bold' because it's not a TTF (it doesn't have a name)
[2m2026-09-21T07:27:24.860243Z[0m [32m INFO[0m [2mruffle_desktop::backends::ui::fontconfig[0m[2m:[0m Skipping font 'C059 Bold' because it's not a TTF (it doesn't have a name)
[2m2026-09-21T07:27:24.860246Z[0m [32m INFO[0m [2mruffle_desktop::backends::ui::fontconfig[0m[2m:[0m Skipping font 'Nimbus Mono PS Bold' because it's not a TTF (it doesn't have a name)
[2m2026-09-21T07:27:24.860250Z[0m [32m INFO[0m [2mruffle_desktop::backends::ui::fontconfig[0m[2m:[0m Skipping font 'Nimbus Roman Bold' because it's not a TTF (it doesn't have a name)
[2m2026-09-21T07:27:24.860253Z[0m [32m INFO[0m [2mruffle_desktop::backends::ui::fontconfig[0m[2m:[0m Skipping font 'P052 Bold' because it's not a TTF (it doesn't have a name)
[2m2026-09-21T07:27:24.860257Z[0m [32m INFO[0m [2mruffle_desktop::backends::ui::fontconfig[0m[2m:[0m Skipping font 'C059 Bold' because it's not a TTF (it doesn't have a name)
[2m2026-09-21T07:27:24.860261Z[0m [32m INFO[0m [2mruffle_desktop::backends::ui::fontconfig[0m[2m:[0m Skipping font 'Nimbus Mono PS Bold' because it's not a TTF (it doesn't have a name)
[2m2026-09-21T07:27:24.860264Z[0m [32m INFO[0m [2mruffle_desktop::backends::ui::fontconfig[0m[2m:[0m Skipping font 'Nimbus Roman Bold' because it's not a TTF (it doesn't have a name)
[2m2026-09-21T07:27:24.860268Z[0m [32m INFO[0m [2mruffle_desktop::backends::ui::fontconfig[0m[2m:[0m Skipping font 'P052 Bold' because it's not a TTF (it doesn't have a name)
[2m2026-09-21T07:27:24.860807Z[0m [32m INFO[0m [2mruffle_desktop::backends::ui::fontconfig[0m[2m:[0m Skipping font 'C059-Italic' because it's not a TTF (it doesn't have a name)
[2m2026-09-21T07:27:24.860820Z[0m [32m INFO[0m [2mruffle_desktop::backends::ui::fontconfig[0m[2m:[0m Skipping font 'NimbusMonoPS-Italic' because it's not a TTF (it doesn't have a name)
[2m2026-09-21T07:27:24.860824Z[0m [32m INFO[0m [2mruffle_desktop::backends::ui::fontconfig[0m[2m:[0m Skipping font 'NimbusRoman-Italic' because it's not a TTF (it doesn't have a name)
[2m2026-09-21T07:27:24.860828Z[0m [32m INFO[0m [2mruffle_desktop::backends::ui::fontconfig[0m[2m:[0m Skipping font 'P052-Italic' because it's not a TTF (it doesn't have a name)
[2m2026-09-21T07:27:24.860831Z[0m [32m INFO[0m [2mruffle_desktop::backends::ui::fontconfig[0m[2m:[0m Skipping font 'Nimbus Mono PS Italic' because it's not a TTF (it doesn't have a name)
[2m2026-09-21T07:27:24.860836Z[0m [32m INFO[0m [2mruffle_desktop::backends::ui::fontconfig[0m[2m:[0m Skipping font 'Nimbus Roman Italic' because it's not a TTF (it doesn't have a name)
[2m2026-09-21T07:27:24.860840Z[0m [32m INFO[0m [2mruffle_desktop::backends::ui::fontconfig[0m[2m:[0m Skipping font 'P052 Italic' because it's not a TTF (it doesn't have a name)
[2m2026-09-21T07:27:24.860844Z[0m [32m INFO[0m [2mruffle_desktop::backends::ui::fontconfig[0m[2m:[0m Skipping font 'Nimbus Mono PS Italic' because it's not a TTF (it doesn't have a name)
[2m2026-09-21T07:27:24.860847Z[0m [32m INFO[0m [2mruffle_desktop::backends::ui::fontconfig[0m[2m:[0m Skipping font 'Nimbus Roman Italic' because it's not a TTF (it doesn't have a name)
[2m2026-09-21T07:27:24.860851Z[0m [32m INFO[0m [2mruffle_desktop::backends::ui::fontconfig[0m[2m:[0m Skipping font 'P052 Italic' because it's not a TTF (it doesn't have a name)
[2m2026-09-21T07:27:24.860986Z[0m [32m INFO[0m [2mruffle_desktop::backends::ui::fontconfig[0m[2m:[0m Skipping font 'Z003-MediumItalic' because it's not a TTF (it doesn't have a name)
[2m2026-09-21T07:27:24.860997Z[0m [32m INFO[0m [2mruffle_desktop::backends::ui::fontconfig[0m[2m:[0m Skipping font 'C059 Italic' because it's not a TTF (it doesn't have a name)
[2m2026-09-21T07:27:24.861001Z[0m [32m INFO[0m [2mruffle_desktop::backends::ui::fontconfig[0m[2m:[0m Skipping font 'Z003 Medium Italic' because it's not a TTF (it doesn't have a name)
[2m2026-09-21T07:27:24.861004Z[0m [32m INFO[0m [2mruffle_desktop::backends::ui::fontconfig[0m[2m:[0m Skipping font 'C059 Italic' because it's not a TTF (it doesn't have a name)
[2m2026-09-21T07:27:24.861008Z[0m [32m INFO[0m [2mruffle_desktop::backends::ui::fontconfig[0m[2m:[0m Skipping font 'Z003 Medium Italic' because it's not a TTF (it doesn't have a name)
[2m2026-09-21T07:27:24.861075Z[0m [32m INFO[0m [2mruffle_desktop::backends::ui::fontconfig[0m[2m:[0m Skipping font 'URWBookman-LightItalic' because it's not a TTF (it doesn't have a name)
[2m2026-09-21T07:27:24.861086Z[0m [32m INFO[0m [2mruffle_desktop::backends::ui::fontconfig[0m[2m:[0m Skipping font 'URW Bookman Light Italic' because it's not a TTF (it doesn't have a name)
[2m2026-09-21T07:27:24.861090Z[0m [32m INFO[0m [2mruffle_desktop::backends::ui::fontconfig[0m[2m:[0m Skipping font 'URW Bookman Light Italic' because it's not a TTF (it doesn't have a name)
[2m2026-09-21T07:27:24.861276Z[0m [32m INFO[0m [2mruffle_desktop::backends::ui::fontconfig[0m[2m:[0m Skipping font 'URWBookman-DemiItalic' because it's not a TTF (it doesn't have a name)
[2m2026-09-21T07:27:24.861288Z[0m [32m INFO[0m [2mruffle_desktop::backends::ui::fontconfig[0m[2m:[0m Skipping font 'URW Bookman Demi Italic' because it's not a TTF (it doesn't have a name)
[2m2026-09-21T07:27:24.861291Z[0m [32m INFO[0m [2mruffle_desktop::backends::ui::fontconfig[0m[2m:[0m Skipping font 'URW Bookman Demi Italic' because it's not a TTF (it doesn't have a name)
[2m2026-09-21T07:27:24.861594Z[0m [32m INFO[0m [2mruffle_desktop::backends::ui::fontconfig[0m[2m:[0m Skipping font 'C059-BdIta' because it's not a TTF (it doesn't have a name)
[2m2026-09-21T07:27:24.861606Z[0m [32m INFO[0m [2mruffle_desktop::backends::ui::fontconfig[0m[2m:[0m Skipping font 'NimbusMonoPS-BoldItalic' because it's not a TTF (it doesn't have a name)
[2m2026-09-21T07:27:24.861612Z[0m [32m INFO[0m [2mruffle_desktop::backends::ui::fontconfig[0m[2m:[0m Skipping font 'NimbusRoman-BoldItalic' because it's not a TTF (it doesn't have a name)
[2m2026-09-21T07:27:24.861616Z[0m [32m INFO[0m [2mruffle_desktop::backends::ui::fontconfig[0m[2m:[0m Skipping font 'P052-BoldItalic' because it's not a TTF (it doesn't have a name)
[2m2026-09-21T07:27:24.861620Z[0m [32m INFO[0m [2mruffle_desktop::backends::ui::fontconfig[0m[2m:[0m Skipping font 'C059 Bold Italic' because it's not a TTF (it doesn't have a name)
[2m2026-09-21T07:27:24.861623Z[0m [32m INFO[0m [2mruffle_desktop::backends::ui::fontconfig[0m[2m:[0m Skipping font 'Nimbus Mono PS Bold Italic' because it's not a TTF (it doesn't have a name)
[2m2026-09-21T07:27:24.861627Z[0m [32m INFO[0m [2mruffle_desktop::backends::ui::fontconfig[0m[2m:[0m Skipping font 'Nimbus Roman Bold Italic' because it's not a TTF (it doesn't have a name)
[2m2026-09-21T07:27:24.861631Z[0m [32m INFO[0m [2mruffle_desktop::backends::ui::fontconfig[0m[2m:[0m Skipping font 'P052 Bold Italic' because it's not a TTF (it doesn't have a name)
[2m2026-09-21T07:27:24.861635Z[0m [32m INFO[0m [2mruffle_desktop::backends::ui::fontconfig[0m[2m:[0m Skipping font 'C059 Bold Italic' because it's not a TTF (it doesn't have a name)
[2m2026-09-21T07:27:24.861638Z[0m [32m INFO[0m [2mruffle_desktop::backends::ui::fontconfig[0m[2m:[0m Skipping font 'Nimbus Mono PS Bold Italic' because it's not a TTF (it doesn't have a name)
[2m2026-09-21T07:27:24.861642Z[0m [32m INFO[0m [2mruffle_desktop::backends::ui::fontconfig[0m[2m:[0m Skipping font 'Nimbus Roman Bold Italic' because it's not a TTF (it doesn't have a name)
[2m2026-09-21T07:27:24.861646Z[0m [32m INFO[0m [2mruffle_desktop::backends::ui::fontconfig[0m[2m:[0m Skipping font 'P052 Bold Italic' because it's not a TTF (it doesn't have a name)
[2m2026-09-21T07:27:24.869042Z[0m [32m INFO[0m [2mavm_trace[0m[2m:[0m 5*********
[2m2026-09-21T07:27:34.030653Z[0m [32m INFO[0m [2mruffle_core::focus_tracker[0m[2m:[0m Focus is now on Some(MovieClip(MovieClip { ptr: 0x56082a3d5710 }))
[2m2026-09-21T07:27:34.030787Z[0m [32m INFO[0m [2mavm_trace[0m[2m:[0m 登陆: 10号
[2m2026-09-21T07:27:34.030940Z[0m [32m INFO[0m [2mavm_trace[0m[2m:[0m >>> [CLOSE]
[2m2026-09-21T07:27:34.152196Z[0m [32m INFO[0m [2mavm_trace[0m[2m:[0m onLoaded1 [object ResourceInfo]
[2m2026-09-21T07:27:34.152248Z[0m [32m INFO[0m [2mavm_trace[0m[2m:[0m onLoaded dll/NewDLL.swf
[2m2026-09-21T07:27:34.152266Z[0m [32m INFO[0m [2mavm_trace[0m[2m:[0m loadCompleteHandler dll/NewDLL.swf
[2m2026-09-21T07:27:34.152411Z[0m [32m INFO[0m [2mavm_trace[0m[2m:[0m dll/NewDLL.swf 已加载
[2m2026-09-21T07:27:34.225868Z[0m [32m INFO[0m [2mavm_trace[0m[2m:[0m onLoaded1 [object ResourceInfo]
[2m2026-09-21T07:27:34.225917Z[0m [32m INFO[0m [2mavm_trace[0m[2m:[0m onLoaded dll/TaomeeLibraryDLL.swf
[2m2026-09-21T07:27:34.225936Z[0m [32m INFO[0m [2mavm_trace[0m[2m:[0m loadCompleteHandler dll/TaomeeLibraryDLL.swf
[2m2026-09-21T07:27:34.225943Z[0m [32m INFO[0m [2mavm_trace[0m[2m:[0m dll/TaomeeLibraryDLL.swf 已加载
[2m2026-09-21T07:27:34.247844Z[0m [32m INFO[0m [2mruffle_desktop::backends::ui::fontconfig[0m[2m:[0m Skipping font 'NimbusSans-Bold' because it's not a TTF (it doesn't have a name)
[2m2026-09-21T07:27:34.247870Z[0m [32m INFO[0m [2mruffle_desktop::backends::ui::fontconfig[0m[2m:[0m Skipping font 'Nimbus Sans Bold' because it's not a TTF (it doesn't have a name)
[2m2026-09-21T07:27:34.247873Z[0m [32m INFO[0m [2mruffle_desktop::backends::ui::fontconfig[0m[2m:[0m Skipping font 'Nimbus Sans Bold' because it's not a TTF (it doesn't have a name)
[2m2026-09-21T07:27:34.247877Z[0m [32m INFO[0m [2mruffle_desktop::backends::ui::fontconfig[0m[2m:[0m Skipping font 'NimbusSans-Regular' because it's not a TTF (it doesn't have a name)
[2m2026-09-21T07:27:34.247880Z[0m [32m INFO[0m [2mruffle_desktop::backends::ui::fontconfig[0m[2m:[0m Skipping font 'Nimbus Sans Regular' because it's not a TTF (it doesn't have a name)
[2m2026-09-21T07:27:34.247883Z[0m [32m INFO[0m [2mruffle_desktop::backends::ui::fontconfig[0m[2m:[0m Skipping font 'Nimbus Sans Regular' because it's not a TTF (it doesn't have a name)
[2m2026-09-21T07:27:34.247887Z[0m [32m INFO[0m [2mruffle_desktop::backends::ui::fontconfig[0m[2m:[0m Skipping font 'NimbusSans-BoldItalic' because it's not a TTF (it doesn't have a name)
[2m2026-09-21T07:27:34.247892Z[0m [32m INFO[0m [2mruffle_desktop::backends::ui::fontconfig[0m[2m:[0m Skipping font 'Nimbus Sans Bold Italic' because it's not a TTF (it doesn't have a name)
[2m2026-09-21T07:27:34.247896Z[0m [32m INFO[0m [2mruffle_desktop::backends::ui::fontconfig[0m[2m:[0m Skipping font 'Nimbus Sans Bold Italic' because it's not a TTF (it doesn't have a name)
[2m2026-09-21T07:27:34.247900Z[0m [32m INFO[0m [2mruffle_desktop::backends::ui::fontconfig[0m[2m:[0m Skipping font 'NimbusSans-Italic' because it's not a TTF (it doesn't have a name)
[2m2026-09-21T07:27:34.247904Z[0m [32m INFO[0m [2mruffle_desktop::backends::ui::fontconfig[0m[2m:[0m Skipping font 'Nimbus Sans Italic' because it's not a TTF (it doesn't have a name)
[2m2026-09-21T07:27:34.247908Z[0m [32m INFO[0m [2mruffle_desktop::backends::ui::fontconfig[0m[2m:[0m Skipping font 'Nimbus Sans Italic' because it's not a TTF (it doesn't have a name)
[2m2026-09-21T07:27:34.247911Z[0m [32m INFO[0m [2mruffle_desktop::backends::ui::fontconfig[0m[2m:[0m Skipping font 'URWGothic-Demi' because it's not a TTF (it doesn't have a name)
[2m2026-09-21T07:27:34.247915Z[0m [32m INFO[0m [2mruffle_desktop::backends::ui::fontconfig[0m[2m:[0m Skipping font 'URW Gothic Demi' because it's not a TTF (it doesn't have a name)
[2m2026-09-21T07:27:34.247918Z[0m [32m INFO[0m [2mruffle_desktop::backends::ui::fontconfig[0m[2m:[0m Skipping font 'URW Gothic Demi' because it's not a TTF (it doesn't have a name)
[2m2026-09-21T07:27:34.247922Z[0m [32m INFO[0m [2mruffle_desktop::backends::ui::fontconfig[0m[2m:[0m Skipping font 'URWGothic-Book' because it's not a TTF (it doesn't have a name)
[2m2026-09-21T07:27:34.247926Z[0m [32m INFO[0m [2mruffle_desktop::backends::ui::fontconfig[0m[2m:[0m Skipping font 'URW Gothic Book' because it's not a TTF (it doesn't have a name)
[2m2026-09-21T07:27:34.247929Z[0m [32m INFO[0m [2mruffle_desktop::backends::ui::fontconfig[0m[2m:[0m Skipping font 'URW Gothic Book' because it's not a TTF (it doesn't have a name)
[2m2026-09-21T07:27:34.247933Z[0m [32m INFO[0m [2mruffle_desktop::backends::ui::fontconfig[0m[2m:[0m Skipping font 'URWGothic-DemiOblique' because it's not a TTF (it doesn't have a name)
[2m2026-09-21T07:27:34.247936Z[0m [32m INFO[0m [2mruffle_desktop::backends::ui::fontconfig[0m[2m:[0m Skipping font 'URW Gothic Demi Oblique' because it's not a TTF (it doesn't have a name)
[2m2026-09-21T07:27:34.247940Z[0m [32m INFO[0m [2mruffle_desktop::backends::ui::fontconfig[0m[2m:[0m Skipping font 'URW Gothic Demi Oblique' because it's not a TTF (it doesn't have a name)
[2m2026-09-21T07:27:34.247943Z[0m [32m INFO[0m [2mruffle_desktop::backends::ui::fontconfig[0m[2m:[0m Skipping font 'URWGothic-BookOblique' because it's not a TTF (it doesn't have a name)
[2m2026-09-21T07:27:34.247948Z[0m [32m INFO[0m [2mruffle_desktop::backends::ui::fontconfig[0m[2m:[0m Skipping font 'URW Gothic Book Oblique' because it's not a TTF (it doesn't have a name)
[2m2026-09-21T07:27:34.247953Z[0m [32m INFO[0m [2mruffle_desktop::backends::ui::fontconfig[0m[2m:[0m Skipping font 'URW Gothic Book Oblique' because it's not a TTF (it doesn't have a name)
[2m2026-09-21T07:27:34.247958Z[0m [32m INFO[0m [2mruffle_desktop::backends::ui::fontconfig[0m[2m:[0m Skipping font 'Nimbus Sans Narrow Bold' because it's not a TTF (it doesn't have a name)
[2m2026-09-21T07:27:34.247962Z[0m [32m INFO[0m [2mruffle_desktop::backends::ui::fontconfig[0m[2m:[0m Skipping font 'Nimbus Sans Narrow Bold' because it's not a TTF (it doesn't have a name)
[2m2026-09-21T07:27:34.247965Z[0m [32m INFO[0m [2mruffle_desktop::backends::ui::fontconfig[0m[2m:[0m Skipping font 'NimbusSansNarrow-Bold' because it's not a TTF (it doesn't have a name)
[2m2026-09-21T07:27:34.247969Z[0m [32m INFO[0m [2mruffle_desktop::backends::ui::fontconfig[0m[2m:[0m Skipping font 'Nimbus Sans Narrow Regular' because it's not a TTF (it doesn't have a name)
[2m2026-09-21T07:27:34.247972Z[0m [32m INFO[0m [2mruffle_desktop::backends::ui::fontconfig[0m[2m:[0m Skipping font 'Nimbus Sans Narrow Regular' because it's not a TTF (it doesn't have a name)
[2m2026-09-21T07:27:34.247976Z[0m [32m INFO[0m [2mruffle_desktop::backends::ui::fontconfig[0m[2m:[0m Skipping font 'NimbusSansNarrow-Regular' because it's not a TTF (it doesn't have a name)
[2m2026-09-21T07:27:34.247979Z[0m [32m INFO[0m [2mruffle_desktop::backends::ui::fontconfig[0m[2m:[0m Skipping font 'Nimbus Sans Narrow Bold Oblique' because it's not a TTF (it doesn't have a name)
[2m2026-09-21T07:27:34.247983Z[0m [32m INFO[0m [2mruffle_desktop::backends::ui::fontconfig[0m[2m:[0m Skipping font 'Nimbus Sans Narrow Bold Oblique' because it's not a TTF (it doesn't have a name)
[2m2026-09-21T07:27:34.247987Z[0m [32m INFO[0m [2mruffle_desktop::backends::ui::fontconfig[0m[2m:[0m Skipping font 'NimbusSansNarrow-BoldOblique' because it's not a TTF (it doesn't have a name)
[2m2026-09-21T07:27:34.247990Z[0m [32m INFO[0m [2mruffle_desktop::backends::ui::fontconfig[0m[2m:[0m Skipping font 'Nimbus Sans Narrow Oblique' because it's not a TTF (it doesn't have a name)
[2m2026-09-21T07:27:34.247994Z[0m [32m INFO[0m [2mruffle_desktop::backends::ui::fontconfig[0m[2m:[0m Skipping font 'Nimbus Sans Narrow Oblique' because it's not a TTF (it doesn't have a name)
[2m2026-09-21T07:27:34.247997Z[0m [32m INFO[0m [2mruffle_desktop::backends::ui::fontconfig[0m[2m:[0m Skipping font 'NimbusSansNarrow-Oblique' because it's not a TTF (it doesn't have a name)
[2m2026-09-21T07:27:34.248228Z[0m [32m INFO[0m [2mruffle_desktop::backends::ui::fontconfig[0m[2m:[0m Skipping font 'Noto Sans CJK JP Bold' because it's not a TTF (it doesn't have a name)
[2m2026-09-21T07:27:34.248244Z[0m [32m INFO[0m [2mruffle_desktop::backends::ui::fontconfig[0m[2m:[0m Skipping font 'Noto Sans CJK KR Bold' because it's not a TTF (it doesn't have a name)
[2m2026-09-21T07:27:34.248247Z[0m [32m INFO[0m [2mruffle_desktop::backends::ui::fontconfig[0m[2m:[0m Skipping font 'Noto Sans CJK SC Bold' because it's not a TTF (it doesn't have a name)
[2m2026-09-21T07:27:34.248251Z[0m [32m INFO[0m [2mruffle_desktop::backends::ui::fontconfig[0m[2m:[0m Skipping font 'Noto Sans CJK TC Bold' because it's not a TTF (it doesn't have a name)
[2m2026-09-21T07:27:34.248256Z[0m [32m INFO[0m [2mruffle_desktop::backends::ui::fontconfig[0m[2m:[0m Skipping font 'Noto Sans CJK HK Bold' because it's not a TTF (it doesn't have a name)
[2m2026-09-21T07:27:34.248260Z[0m [32m INFO[0m [2mruffle_desktop::backends::ui::fontconfig[0m[2m:[0m Skipping font 'Noto Sans Mono CJK JP Bold' because it's not a TTF (it doesn't have a name)
[2m2026-09-21T07:27:34.248264Z[0m [32m INFO[0m [2mruffle_desktop::backends::ui::fontconfig[0m[2m:[0m Skipping font 'Noto Sans Mono CJK KR Bold' because it's not a TTF (it doesn't have a name)
[2m2026-09-21T07:27:34.248267Z[0m [32m INFO[0m [2mruffle_desktop::backends::ui::fontconfig[0m[2m:[0m Skipping font 'Noto Sans Mono CJK SC Bold' because it's not a TTF (it doesn't have a name)
[2m2026-09-21T07:27:34.248271Z[0m [32m INFO[0m [2mruffle_desktop::backends::ui::fontconfig[0m[2m:[0m Skipping font 'Noto Sans Mono CJK TC Bold' because it's not a TTF (it doesn't have a name)
[2m2026-09-21T07:27:34.248274Z[0m [32m INFO[0m [2mruffle_desktop::backends::ui::fontconfig[0m[2m:[0m Skipping font 'Noto Sans Mono CJK HK Bold' because it's not a TTF (it doesn't have a name)
[2m2026-09-21T07:27:34.248278Z[0m [32m INFO[0m [2mruffle_desktop::backends::ui::fontconfig[0m[2m:[0m Skipping font 'Noto Serif CJK JP Bold' because it's not a TTF (it doesn't have a name)
[2m2026-09-21T07:27:34.248282Z[0m [32m INFO[0m [2mruffle_desktop::backends::ui::fontconfig[0m[2m:[0m Skipping font 'Noto Serif CJK KR Bold' because it's not a TTF (it doesn't have a name)
[2m2026-09-21T07:27:34.248285Z[0m [32m INFO[0m [2mruffle_desktop::backends::ui::fontconfig[0m[2m:[0m Skipping font 'Noto Serif CJK SC Bold' because it's not a TTF (it doesn't have a name)
[2m2026-09-21T07:27:34.248288Z[0m [32m INFO[0m [2mruffle_desktop::backends::ui::fontconfig[0m[2m:[0m Skipping font 'Noto Serif CJK TC Bold' because it's not a TTF (it doesn't have a name)
[2m2026-09-21T07:27:34.248292Z[0m [32m INFO[0m [2mruffle_desktop::backends::ui::fontconfig[0m[2m:[0m Skipping font 'Noto Serif CJK HK Bold' because it's not a TTF (it doesn't have a name)
[2m2026-09-21T07:27:34.248295Z[0m [32m INFO[0m [2mruffle_desktop::backends::ui::fontconfig[0m[2m:[0m Skipping font 'C059-Bold' because it's not a TTF (it doesn't have a name)
[2m2026-09-21T07:27:34.248300Z[0m [32m INFO[0m [2mruffle_desktop::backends::ui::fontconfig[0m[2m:[0m Skipping font 'NimbusMonoPS-Bold' because it's not a TTF (it doesn't have a name)
[2m2026-09-21T07:27:34.248303Z[0m [32m INFO[0m [2mruffle_desktop::backends::ui::fontconfig[0m[2m:[0m Skipping font 'NimbusRoman-Bold' because it's not a TTF (it doesn't have a name)
[2m2026-09-21T07:27:34.248307Z[0m [32m INFO[0m [2mruffle_desktop::backends::ui::fontconfig[0m[2m:[0m Skipping font 'P052-Bold' because it's not a TTF (it doesn't have a name)
[2m2026-09-21T07:27:34.248310Z[0m [32m INFO[0m [2mruffle_desktop::backends::ui::fontconfig[0m[2m:[0m Skipping font 'C059 Bold' because it's not a TTF (it doesn't have a name)
[2m2026-09-21T07:27:34.248313Z[0m [32m INFO[0m [2mruffle_desktop::backends::ui::fontconfig[0m[2m:[0m Skipping font 'Nimbus Mono PS Bold' because it's not a TTF (it doesn't have a name)
[2m2026-09-21T07:27:34.248317Z[0m [32m INFO[0m [2mruffle_desktop::backends::ui::fontconfig[0m[2m:[0m Skipping font 'Nimbus Roman Bold' because it's not a TTF (it doesn't have a name)
[2m2026-09-21T07:27:34.248320Z[0m [32m INFO[0m [2mruffle_desktop::backends::ui::fontconfig[0m[2m:[0m Skipping font 'P052 Bold' because it's not a TTF (it doesn't have a name)
[2m2026-09-21T07:27:34.248323Z[0m [32m INFO[0m [2mruffle_desktop::backends::ui::fontconfig[0m[2m:[0m Skipping font 'C059 Bold' because it's not a TTF (it doesn't have a name)
[2m2026-09-21T07:27:34.248327Z[0m [32m INFO[0m [2mruffle_desktop::backends::ui::fontconfig[0m[2m:[0m Skipping font 'Nimbus Mono PS Bold' because it's not a TTF (it doesn't have a name)
[2m2026-09-21T07:27:34.248331Z[0m [32m INFO[0m [2mruffle_desktop::backends::ui::fontconfig[0m[2m:[0m Skipping font 'Nimbus Roman Bold' because it's not a TTF (it doesn't have a name)
[2m2026-09-21T07:27:34.248335Z[0m [32m INFO[0m [2mruffle_desktop::backends::ui::fontconfig[0m[2m:[0m Skipping font 'P052 Bold' because it's not a TTF (it doesn't have a name)
[2m2026-09-21T07:27:34.248430Z[0m [32m INFO[0m [2mruffle_desktop::backends::ui::fontconfig[0m[2m:[0m Skipping font 'URWBookman-Demi' because it's not a TTF (it doesn't have a name)
[2m2026-09-21T07:27:34.248443Z[0m [32m INFO[0m [2mruffle_desktop::backends::ui::fontconfig[0m[2m:[0m Skipping font 'URW Bookman Demi' because it's not a TTF (it doesn't have a name)
[2m2026-09-21T07:27:34.248447Z[0m [32m INFO[0m [2mruffle_desktop::backends::ui::fontconfig[0m[2m:[0m Skipping font 'URW Bookman Demi' because it's not a TTF (it doesn't have a name)
[2m2026-09-21T07:27:34.248478Z[0m [32m INFO[0m [2mruffle_desktop::backends::ui::fontconfig[0m[2m:[0m Skipping font 'C059 Roman' because it's not a TTF (it doesn't have a name)
[2m2026-09-21T07:27:34.248490Z[0m [32m INFO[0m [2mruffle_desktop::backends::ui::fontconfig[0m[2m:[0m Skipping font 'P052 Roman' because it's not a TTF (it doesn't have a name)
[2m2026-09-21T07:27:34.248494Z[0m [32m INFO[0m [2mruffle_desktop::backends::ui::fontconfig[0m[2m:[0m Skipping font 'C059 Roman' because it's not a TTF (it doesn't have a name)
[2m2026-09-21T07:27:34.248497Z[0m [32m INFO[0m [2mruffle_desktop::backends::ui::fontconfig[0m[2m:[0m Skipping font 'P052 Roman' because it's not a TTF (it doesn't have a name)
[2m2026-09-21T07:27:34.248689Z[0m [32m INFO[0m [2mruffle_desktop::backends::ui::fontconfig[0m[2m:[0m Skipping font 'Noto Sans CJK JP' because it's not a TTF (it doesn't have a name)
[2m2026-09-21T07:27:34.248704Z[0m [32m INFO[0m [2mruffle_desktop::backends::ui::fontconfig[0m[2m:[0m Skipping font 'Noto Sans CJK KR' because it's not a TTF (it doesn't have a name)
[2m2026-09-21T07:27:34.248708Z[0m [32m INFO[0m [2mruffle_desktop::backends::ui::fontconfig[0m[2m:[0m Skipping font 'Noto Sans CJK SC' because it's not a TTF (it doesn't have a name)
[2m2026-09-21T07:27:34.248711Z[0m [32m INFO[0m [2mruffle_desktop::backends::ui::fontconfig[0m[2m:[0m Skipping font 'Noto Sans CJK TC' because it's not a TTF (it doesn't have a name)
[2m2026-09-21T07:27:34.248715Z[0m [32m INFO[0m [2mruffle_desktop::backends::ui::fontconfig[0m[2m:[0m Skipping font 'Noto Sans CJK HK' because it's not a TTF (it doesn't have a name)
[2m2026-09-21T07:27:34.248718Z[0m [32m INFO[0m [2mruffle_desktop::backends::ui::fontconfig[0m[2m:[0m Skipping font 'Noto Sans Mono CJK JP' because it's not a TTF (it doesn't have a name)
[2m2026-09-21T07:27:34.248723Z[0m [32m INFO[0m [2mruffle_desktop::backends::ui::fontconfig[0m[2m:[0m Skipping font 'Noto Sans Mono CJK KR' because it's not a TTF (it doesn't have a name)
[2m2026-09-21T07:27:34.248727Z[0m [32m INFO[0m [2mruffle_desktop::backends::ui::fontconfig[0m[2m:[0m Skipping font 'Noto Sans Mono CJK SC' because it's not a TTF (it doesn't have a name)
[2m2026-09-21T07:27:34.248731Z[0m [32m INFO[0m [2mruffle_desktop::backends::ui::fontconfig[0m[2m:[0m Skipping font 'Noto Sans Mono CJK TC' because it's not a TTF (it doesn't have a name)
[2m2026-09-21T07:27:34.248734Z[0m [32m INFO[0m [2mruffle_desktop::backends::ui::fontconfig[0m[2m:[0m Skipping font 'Noto Sans Mono CJK HK' because it's not a TTF (it doesn't have a name)
[2m2026-09-21T07:27:34.248738Z[0m [32m INFO[0m [2mruffle_desktop::backends::ui::fontconfig[0m[2m:[0m Skipping font 'Noto Serif CJK JP' because it's not a TTF (it doesn't have a name)
[2m2026-09-21T07:27:34.248743Z[0m [32m INFO[0m [2mruffle_desktop::backends::ui::fontconfig[0m[2m:[0m Skipping font 'Noto Serif CJK KR' because it's not a TTF (it doesn't have a name)
[2m2026-09-21T07:27:34.248747Z[0m [32m INFO[0m [2mruffle_desktop::backends::ui::fontconfig[0m[2m:[0m Skipping font 'Noto Serif CJK SC' because it's not a TTF (it doesn't have a name)
[2m2026-09-21T07:27:34.248750Z[0m [32m INFO[0m [2mruffle_desktop::backends::ui::fontconfig[0m[2m:[0m Skipping font 'Noto Serif CJK TC' because it's not a TTF (it doesn't have a name)
[2m2026-09-21T07:27:34.248754Z[0m [32m INFO[0m [2mruffle_desktop::backends::ui::fontconfig[0m[2m:[0m Skipping font 'Noto Serif CJK HK' because it's not a TTF (it doesn't have a name)
[2m2026-09-21T07:27:34.248759Z[0m [32m INFO[0m [2mruffle_desktop::backends::ui::fontconfig[0m[2m:[0m Skipping font 'D050000L' because it's not a TTF (it doesn't have a name)
[2m2026-09-21T07:27:34.248764Z[0m [32m INFO[0m [2mruffle_desktop::backends::ui::fontconfig[0m[2m:[0m Skipping font 'Standard Symbols PS' because it's not a TTF (it doesn't have a name)
[2m2026-09-21T07:27:34.248767Z[0m [32m INFO[0m [2mruffle_desktop::backends::ui::fontconfig[0m[2m:[0m Skipping font 'C059-Roman' because it's not a TTF (it doesn't have a name)
[2m2026-09-21T07:27:34.248771Z[0m [32m INFO[0m [2mruffle_desktop::backends::ui::fontconfig[0m[2m:[0m Skipping font 'NimbusMonoPS-Regular' because it's not a TTF (it doesn't have a name)
[2m2026-09-21T07:27:34.248776Z[0m [32m INFO[0m [2mruffle_desktop::backends::ui::fontconfig[0m[2m:[0m Skipping font 'NimbusRoman-Regular' because it's not a TTF (it doesn't have a name)
[2m2026-09-21T07:27:34.248779Z[0m [32m INFO[0m [2mruffle_desktop::backends::ui::fontconfig[0m[2m:[0m Skipping font 'P052-Roman' because it's not a TTF (it doesn't have a name)
[2m2026-09-21T07:27:34.248805Z[0m [32m INFO[0m [2mruffle_desktop::backends::ui::fontconfig[0m[2m:[0m Skipping font 'Nimbus Mono PS Regular' because it's not a TTF (it doesn't have a name)
[2m2026-09-21T07:27:34.248817Z[0m [32m INFO[0m [2mruffle_desktop::backends::ui::fontconfig[0m[2m:[0m Skipping font 'Nimbus Roman Regular' because it's not a TTF (it doesn't have a name)
[2m2026-09-21T07:27:34.248821Z[0m [32m INFO[0m [2mruffle_desktop::backends::ui::fontconfig[0m[2m:[0m Skipping font 'Nimbus Mono PS Regular' because it's not a TTF (it doesn't have a name)
[2m2026-09-21T07:27:34.248824Z[0m [32m INFO[0m [2mruffle_desktop::backends::ui::fontconfig[0m[2m:[0m Skipping font 'Nimbus Roman Regular' because it's not a TTF (it doesn't have a name)
[2m2026-09-21T07:27:34.248828Z[0m [32m INFO[0m [2mruffle_desktop::backends::ui::fontconfig[0m[2m:[0m Skipping font 'D050000L Regular' because it's not a TTF (it doesn't have a name)
[2m2026-09-21T07:27:34.248832Z[0m [32m INFO[0m [2mruffle_desktop::backends::ui::fontconfig[0m[2m:[0m Skipping font 'Standard Symbols PS Regular' because it's not a TTF (it doesn't have a name)
[2m2026-09-21T07:27:34.248836Z[0m [32m INFO[0m [2mruffle_desktop::backends::ui::fontconfig[0m[2m:[0m Skipping font 'D050000L Regular' because it's not a TTF (it doesn't have a name)
[2m2026-09-21T07:27:34.248841Z[0m [32m INFO[0m [2mruffle_desktop::backends::ui::fontconfig[0m[2m:[0m Skipping font 'Standard Symbols PS Regular' because it's not a TTF (it doesn't have a name)
[2m2026-09-21T07:27:34.248893Z[0m [32m INFO[0m [2mruffle_desktop::backends::ui::fontconfig[0m[2m:[0m Skipping font 'URWBookman-Light' because it's not a TTF (it doesn't have a name)
[2m2026-09-21T07:27:34.248905Z[0m [32m INFO[0m [2mruffle_desktop::backends::ui::fontconfig[0m[2m:[0m Skipping font 'URW Bookman Light' because it's not a TTF (it doesn't have a name)
[2m2026-09-21T07:27:34.248909Z[0m [32m INFO[0m [2mruffle_desktop::backends::ui::fontconfig[0m[2m:[0m Skipping font 'URW Bookman Light' because it's not a TTF (it doesn't have a name)
[2m2026-09-21T07:27:34.249067Z[0m [32m INFO[0m [2mruffle_desktop::backends::ui::fontconfig[0m[2m:[0m Skipping font 'C059-BdIta' because it's not a TTF (it doesn't have a name)
[2m2026-09-21T07:27:34.249081Z[0m [32m INFO[0m [2mruffle_desktop::backends::ui::fontconfig[0m[2m:[0m Skipping font 'NimbusMonoPS-BoldItalic' because it's not a TTF (it doesn't have a name)
[2m2026-09-21T07:27:34.249085Z[0m [32m INFO[0m [2mruffle_desktop::backends::ui::fontconfig[0m[2m:[0m Skipping font 'NimbusRoman-BoldItalic' because it's not a TTF (it doesn't have a name)
[2m2026-09-21T07:27:34.249088Z[0m [32m INFO[0m [2mruffle_desktop::backends::ui::fontconfig[0m[2m:[0m Skipping font 'P052-BoldItalic' because it's not a TTF (it doesn't have a name)
[2m2026-09-21T07:27:34.249093Z[0m [32m INFO[0m [2mruffle_desktop::backends::ui::fontconfig[0m[2m:[0m Skipping font 'C059 Bold Italic' because it's not a TTF (it doesn't have a name)
[2m2026-09-21T07:27:34.249096Z[0m [32m INFO[0m [2mruffle_desktop::backends::ui::fontconfig[0m[2m:[0m Skipping font 'Nimbus Mono PS Bold Italic' because it's not a TTF (it doesn't have a name)
[2m2026-09-21T07:27:34.249101Z[0m [32m INFO[0m [2mruffle_desktop::backends::ui::fontconfig[0m[2m:[0m Skipping font 'Nimbus Roman Bold Italic' because it's not a TTF (it doesn't have a name)
[2m2026-09-21T07:27:34.249105Z[0m [32m INFO[0m [2mruffle_desktop::backends::ui::fontconfig[0m[2m:[0m Skipping font 'P052 Bold Italic' because it's not a TTF (it doesn't have a name)
[2m2026-09-21T07:27:34.249108Z[0m [32m INFO[0m [2mruffle_desktop::backends::ui::fontconfig[0m[2m:[0m Skipping font 'C059 Bold Italic' because it's not a TTF (it doesn't have a name)
[2m2026-09-21T07:27:34.249112Z[0m [32m INFO[0m [2mruffle_desktop::backends::ui::fontconfig[0m[2m:[0m Skipping font 'Nimbus Mono PS Bold Italic' because it's not a TTF (it doesn't have a name)
[2m2026-09-21T07:27:34.249115Z[0m [32m INFO[0m [2mruffle_desktop::backends::ui::fontconfig[0m[2m:[0m Skipping font 'Nimbus Roman Bold Italic' because it's not a TTF (it doesn't have a name)
[2m2026-09-21T07:27:34.249119Z[0m [32m INFO[0m [2mruffle_desktop::backends::ui::fontconfig[0m[2m:[0m Skipping font 'P052 Bold Italic' because it's not a TTF (it doesn't have a name)
[2m2026-09-21T07:27:34.249210Z[0m [32m INFO[0m [2mruffle_desktop::backends::ui::fontconfig[0m[2m:[0m Skipping font 'URWBookman-DemiItalic' because it's not a TTF (it doesn't have a name)
[2m2026-09-21T07:27:34.249223Z[0m [32m INFO[0m [2mruffle_desktop::backends::ui::fontconfig[0m[2m:[0m Skipping font 'URW Bookman Demi Italic' because it's not a TTF (it doesn't have a name)
[2m2026-09-21T07:27:34.249227Z[0m [32m INFO[0m [2mruffle_desktop::backends::ui::fontconfig[0m[2m:[0m Skipping font 'URW Bookman Demi Italic' because it's not a TTF (it doesn't have a name)
[2m2026-09-21T07:27:34.249256Z[0m [32m INFO[0m [2mruffle_desktop::backends::ui::fontconfig[0m[2m:[0m Skipping font 'Z003-MediumItalic' because it's not a TTF (it doesn't have a name)
[2m2026-09-21T07:27:34.249268Z[0m [32m INFO[0m [2mruffle_desktop::backends::ui::fontconfig[0m[2m:[0m Skipping font 'C059 Italic' because it's not a TTF (it doesn't have a name)
[2m2026-09-21T07:27:34.249272Z[0m [32m INFO[0m [2mruffle_desktop::backends::ui::fontconfig[0m[2m:[0m Skipping font 'Z003 Medium Italic' because it's not a TTF (it doesn't have a name)
[2m2026-09-21T07:27:34.249275Z[0m [32m INFO[0m [2mruffle_desktop::backends::ui::fontconfig[0m[2m:[0m Skipping font 'C059 Italic' because it's not a TTF (it doesn't have a name)
[2m2026-09-21T07:27:34.249278Z[0m [32m INFO[0m [2mruffle_desktop::backends::ui::fontconfig[0m[2m:[0m Skipping font 'Z003 Medium Italic' because it's not a TTF (it doesn't have a name)
[2m2026-09-21T07:27:34.249387Z[0m [32m INFO[0m [2mruffle_desktop::backends::ui::fontconfig[0m[2m:[0m Skipping font 'C059-Italic' because it's not a TTF (it doesn't have a name)
[2m2026-09-21T07:27:34.249400Z[0m [32m INFO[0m [2mruffle_desktop::backends::ui::fontconfig[0m[2m:[0m Skipping font 'NimbusMonoPS-Italic' because it's not a TTF (it doesn't have a name)
[2m2026-09-21T07:27:34.249403Z[0m [32m INFO[0m [2mruffle_desktop::backends::ui::fontconfig[0m[2m:[0m Skipping font 'NimbusRoman-Italic' because it's not a TTF (it doesn't have a name)
[2m2026-09-21T07:27:34.249407Z[0m [32m INFO[0m [2mruffle_desktop::backends::ui::fontconfig[0m[2m:[0m Skipping font 'P052-Italic' because it's not a TTF (it doesn't have a name)
[2m2026-09-21T07:27:34.249414Z[0m [32m INFO[0m [2mruffle_desktop::backends::ui::fontconfig[0m[2m:[0m Skipping font 'Nimbus Mono PS Italic' because it's not a TTF (it doesn't have a name)
[2m2026-09-21T07:27:34.249417Z[0m [32m INFO[0m [2mruffle_desktop::backends::ui::fontconfig[0m[2m:[0m Skipping font 'Nimbus Roman Italic' because it's not a TTF (it doesn't have a name)
[2m2026-09-21T07:27:34.249421Z[0m [32m INFO[0m [2mruffle_desktop::backends::ui::fontconfig[0m[2m:[0m Skipping font 'P052 Italic' because it's not a TTF (it doesn't have a name)
[2m2026-09-21T07:27:34.249425Z[0m [32m INFO[0m [2mruffle_desktop::backends::ui::fontconfig[0m[2m:[0m Skipping font 'Nimbus Mono PS Italic' because it's not a TTF (it doesn't have a name)
[2m2026-09-21T07:27:34.249428Z[0m [32m INFO[0m [2mruffle_desktop::backends::ui::fontconfig[0m[2m:[0m Skipping font 'Nimbus Roman Italic' because it's not a TTF (it doesn't have a name)
[2m2026-09-21T07:27:34.249432Z[0m [32m INFO[0m [2mruffle_desktop::backends::ui::fontconfig[0m[2m:[0m Skipping font 'P052 Italic' because it's not a TTF (it doesn't have a name)
[2m2026-09-21T07:27:34.249485Z[0m [32m INFO[0m [2mruffle_desktop::backends::ui::fontconfig[0m[2m:[0m Skipping font 'URWBookman-LightItalic' because it's not a TTF (it doesn't have a name)
[2m2026-09-21T07:27:34.249498Z[0m [32m INFO[0m [2mruffle_desktop::backends::ui::fontconfig[0m[2m:[0m Skipping font 'URW Bookman Light Italic' because it's not a TTF (it doesn't have a name)
[2m2026-09-21T07:27:34.249517Z[0m [32m INFO[0m [2mruffle_desktop::backends::ui::fontconfig[0m[2m:[0m Skipping font 'URW Bookman Light Italic' because it's not a TTF (it doesn't have a name)
[2m2026-09-21T07:27:34.339136Z[0m [32m INFO[0m [2mavm_trace[0m[2m:[0m onLoaded1 [object ResourceInfo]
[2m2026-09-21T07:27:34.339186Z[0m [32m INFO[0m [2mavm_trace[0m[2m:[0m onLoaded dll/ClientCoreDLL.swf
[2m2026-09-21T07:27:34.339206Z[0m [32m INFO[0m [2mavm_trace[0m[2m:[0m loadCompleteHandler dll/ClientCoreDLL.swf
[2m2026-09-21T07:27:34.339212Z[0m [32m INFO[0m [2mavm_trace[0m[2m:[0m dll/ClientCoreDLL.swf 已加载
[2m2026-09-21T07:27:34.401137Z[0m [32m INFO[0m [2mavm_trace[0m[2m:[0m onLoaded1 [object ResourceInfo]
[2m2026-09-21T07:27:34.401188Z[0m [32m INFO[0m [2mavm_trace[0m[2m:[0m onLoaded dll/ClientAppDLL.swf
[2m2026-09-21T07:27:34.401207Z[0m [32m INFO[0m [2mavm_trace[0m[2m:[0m loadCompleteHandler dll/ClientAppDLL.swf
[2m2026-09-21T07:27:34.401214Z[0m [32m INFO[0m [2mavm_trace[0m[2m:[0m dll/ClientAppDLL.swf 已加载
[2m2026-09-21T07:27:34.402997Z[0m [32m INFO[0m [2mavm_trace[0m[2m:[0m onLoaded1 [object ResourceInfo]
[2m2026-09-21T07:27:34.403027Z[0m [32m INFO[0m [2mavm_trace[0m[2m:[0m onLoaded res/config/Pet.xml
[2m2026-09-21T07:27:34.403036Z[0m [32m INFO[0m [2mavm_trace[0m[2m:[0m loadCompleteHandler res/config/Pet.xml
[2m2026-09-21T07:27:34.403041Z[0m [32m INFO[0m [2mavm_trace[0m[2m:[0m res/config/Pet.xml 已加载
[2m2026-09-21T07:27:34.468921Z[0m [32m INFO[0m [2mavm_trace[0m[2m:[0m XML导入成功
[2m2026-09-21T07:27:34.473622Z[0m [32m INFO[0m [2mavm_trace[0m[2m:[0m onLoaded1 [object ResourceInfo]
[2m2026-09-21T07:27:34.473662Z[0m [32m INFO[0m [2mavm_trace[0m[2m:[0m onLoaded res/config/item_equip.xml
[2m2026-09-21T07:27:34.473672Z[0m [32m INFO[0m [2mavm_trace[0m[2m:[0m loadCompleteHandler res/config/item_equip.xml
[2m2026-09-21T07:27:34.473678Z[0m [32m INFO[0m [2mavm_trace[0m[2m:[0m res/config/item_equip.xml 已加载
[2m2026-09-21T07:27:34.777162Z[0m [32m INFO[0m [2mavm_trace[0m[2m:[0m XML导入成功
[2m2026-09-21T07:27:34.811037Z[0m [32m INFO[0m [2mavm_trace[0m[2m:[0m onLoaded1 [object ResourceInfo]
[2m2026-09-21T07:27:34.811085Z[0m [32m INFO[0m [2mavm_trace[0m[2m:[0m onLoaded res/config/Beastgrp.xml
[2m2026-09-21T07:27:34.811095Z[0m [32m INFO[0m [2mavm_trace[0m[2m:[0m loadCompleteHandler res/config/Beastgrp.xml
[2m2026-09-21T07:27:34.811101Z[0m [32m INFO[0m [2mavm_trace[0m[2m:[0m res/config/Beastgrp.xml 已加载
[2m2026-09-21T07:27:34.857954Z[0m [32m INFO[0m [2mavm_trace[0m[2m:[0m XML导入成功
[2m2026-09-21T07:27:34.872852Z[0m [32m INFO[0m [2mavm_trace[0m[2m:[0m onLoaded1 [object ResourceInfo]
[2m2026-09-21T07:27:34.872888Z[0m [32m INFO[0m [2mavm_trace[0m[2m:[0m onLoaded res/config/Commodity.xml
[2m2026-09-21T07:27:34.872897Z[0m [32m INFO[0m [2mavm_trace[0m[2m:[0m loadCompleteHandler res/config/Commodity.xml
[2m2026-09-21T07:27:34.872903Z[0m [32m INFO[0m [2mavm_trace[0m[2m:[0m res/config/Commodity.xml 已加载
[2m2026-09-21T07:27:34.881698Z[0m [32m INFO[0m [2mavm_trace[0m[2m:[0m XML导入成功
[2m2026-09-21T07:27:34.882029Z[0m [32m INFO[0m [2mavm_trace[0m[2m:[0m onLoaded1 [object ResourceInfo]
[2m2026-09-21T07:27:34.882053Z[0m [32m INFO[0m [2mavm_trace[0m[2m:[0m onLoaded res/config/RarityConfig.xml
[2m2026-09-21T07:27:34.882062Z[0m [32m INFO[0m [2mavm_trace[0m[2m:[0m loadCompleteHandler res/config/RarityConfig.xml
[2m2026-09-21T07:27:34.882067Z[0m [32m INFO[0m [2mavm_trace[0m[2m:[0m res/config/RarityConfig.xml 已加载
[2m2026-09-21T07:27:34.900851Z[0m [32m INFO[0m [2mavm_trace[0m[2m:[0m XML导入成功
[2m2026-09-21T07:27:34.901210Z[0m [32m INFO[0m [2mavm_trace[0m[2m:[0m onLoaded1 [object ResourceInfo]
[2m2026-09-21T07:27:34.901235Z[0m [32m INFO[0m [2mavm_trace[0m[2m:[0m onLoaded res/config/ExchangeItem.xml
[2m2026-09-21T07:27:34.901244Z[0m [32m INFO[0m [2mavm_trace[0m[2m:[0m loadCompleteHandler res/config/ExchangeItem.xml
[2m2026-09-21T07:27:34.901248Z[0m [32m INFO[0m [2mavm_trace[0m[2m:[0m res/config/ExchangeItem.xml 已加载
[2m2026-09-21T07:27:34.952762Z[0m [32m INFO[0m [2mavm_trace[0m[2m:[0m XML导入成功
[2m2026-09-21T07:27:34.953205Z[0m [32m INFO[0m [2mavm_trace[0m[2m:[0m onLoaded1 [object ResourceInfo]
[2m2026-09-21T07:27:34.953231Z[0m [32m INFO[0m [2mavm_trace[0m[2m:[0m onLoaded res/config/Gem.xml
[2m2026-09-21T07:27:34.953240Z[0m [32m INFO[0m [2mavm_trace[0m[2m:[0m loadCompleteHandler res/config/Gem.xml
[2m2026-09-21T07:27:34.953245Z[0m [32m INFO[0m [2mavm_trace[0m[2m:[0m res/config/Gem.xml 已加载
[2m2026-09-21T07:27:34.960182Z[0m [32m INFO[0m [2mavm_trace[0m[2m:[0m XML导入成功
[2m2026-09-21T07:27:34.960455Z[0m [32m INFO[0m [2mavm_trace[0m[2m:[0m onLoaded1 [object ResourceInfo]
[2m2026-09-21T07:27:34.960478Z[0m [32m INFO[0m [2mavm_trace[0m[2m:[0m onLoaded res/config/Pictorialial.xml
[2m2026-09-21T07:27:34.960486Z[0m [32m INFO[0m [2mavm_trace[0m[2m:[0m loadCompleteHandler res/config/Pictorialial.xml
[2m2026-09-21T07:27:34.960491Z[0m [32m INFO[0m [2mavm_trace[0m[2m:[0m res/config/Pictorialial.xml 已加载
[2m2026-09-21T07:27:34.980017Z[0m [32m INFO[0m [2mavm_trace[0m[2m:[0m XML导入成功
[2m2026-09-21T07:27:34.980322Z[0m [32m INFO[0m [2mavm_trace[0m[2m:[0m onLoaded1 [object ResourceInfo]
[2m2026-09-21T07:27:34.980346Z[0m [32m INFO[0m [2mavm_trace[0m[2m:[0m onLoaded res/config/EquipSuit.xml
[2m2026-09-21T07:27:34.980354Z[0m [32m INFO[0m [2mavm_trace[0m[2m:[0m loadCompleteHandler res/config/EquipSuit.xml
[2m2026-09-21T07:27:34.980358Z[0m [32m INFO[0m [2mavm_trace[0m[2m:[0m res/config/EquipSuit.xml 已加载
[2m2026-09-21T07:27:34.987525Z[0m [32m INFO[0m [2mavm_trace[0m[2m:[0m XML导入成功
[2m2026-09-21T07:27:34.987832Z[0m [32m INFO[0m [2mavm_trace[0m[2m:[0m onLoaded1 [object ResourceInfo]
[2m2026-09-21T07:27:34.987856Z[0m [32m INFO[0m [2mavm_trace[0m[2m:[0m onLoaded res/config/Skill.xml
[2m2026-09-21T07:27:34.987864Z[0m [32m INFO[0m [2mavm_trace[0m[2m:[0m loadCompleteHandler res/config/Skill.xml
[2m2026-09-21T07:27:34.987868Z[0m [32m INFO[0m [2mavm_trace[0m[2m:[0m res/config/Skill.xml 已加载
[2m2026-09-21T07:27:35.104886Z[0m [32m INFO[0m [2mavm_trace[0m[2m:[0m XML导入成功
[2m2026-09-21T07:27:35.105469Z[0m [32m INFO[0m [2mavm_trace[0m[2m:[0m onLoaded1 [object ResourceInfo]
[2m2026-09-21T07:27:35.105495Z[0m [32m INFO[0m [2mavm_trace[0m[2m:[0m onLoaded res/config/BattleActionListConfig.xml
[2m2026-09-21T07:27:35.105553Z[0m [32m INFO[0m [2mavm_trace[0m[2m:[0m loadCompleteHandler res/config/BattleActionListConfig.xml
[2m2026-09-21T07:27:35.105565Z[0m [32m INFO[0m [2mavm_trace[0m[2m:[0m res/config/BattleActionListConfig.xml 已加载
[2m2026-09-21T07:27:35.191296Z[0m [32m INFO[0m [2mavm_trace[0m[2m:[0m XML导入成功
[2m2026-09-21T07:27:35.191895Z[0m [32m INFO[0m [2mavm_trace[0m[2m:[0m onLoaded1 [object ResourceInfo]
[2m2026-09-21T07:27:35.191922Z[0m [32m INFO[0m [2mavm_trace[0m[2m:[0m onLoaded res/config/Map.xml
[2m2026-09-21T07:27:35.191932Z[0m [32m INFO[0m [2mavm_trace[0m[2m:[0m loadCompleteHandler res/config/Map.xml
[2m2026-09-21T07:27:35.191938Z[0m [32m INFO[0m [2mavm_trace[0m[2m:[0m res/config/Map.xml 已加载
[2m2026-09-21T07:27:35.210536Z[0m [32m INFO[0m [2mavm_trace[0m[2m:[0m XML导入成功
[2m2026-09-21T07:27:35.210867Z[0m [32m INFO[0m [2mavm_trace[0m[2m:[0m onLoaded1 [object ResourceInfo]
[2m2026-09-21T07:27:35.210892Z[0m [32m INFO[0m [2mavm_trace[0m[2m:[0m onLoaded res/config/MallModule.xml
[2m2026-09-21T07:27:35.210901Z[0m [32m INFO[0m [2mavm_trace[0m[2m:[0m loadCompleteHandler res/config/MallModule.xml
[2m2026-09-21T07:27:35.210907Z[0m [32m INFO[0m [2mavm_trace[0m[2m:[0m res/config/MallModule.xml 已加载
[2m2026-09-21T07:27:35.218965Z[0m [32m INFO[0m [2mavm_trace[0m[2m:[0m XML导入成功
[2m2026-09-21T07:27:35.219231Z[0m [32m INFO[0m [2mavm_trace[0m[2m:[0m onLoaded1 [object ResourceInfo]
[2m2026-09-21T07:27:35.219255Z[0m [32m INFO[0m [2mavm_trace[0m[2m:[0m onLoaded res/config/GroupAI.xml
[2m2026-09-21T07:27:35.219263Z[0m [32m INFO[0m [2mavm_trace[0m[2m:[0m loadCompleteHandler res/config/GroupAI.xml
[2m2026-09-21T07:27:35.219268Z[0m [32m INFO[0m [2mavm_trace[0m[2m:[0m res/config/GroupAI.xml 已加载
[2m2026-09-21T07:27:35.227432Z[0m [32m INFO[0m [2mavm_trace[0m[2m:[0m XML导入成功
[2m2026-09-21T07:27:35.227730Z[0m [32m INFO[0m [2mavm_trace[0m[2m:[0m onLoaded1 [object ResourceInfo]
[2m2026-09-21T07:27:35.227753Z[0m [32m INFO[0m [2mavm_trace[0m[2m:[0m onLoaded res/config/RandItem.xml
[2m2026-09-21T07:27:35.227760Z[0m [32m INFO[0m [2mavm_trace[0m[2m:[0m loadCompleteHandler res/config/RandItem.xml
[2m2026-09-21T07:27:35.227765Z[0m [32m INFO[0m [2mavm_trace[0m[2m:[0m res/config/RandItem.xml 已加载
[2m2026-09-21T07:27:35.271932Z[0m [32m INFO[0m [2mavm_trace[0m[2m:[0m XML导入成功
[2m2026-09-21T07:27:35.272370Z[0m [32m INFO[0m [2mavm_trace[0m[2m:[0m onLoaded1 [object ResourceInfo]
[2m2026-09-21T07:27:35.272395Z[0m [32m INFO[0m [2mavm_trace[0m[2m:[0m onLoaded res/config/task_summary.xml
[2m2026-09-21T07:27:35.272404Z[0m [32m INFO[0m [2mavm_trace[0m[2m:[0m loadCompleteHandler res/config/task_summary.xml
[2m2026-09-21T07:27:35.272409Z[0m [32m INFO[0m [2mavm_trace[0m[2m:[0m res/config/task_summary.xml 已加载
[2m2026-09-21T07:27:35.371596Z[0m [32m INFO[0m [2mavm_trace[0m[2m:[0m XML导入成功
[2m2026-09-21T07:27:35.373203Z[0m [32m INFO[0m [2mavm_trace[0m[2m:[0m onLoaded1 [object ResourceInfo]
[2m2026-09-21T07:27:35.373234Z[0m [32m INFO[0m [2mavm_trace[0m[2m:[0m onLoaded res/config/LoadingAwards.xml
[2m2026-09-21T07:27:35.373244Z[0m [32m INFO[0m [2mavm_trace[0m[2m:[0m loadCompleteHandler res/config/LoadingAwards.xml
[2m2026-09-21T07:27:35.373251Z[0m [32m INFO[0m [2mavm_trace[0m[2m:[0m res/config/LoadingAwards.xml 已加载
[2m2026-09-21T07:27:35.373413Z[0m [32m INFO[0m [2mavm_trace[0m[2m:[0m XML导入成功
[2m2026-09-21T07:27:35.373653Z[0m [32m INFO[0m [2mavm_trace[0m[2m:[0m onLoaded1 [object ResourceInfo]
[2m2026-09-21T07:27:35.373676Z[0m [32m INFO[0m [2mavm_trace[0m[2m:[0m onLoaded res/config/BattleMonsterTalk.xml
[2m2026-09-21T07:27:35.373683Z[0m [32m INFO[0m [2mavm_trace[0m[2m:[0m loadCompleteHandler res/config/BattleMonsterTalk.xml
[2m2026-09-21T07:27:35.373688Z[0m [32m INFO[0m [2mavm_trace[0m[2m:[0m res/config/BattleMonsterTalk.xml 已加载
[2m2026-09-21T07:27:35.379537Z[0m [32m INFO[0m [2mavm_trace[0m[2m:[0m XML导入成功
[2m2026-09-21T07:27:35.379788Z[0m [32m INFO[0m [2mavm_trace[0m[2m:[0m onLoaded1 [object ResourceInfo]
[2m2026-09-21T07:27:35.379811Z[0m [32m INFO[0m [2mavm_trace[0m[2m:[0m onLoaded res/config/bitmapSkeleton.xml
[2m2026-09-21T07:27:35.379819Z[0m [32m INFO[0m [2mavm_trace[0m[2m:[0m loadCompleteHandler res/config/bitmapSkeleton.xml
[2m2026-09-21T07:27:35.379825Z[0m [32m INFO[0m [2mavm_trace[0m[2m:[0m res/config/bitmapSkeleton.xml 已加载
[2m2026-09-21T07:27:35.384430Z[0m [32m INFO[0m [2mavm_trace[0m[2m:[0m XML导入成功
[2m2026-09-21T07:27:35.384805Z[0m [32m INFO[0m [2mavm_trace[0m[2m:[0m onLoaded1 [object ResourceInfo]
[2m2026-09-21T07:27:35.384829Z[0m [32m INFO[0m [2mavm_trace[0m[2m:[0m onLoaded res/config/GoldenArmorTowerConfig.xml
[2m2026-09-21T07:27:35.384837Z[0m [32m INFO[0m [2mavm_trace[0m[2m:[0m loadCompleteHandler res/config/GoldenArmorTowerConfig.xml
[2m2026-09-21T07:27:35.384843Z[0m [32m INFO[0m [2mavm_trace[0m[2m:[0m res/config/GoldenArmorTowerConfig.xml 已加载
[2m2026-09-21T07:27:35.385670Z[0m [32m INFO[0m [2mavm_trace[0m[2m:[0m XML导入成功
[2m2026-09-21T07:27:35.440692Z[0m [33m WARN[0m [2mruffle_core::stub[0m[2m:[0m Encountered stub: AVM2 flash.display.NativeMenuItem constructor
[2m2026-09-21T07:27:35.441194Z[0m [33m WARN[0m [2mruffle_frontend_utils::backends::storage[0m[2m:[0m Unable to read file "localhost//#0/relation": Os { code: 2, kind: NotFound, message: "No such file or directory" }
[2m2026-09-21T07:27:35.441293Z[0m [33m WARN[0m [2mruffle_frontend_utils::backends::storage[0m[2m:[0m Unable to read file "localhost//#common/news": Os { code: 2, kind: NotFound, message: "No such file or directory" }
[2m2026-09-21T07:27:35.441320Z[0m [33m WARN[0m [2mruffle_frontend_utils::backends::storage[0m[2m:[0m Unable to read file "localhost//#common/breakPots": Os { code: 2, kind: NotFound, message: "No such file or directory" }
[2m2026-09-21T07:27:36.014361Z[0m [33m WARN[0m [2mruffle_frontend_utils::backends::storage[0m[2m:[0m Unable to read file "localhost/tmp/hero/Client/Client.swf/useSplitAutoBattle": Os { code: 2, kind: NotFound, message: "No such file or directory" }
[2m2026-09-21T07:27:36.016248Z[0m [33m WARN[0m [2mruffle_core::stub[0m[2m:[0m Encountered stub: AVM2 flash.net.URLStream constructor streaming support
[2m2026-09-21T07:27:36.018485Z[0m [32m INFO[0m [2mavm_trace[0m[2m:[0m onLoaded1 [object ResourceInfo]
[2m2026-09-21T07:27:36.018533Z[0m [32m INFO[0m [2mavm_trace[0m[2m:[0m onLoaded staticRes/skeleton/nocolor.swf
[2m2026-09-21T07:27:36.018546Z[0m [32m INFO[0m [2mavm_trace[0m[2m:[0m loadCompleteHandler staticRes/skeleton/nocolor.swf
[2m2026-09-21T07:27:36.022788Z[0m [32m INFO[0m [2mavm_trace[0m[2m:[0m onLoaded1 [object ResourceInfo]
[2m2026-09-21T07:27:36.022817Z[0m [32m INFO[0m [2mavm_trace[0m[2m:[0m onLoaded staticRes/skeleton/color.swf
[2m2026-09-21T07:27:36.022826Z[0m [32m INFO[0m [2mavm_trace[0m[2m:[0m loadCompleteHandler staticRes/skeleton/color.swf
[2m2026-09-21T07:27:36.202667Z[0m [32m INFO[0m [2mruffle_desktop::backends::ui::fontconfig[0m[2m:[0m Skipping font 'NimbusSans-Bold' because it's not a TTF (it doesn't have a name)
[2m2026-09-21T07:27:36.202701Z[0m [32m INFO[0m [2mruffle_desktop::backends::ui::fontconfig[0m[2m:[0m Skipping font 'Nimbus Sans Bold' because it's not a TTF (it doesn't have a name)
[2m2026-09-21T07:27:36.202705Z[0m [32m INFO[0m [2mruffle_desktop::backends::ui::fontconfig[0m[2m:[0m Skipping font 'Nimbus Sans Bold' because it's not a TTF (it doesn't have a name)
[2m2026-09-21T07:27:36.202709Z[0m [32m INFO[0m [2mruffle_desktop::backends::ui::fontconfig[0m[2m:[0m Skipping font 'NimbusSans-Regular' because it's not a TTF (it doesn't have a name)
[2m2026-09-21T07:27:36.202712Z[0m [32m INFO[0m [2mruffle_desktop::backends::ui::fontconfig[0m[2m:[0m Skipping font 'Nimbus Sans Regular' because it's not a TTF (it doesn't have a name)
[2m2026-09-21T07:27:36.202715Z[0m [32m INFO[0m [2mruffle_desktop::backends::ui::fontconfig[0m[2m:[0m Skipping font 'Nimbus Sans Regular' because it's not a TTF (it doesn't have a name)
[2m2026-09-21T07:27:36.202718Z[0m [32m INFO[0m [2mruffle_desktop::backends::ui::fontconfig[0m[2m:[0m Skipping font 'NimbusSans-BoldItalic' because it's not a TTF (it doesn't have a name)
[2m2026-09-21T07:27:36.202721Z[0m [32m INFO[0m [2mruffle_desktop::backends::ui::fontconfig[0m[2m:[0m Skipping font 'Nimbus Sans Bold Italic' because it's not a TTF (it doesn't have a name)
[2m2026-09-21T07:27:36.202724Z[0m [32m INFO[0m [2mruffle_desktop::backends::ui::fontconfig[0m[2m:[0m Skipping font 'Nimbus Sans Bold Italic' because it's not a TTF (it doesn't have a name)
[2m2026-09-21T07:27:36.202727Z[0m [32m INFO[0m [2mruffle_desktop::backends::ui::fontconfig[0m[2m:[0m Skipping font 'NimbusSans-Italic' because it's not a TTF (it doesn't have a name)
[2m2026-09-21T07:27:36.202730Z[0m [32m INFO[0m [2mruffle_desktop::backends::ui::fontconfig[0m[2m:[0m Skipping font 'Nimbus Sans Italic' because it's not a TTF (it doesn't have a name)
[2m2026-09-21T07:27:36.202734Z[0m [32m INFO[0m [2mruffle_desktop::backends::ui::fontconfig[0m[2m:[0m Skipping font 'Nimbus Sans Italic' because it's not a TTF (it doesn't have a name)
[2m2026-09-21T07:27:36.202737Z[0m [32m INFO[0m [2mruffle_desktop::backends::ui::fontconfig[0m[2m:[0m Skipping font 'URWGothic-Demi' because it's not a TTF (it doesn't have a name)
[2m2026-09-21T07:27:36.202740Z[0m [32m INFO[0m [2mruffle_desktop::backends::ui::fontconfig[0m[2m:[0m Skipping font 'URW Gothic Demi' because it's not a TTF (it doesn't have a name)
[2m2026-09-21T07:27:36.202744Z[0m [32m INFO[0m [2mruffle_desktop::backends::ui::fontconfig[0m[2m:[0m Skipping font 'URW Gothic Demi' because it's not a TTF (it doesn't have a name)
[2m2026-09-21T07:27:36.202747Z[0m [32m INFO[0m [2mruffle_desktop::backends::ui::fontconfig[0m[2m:[0m Skipping font 'URWGothic-Book' because it's not a TTF (it doesn't have a name)
[2m2026-09-21T07:27:36.202752Z[0m [32m INFO[0m [2mruffle_desktop::backends::ui::fontconfig[0m[2m:[0m Skipping font 'URW Gothic Book' because it's not a TTF (it doesn't have a name)
[2m2026-09-21T07:27:36.202755Z[0m [32m INFO[0m [2mruffle_desktop::backends::ui::fontconfig[0m[2m:[0m Skipping font 'URW Gothic Book' because it's not a TTF (it doesn't have a name)
[2m2026-09-21T07:27:36.202760Z[0m [32m INFO[0m [2mruffle_desktop::backends::ui::fontconfig[0m[2m:[0m Skipping font 'URWGothic-DemiOblique' because it's not a TTF (it doesn't have a name)
[2m2026-09-21T07:27:36.202763Z[0m [32m INFO[0m [2mruffle_desktop::backends::ui::fontconfig[0m[2m:[0m Skipping font 'URW Gothic Demi Oblique' because it's not a TTF (it doesn't have a name)
[2m2026-09-21T07:27:36.202767Z[0m [32m INFO[0m [2mruffle_desktop::backends::ui::fontconfig[0m[2m:[0m Skipping font 'URW Gothic Demi Oblique' because it's not a TTF (it doesn't have a name)
[2m2026-09-21T07:27:36.202771Z[0m [32m INFO[0m [2mruffle_desktop::backends::ui::fontconfig[0m[2m:[0m Skipping font 'URWGothic-BookOblique' because it's not a TTF (it doesn't have a name)
[2m2026-09-21T07:27:36.202776Z[0m [32m INFO[0m [2mruffle_desktop::backends::ui::fontconfig[0m[2m:[0m Skipping font 'URW Gothic Book Oblique' because it's not a TTF (it doesn't have a name)
[2m2026-09-21T07:27:36.202780Z[0m [32m INFO[0m [2mruffle_desktop::backends::ui::fontconfig[0m[2m:[0m Skipping font 'URW Gothic Book Oblique' because it's not a TTF (it doesn't have a name)
[2m2026-09-21T07:27:36.202784Z[0m [32m INFO[0m [2mruffle_desktop::backends::ui::fontconfig[0m[2m:[0m Skipping font 'Nimbus Sans Narrow Bold' because it's not a TTF (it doesn't have a name)
[2m2026-09-21T07:27:36.202787Z[0m [32m INFO[0m [2mruffle_desktop::backends::ui::fontconfig[0m[2m:[0m Skipping font 'Nimbus Sans Narrow Bold' because it's not a TTF (it doesn't have a name)
[2m2026-09-21T07:27:36.202792Z[0m [32m INFO[0m [2mruffle_desktop::backends::ui::fontconfig[0m[2m:[0m Skipping font 'NimbusSansNarrow-Bold' because it's not a TTF (it doesn't have a name)
[2m2026-09-21T07:27:36.202796Z[0m [32m INFO[0m [2mruffle_desktop::backends::ui::fontconfig[0m[2m:[0m Skipping font 'Nimbus Sans Narrow Regular' because it's not a TTF (it doesn't have a name)
[2m2026-09-21T07:27:36.202799Z[0m [32m INFO[0m [2mruffle_desktop::backends::ui::fontconfig[0m[2m:[0m Skipping font 'Nimbus Sans Narrow Regular' because it's not a TTF (it doesn't have a name)
[2m2026-09-21T07:27:36.202803Z[0m [32m INFO[0m [2mruffle_desktop::backends::ui::fontconfig[0m[2m:[0m Skipping font 'NimbusSansNarrow-Regular' because it's not a TTF (it doesn't have a name)
[2m2026-09-21T07:27:36.202807Z[0m [32m INFO[0m [2mruffle_desktop::backends::ui::fontconfig[0m[2m:[0m Skipping font 'Nimbus Sans Narrow Bold Oblique' because it's not a TTF (it doesn't have a name)
[2m2026-09-21T07:27:36.202811Z[0m [32m INFO[0m [2mruffle_desktop::backends::ui::fontconfig[0m[2m:[0m Skipping font 'Nimbus Sans Narrow Bold Oblique' because it's not a TTF (it doesn't have a name)
[2m2026-09-21T07:27:36.202815Z[0m [32m INFO[0m [2mruffle_desktop::backends::ui::fontconfig[0m[2m:[0m Skipping font 'NimbusSansNarrow-BoldOblique' because it's not a TTF (it doesn't have a name)
[2m2026-09-21T07:27:36.202820Z[0m [32m INFO[0m [2mruffle_desktop::backends::ui::fontconfig[0m[2m:[0m Skipping font 'Nimbus Sans Narrow Oblique' because it's not a TTF (it doesn't have a name)
[2m2026-09-21T07:27:36.202823Z[0m [32m INFO[0m [2mruffle_desktop::backends::ui::fontconfig[0m[2m:[0m Skipping font 'Nimbus Sans Narrow Oblique' because it's not a TTF (it doesn't have a name)
[2m2026-09-21T07:27:36.202827Z[0m [32m INFO[0m [2mruffle_desktop::backends::ui::fontconfig[0m[2m:[0m Skipping font 'NimbusSansNarrow-Oblique' because it's not a TTF (it doesn't have a name)
[2m2026-09-21T07:27:36.203690Z[0m [32m INFO[0m [2mruffle_desktop::backends::ui::fontconfig[0m[2m:[0m Skipping font 'Noto Sans CJK JP Bold' because it's not a TTF (it doesn't have a name)
[2m2026-09-21T07:27:36.203706Z[0m [32m INFO[0m [2mruffle_desktop::backends::ui::fontconfig[0m[2m:[0m Skipping font 'Noto Sans CJK KR Bold' because it's not a TTF (it doesn't have a name)
[2m2026-09-21T07:27:36.203710Z[0m [32m INFO[0m [2mruffle_desktop::backends::ui::fontconfig[0m[2m:[0m Skipping font 'Noto Sans CJK SC Bold' because it's not a TTF (it doesn't have a name)
[2m2026-09-21T07:27:36.203714Z[0m [32m INFO[0m [2mruffle_desktop::backends::ui::fontconfig[0m[2m:[0m Skipping font 'Noto Sans CJK TC Bold' because it's not a TTF (it doesn't have a name)
[2m2026-09-21T07:27:36.203718Z[0m [32m INFO[0m [2mruffle_desktop::backends::ui::fontconfig[0m[2m:[0m Skipping font 'Noto Sans CJK HK Bold' because it's not a TTF (it doesn't have a name)
[2m2026-09-21T07:27:36.203723Z[0m [32m INFO[0m [2mruffle_desktop::backends::ui::fontconfig[0m[2m:[0m Skipping font 'Noto Sans Mono CJK JP Bold' because it's not a TTF (it doesn't have a name)
[2m2026-09-21T07:27:36.203727Z[0m [32m INFO[0m [2mruffle_desktop::backends::ui::fontconfig[0m[2m:[0m Skipping font 'Noto Sans Mono CJK KR Bold' because it's not a TTF (it doesn't have a name)
[2m2026-09-21T07:27:36.203731Z[0m [32m INFO[0m [2mruffle_desktop::backends::ui::fontconfig[0m[2m:[0m Skipping font 'Noto Sans Mono CJK SC Bold' because it's not a TTF (it doesn't have a name)
[2m2026-09-21T07:27:36.203734Z[0m [32m INFO[0m [2mruffle_desktop::backends::ui::fontconfig[0m[2m:[0m Skipping font 'Noto Sans Mono CJK TC Bold' because it's not a TTF (it doesn't have a name)
[2m2026-09-21T07:27:36.203738Z[0m [32m INFO[0m [2mruffle_desktop::backends::ui::fontconfig[0m[2m:[0m Skipping font 'Noto Sans Mono CJK HK Bold' because it's not a TTF (it doesn't have a name)
[2m2026-09-21T07:27:36.203742Z[0m [32m INFO[0m [2mruffle_desktop::backends::ui::fontconfig[0m[2m:[0m Skipping font 'Noto Serif CJK JP Bold' because it's not a TTF (it doesn't have a name)
[2m2026-09-21T07:27:36.203746Z[0m [32m INFO[0m [2mruffle_desktop::backends::ui::fontconfig[0m[2m:[0m Skipping font 'Noto Serif CJK KR Bold' because it's not a TTF (it doesn't have a name)
[2m2026-09-21T07:27:36.203749Z[0m [32m INFO[0m [2mruffle_desktop::backends::ui::fontconfig[0m[2m:[0m Skipping font 'Noto Serif CJK SC Bold' because it's not a TTF (it doesn't have a name)
[2m2026-09-21T07:27:36.203753Z[0m [32m INFO[0m [2mruffle_desktop::backends::ui::fontconfig[0m[2m:[0m Skipping font 'Noto Serif CJK TC Bold' because it's not a TTF (it doesn't have a name)
[2m2026-09-21T07:27:36.203756Z[0m [32m INFO[0m [2mruffle_desktop::backends::ui::fontconfig[0m[2m:[0m Skipping font 'Noto Serif CJK HK Bold' because it's not a TTF (it doesn't have a name)
[2m2026-09-21T07:27:36.203760Z[0m [32m INFO[0m [2mruffle_desktop::backends::ui::fontconfig[0m[2m:[0m Skipping font 'C059-Bold' because it's not a TTF (it doesn't have a name)
[2m2026-09-21T07:27:36.203763Z[0m [32m INFO[0m [2mruffle_desktop::backends::ui::fontconfig[0m[2m:[0m Skipping font 'NimbusMonoPS-Bold' because it's not a TTF (it doesn't have a name)
[2m2026-09-21T07:27:36.203767Z[0m [32m INFO[0m [2mruffle_desktop::backends::ui::fontconfig[0m[2m:[0m Skipping font 'NimbusRoman-Bold' because it's not a TTF (it doesn't have a name)
[2m2026-09-21T07:27:36.203770Z[0m [32m INFO[0m [2mruffle_desktop::backends::ui::fontconfig[0m[2m:[0m Skipping font 'P052-Bold' because it's not a TTF (it doesn't have a name)
[2m2026-09-21T07:27:36.203773Z[0m [32m INFO[0m [2mruffle_desktop::backends::ui::fontconfig[0m[2m:[0m Skipping font 'C059 Bold' because it's not a TTF (it doesn't have a name)
[2m2026-09-21T07:27:36.203777Z[0m [32m INFO[0m [2mruffle_desktop::backends::ui::fontconfig[0m[2m:[0m Skipping font 'Nimbus Mono PS Bold' because it's not a TTF (it doesn't have a name)
[2m2026-09-21T07:27:36.203780Z[0m [32m INFO[0m [2mruffle_desktop::backends::ui::fontconfig[0m[2m:[0m Skipping font 'Nimbus Roman Bold' because it's not a TTF (it doesn't have a name)
[2m2026-09-21T07:27:36.203784Z[0m [32m INFO[0m [2mruffle_desktop::backends::ui::fontconfig[0m[2m:[0m Skipping font 'P052 Bold' because it's not a TTF (it doesn't have a name)
[2m2026-09-21T07:27:36.203787Z[0m [32m INFO[0m [2mruffle_desktop::backends::ui::fontconfig[0m[2m:[0m Skipping font 'C059 Bold' because it's not a TTF (it doesn't have a name)
[2m2026-09-21T07:27:36.203790Z[0m [32m INFO[0m [2mruffle_desktop::backends::ui::fontconfig[0m[2m:[0m Skipping font 'Nimbus Mono PS Bold' because it's not a TTF (it doesn't have a name)
[2m2026-09-21T07:27:36.203795Z[0m [32m INFO[0m [2mruffle_desktop::backends::ui::fontconfig[0m[2m:[0m Skipping font 'Nimbus Roman Bold' because it's not a TTF (it doesn't have a name)
[2m2026-09-21T07:27:36.203799Z[0m [32m INFO[0m [2mruffle_desktop::backends::ui::fontconfig[0m[2m:[0m Skipping font 'P052 Bold' because it's not a TTF (it doesn't have a name)
[2m2026-09-21T07:27:36.204007Z[0m [32m INFO[0m [2mruffle_desktop::backends::ui::fontconfig[0m[2m:[0m Skipping font 'URWBookman-Demi' because it's not a TTF (it doesn't have a name)
[2m2026-09-21T07:27:36.204022Z[0m [32m INFO[0m [2mruffle_desktop::backends::ui::fontconfig[0m[2m:[0m Skipping font 'URW Bookman Demi' because it's not a TTF (it doesn't have a name)
[2m2026-09-21T07:27:36.204026Z[0m [32m INFO[0m [2mruffle_desktop::backends::ui::fontconfig[0m[2m:[0m Skipping font 'URW Bookman Demi' because it's not a TTF (it doesn't have a name)
[2m2026-09-21T07:27:36.204087Z[0m [32m INFO[0m [2mruffle_desktop::backends::ui::fontconfig[0m[2m:[0m Skipping font 'C059 Roman' because it's not a TTF (it doesn't have a name)
[2m2026-09-21T07:27:36.204101Z[0m [32m INFO[0m [2mruffle_desktop::backends::ui::fontconfig[0m[2m:[0m Skipping font 'P052 Roman' because it's not a TTF (it doesn't have a name)
[2m2026-09-21T07:27:36.204104Z[0m [32m INFO[0m [2mruffle_desktop::backends::ui::fontconfig[0m[2m:[0m Skipping font 'C059 Roman' because it's not a TTF (it doesn't have a name)
[2m2026-09-21T07:27:36.204108Z[0m [32m INFO[0m [2mruffle_desktop::backends::ui::fontconfig[0m[2m:[0m Skipping font 'P052 Roman' because it's not a TTF (it doesn't have a name)
[2m2026-09-21T07:27:36.204524Z[0m [32m INFO[0m [2mruffle_desktop::backends::ui::fontconfig[0m[2m:[0m Skipping font 'Noto Sans CJK JP' because it's not a TTF (it doesn't have a name)
[2m2026-09-21T07:27:36.204540Z[0m [32m INFO[0m [2mruffle_desktop::backends::ui::fontconfig[0m[2m:[0m Skipping font 'Noto Sans CJK KR' because it's not a TTF (it doesn't have a name)
[2m2026-09-21T07:27:36.204544Z[0m [32m INFO[0m [2mruffle_desktop::backends::ui::fontconfig[0m[2m:[0m Skipping font 'Noto Sans CJK SC' because it's not a TTF (it doesn't have a name)
[2m2026-09-21T07:27:36.204547Z[0m [32m INFO[0m [2mruffle_desktop::backends::ui::fontconfig[0m[2m:[0m Skipping font 'Noto Sans CJK TC' because it's not a TTF (it doesn't have a name)
[2m2026-09-21T07:27:36.204551Z[0m [32m INFO[0m [2mruffle_desktop::backends::ui::fontconfig[0m[2m:[0m Skipping font 'Noto Sans CJK HK' because it's not a TTF (it doesn't have a name)
[2m2026-09-21T07:27:36.204555Z[0m [32m INFO[0m [2mruffle_desktop::backends::ui::fontconfig[0m[2m:[0m Skipping font 'Noto Sans Mono CJK JP' because it's not a TTF (it doesn't have a name)
[2m2026-09-21T07:27:36.204558Z[0m [32m INFO[0m [2mruffle_desktop::backends::ui::fontconfig[0m[2m:[0m Skipping font 'Noto Sans Mono CJK KR' because it's not a TTF (it doesn't have a name)
[2m2026-09-21T07:27:36.204562Z[0m [32m INFO[0m [2mruffle_desktop::backends::ui::fontconfig[0m[2m:[0m Skipping font 'Noto Sans Mono CJK SC' because it's not a TTF (it doesn't have a name)
[2m2026-09-21T07:27:36.204566Z[0m [32m INFO[0m [2mruffle_desktop::backends::ui::fontconfig[0m[2m:[0m Skipping font 'Noto Sans Mono CJK TC' because it's not a TTF (it doesn't have a name)
[2m2026-09-21T07:27:36.204569Z[0m [32m INFO[0m [2mruffle_desktop::backends::ui::fontconfig[0m[2m:[0m Skipping font 'Noto Sans Mono CJK HK' because it's not a TTF (it doesn't have a name)
[2m2026-09-21T07:27:36.204573Z[0m [32m INFO[0m [2mruffle_desktop::backends::ui::fontconfig[0m[2m:[0m Skipping font 'Noto Serif CJK JP' because it's not a TTF (it doesn't have a name)
[2m2026-09-21T07:27:36.204576Z[0m [32m INFO[0m [2mruffle_desktop::backends::ui::fontconfig[0m[2m:[0m Skipping font 'Noto Serif CJK KR' because it's not a TTF (it doesn't have a name)
[2m2026-09-21T07:27:36.204580Z[0m [32m INFO[0m [2mruffle_desktop::backends::ui::fontconfig[0m[2m:[0m Skipping font 'Noto Serif CJK SC' because it's not a TTF (it doesn't have a name)
[2m2026-09-21T07:27:36.204583Z[0m [32m INFO[0m [2mruffle_desktop::backends::ui::fontconfig[0m[2m:[0m Skipping font 'Noto Serif CJK TC' because it's not a TTF (it doesn't have a name)
[2m2026-09-21T07:27:36.204587Z[0m [32m INFO[0m [2mruffle_desktop::backends::ui::fontconfig[0m[2m:[0m Skipping font 'Noto Serif CJK HK' because it's not a TTF (it doesn't have a name)
[2m2026-09-21T07:27:36.204590Z[0m [32m INFO[0m [2mruffle_desktop::backends::ui::fontconfig[0m[2m:[0m Skipping font 'D050000L' because it's not a TTF (it doesn't have a name)
[2m2026-09-21T07:27:36.204594Z[0m [32m INFO[0m [2mruffle_desktop::backends::ui::fontconfig[0m[2m:[0m Skipping font 'Standard Symbols PS' because it's not a TTF (it doesn't have a name)
[2m2026-09-21T07:27:36.204598Z[0m [32m INFO[0m [2mruffle_desktop::backends::ui::fontconfig[0m[2m:[0m Skipping font 'C059-Roman' because it's not a TTF (it doesn't have a name)
[2m2026-09-21T07:27:36.204603Z[0m [32m INFO[0m [2mruffle_desktop::backends::ui::fontconfig[0m[2m:[0m Skipping font 'NimbusMonoPS-Regular' because it's not a TTF (it doesn't have a name)
[2m2026-09-21T07:27:36.204608Z[0m [32m INFO[0m [2mruffle_desktop::backends::ui::fontconfig[0m[2m:[0m Skipping font 'NimbusRoman-Regular' because it's not a TTF (it doesn't have a name)
[2m2026-09-21T07:27:36.204612Z[0m [32m INFO[0m [2mruffle_desktop::backends::ui::fontconfig[0m[2m:[0m Skipping font 'P052-Roman' because it's not a TTF (it doesn't have a name)
[2m2026-09-21T07:27:36.204647Z[0m [32m INFO[0m [2mruffle_desktop::backends::ui::fontconfig[0m[2m:[0m Skipping font 'Nimbus Mono PS Regular' because it's not a TTF (it doesn't have a name)
[2m2026-09-21T07:27:36.204661Z[0m [32m INFO[0m [2mruffle_desktop::backends::ui::fontconfig[0m[2m:[0m Skipping font 'Nimbus Roman Regular' because it's not a TTF (it doesn't have a name)
[2m2026-09-21T07:27:36.204666Z[0m [32m INFO[0m [2mruffle_desktop::backends::ui::fontconfig[0m[2m:[0m Skipping font 'Nimbus Mono PS Regular' because it's not a TTF (it doesn't have a name)
[2m2026-09-21T07:27:36.204669Z[0m [32m INFO[0m [2mruffle_desktop::backends::ui::fontconfig[0m[2m:[0m Skipping font 'Nimbus Roman Regular' because it's not a TTF (it doesn't have a name)
[2m2026-09-21T07:27:36.204673Z[0m [32m INFO[0m [2mruffle_desktop::backends::ui::fontconfig[0m[2m:[0m Skipping font 'D050000L Regular' because it's not a TTF (it doesn't have a name)
[2m2026-09-21T07:27:36.204677Z[0m [32m INFO[0m [2mruffle_desktop::backends::ui::fontconfig[0m[2m:[0m Skipping font 'Standard Symbols PS Regular' because it's not a TTF (it doesn't have a name)
[2m2026-09-21T07:27:36.204681Z[0m [32m INFO[0m [2mruffle_desktop::backends::ui::fontconfig[0m[2m:[0m Skipping font 'D050000L Regular' because it's not a TTF (it doesn't have a name)
[2m2026-09-21T07:27:36.204684Z[0m [32m INFO[0m [2mruffle_desktop::backends::ui::fontconfig[0m[2m:[0m Skipping font 'Standard Symbols PS Regular' because it's not a TTF (it doesn't have a name)
[2m2026-09-21T07:27:36.204797Z[0m [32m INFO[0m [2mruffle_desktop::backends::ui::fontconfig[0m[2m:[0m Skipping font 'URWBookman-Light' because it's not a TTF (it doesn't have a name)
[2m2026-09-21T07:27:36.204812Z[0m [32m INFO[0m [2mruffle_desktop::backends::ui::fontconfig[0m[2m:[0m Skipping font 'URW Bookman Light' because it's not a TTF (it doesn't have a name)
[2m2026-09-21T07:27:36.204816Z[0m [32m INFO[0m [2mruffle_desktop::backends::ui::fontconfig[0m[2m:[0m Skipping font 'URW Bookman Light' because it's not a TTF (it doesn't have a name)
[2m2026-09-21T07:27:36.205145Z[0m [32m INFO[0m [2mruffle_desktop::backends::ui::fontconfig[0m[2m:[0m Skipping font 'C059-BdIta' because it's not a TTF (it doesn't have a name)
[2m2026-09-21T07:27:36.205159Z[0m [32m INFO[0m [2mruffle_desktop::backends::ui::fontconfig[0m[2m:[0m Skipping font 'NimbusMonoPS-BoldItalic' because it's not a TTF (it doesn't have a name)
[2m2026-09-21T07:27:36.205163Z[0m [32m INFO[0m [2mruffle_desktop::backends::ui::fontconfig[0m[2m:[0m Skipping font 'NimbusRoman-BoldItalic' because it's not a TTF (it doesn't have a name)
[2m2026-09-21T07:27:36.205167Z[0m [32m INFO[0m [2mruffle_desktop::backends::ui::fontconfig[0m[2m:[0m Skipping font 'P052-BoldItalic' because it's not a TTF (it doesn't have a name)
[2m2026-09-21T07:27:36.205170Z[0m [32m INFO[0m [2mruffle_desktop::backends::ui::fontconfig[0m[2m:[0m Skipping font 'C059 Bold Italic' because it's not a TTF (it doesn't have a name)
[2m2026-09-21T07:27:36.205174Z[0m [32m INFO[0m [2mruffle_desktop::backends::ui::fontconfig[0m[2m:[0m Skipping font 'Nimbus Mono PS Bold Italic' because it's not a TTF (it doesn't have a name)
[2m2026-09-21T07:27:36.205178Z[0m [32m INFO[0m [2mruffle_desktop::backends::ui::fontconfig[0m[2m:[0m Skipping font 'Nimbus Roman Bold Italic' because it's not a TTF (it doesn't have a name)
[2m2026-09-21T07:27:36.205182Z[0m [32m INFO[0m [2mruffle_desktop::backends::ui::fontconfig[0m[2m:[0m Skipping font 'P052 Bold Italic' because it's not a TTF (it doesn't have a name)
[2m2026-09-21T07:27:36.205185Z[0m [32m INFO[0m [2mruffle_desktop::backends::ui::fontconfig[0m[2m:[0m Skipping font 'C059 Bold Italic' because it's not a TTF (it doesn't have a name)
[2m2026-09-21T07:27:36.205189Z[0m [32m INFO[0m [2mruffle_desktop::backends::ui::fontconfig[0m[2m:[0m Skipping font 'Nimbus Mono PS Bold Italic' because it's not a TTF (it doesn't have a name)
[2m2026-09-21T07:27:36.205192Z[0m [32m INFO[0m [2mruffle_desktop::backends::ui::fontconfig[0m[2m:[0m Skipping font 'Nimbus Roman Bold Italic' because it's not a TTF (it doesn't have a name)
[2m2026-09-21T07:27:36.205196Z[0m [32m INFO[0m [2mruffle_desktop::backends::ui::fontconfig[0m[2m:[0m Skipping font 'P052 Bold Italic' because it's not a TTF (it doesn't have a name)
[2m2026-09-21T07:27:36.205402Z[0m [32m INFO[0m [2mruffle_desktop::backends::ui::fontconfig[0m[2m:[0m Skipping font 'URWBookman-DemiItalic' because it's not a TTF (it doesn't have a name)
[2m2026-09-21T07:27:36.205417Z[0m [32m INFO[0m [2mruffle_desktop::backends::ui::fontconfig[0m[2m:[0m Skipping font 'URW Bookman Demi Italic' because it's not a TTF (it doesn't have a name)
[2m2026-09-21T07:27:36.205421Z[0m [32m INFO[0m [2mruffle_desktop::backends::ui::fontconfig[0m[2m:[0m Skipping font 'URW Bookman Demi Italic' because it's not a TTF (it doesn't have a name)
[2m2026-09-21T07:27:36.205478Z[0m [32m INFO[0m [2mruffle_desktop::backends::ui::fontconfig[0m[2m:[0m Skipping font 'Z003-MediumItalic' because it's not a TTF (it doesn't have a name)
[2m2026-09-21T07:27:36.205492Z[0m [32m INFO[0m [2mruffle_desktop::backends::ui::fontconfig[0m[2m:[0m Skipping font 'C059 Italic' because it's not a TTF (it doesn't have a name)
[2m2026-09-21T07:27:36.205495Z[0m [32m INFO[0m [2mruffle_desktop::backends::ui::fontconfig[0m[2m:[0m Skipping font 'Z003 Medium Italic' because it's not a TTF (it doesn't have a name)
[2m2026-09-21T07:27:36.205513Z[0m [32m INFO[0m [2mruffle_desktop::backends::ui::fontconfig[0m[2m:[0m Skipping font 'C059 Italic' because it's not a TTF (it doesn't have a name)
[2m2026-09-21T07:27:36.205516Z[0m [32m INFO[0m [2mruffle_desktop::backends::ui::fontconfig[0m[2m:[0m Skipping font 'Z003 Medium Italic' because it's not a TTF (it doesn't have a name)
[2m2026-09-21T07:27:36.205754Z[0m [32m INFO[0m [2mruffle_desktop::backends::ui::fontconfig[0m[2m:[0m Skipping font 'C059-Italic' because it's not a TTF (it doesn't have a name)
[2m2026-09-21T07:27:36.205768Z[0m [32m INFO[0m [2mruffle_desktop::backends::ui::fontconfig[0m[2m:[0m Skipping font 'NimbusMonoPS-Italic' because it's not a TTF (it doesn't have a name)
[2m2026-09-21T07:27:36.205772Z[0m [32m INFO[0m [2mruffle_desktop::backends::ui::fontconfig[0m[2m:[0m Skipping font 'NimbusRoman-Italic' because it's not a TTF (it doesn't have a name)
[2m2026-09-21T07:27:36.205777Z[0m [32m INFO[0m [2mruffle_desktop::backends::ui::fontconfig[0m[2m:[0m Skipping font 'P052-Italic' because it's not a TTF (it doesn't have a name)
[2m2026-09-21T07:27:36.205781Z[0m [32m INFO[0m [2mruffle_desktop::backends::ui::fontconfig[0m[2m:[0m Skipping font 'Nimbus Mono PS Italic' because it's not a TTF (it doesn't have a name)
[2m2026-09-21T07:27:36.205785Z[0m [32m INFO[0m [2mruffle_desktop::backends::ui::fontconfig[0m[2m:[0m Skipping font 'Nimbus Roman Italic' because it's not a TTF (it doesn't have a name)
[2m2026-09-21T07:27:36.205789Z[0m [32m INFO[0m [2mruffle_desktop::backends::ui::fontconfig[0m[2m:[0m Skipping font 'P052 Italic' because it's not a TTF (it doesn't have a name)
[2m2026-09-21T07:27:36.205793Z[0m [32m INFO[0m [2mruffle_desktop::backends::ui::fontconfig[0m[2m:[0m Skipping font 'Nimbus Mono PS Italic' because it's not a TTF (it doesn't have a name)
[2m2026-09-21T07:27:36.205797Z[0m [32m INFO[0m [2mruffle_desktop::backends::ui::fontconfig[0m[2m:[0m Skipping font 'Nimbus Roman Italic' because it's not a TTF (it doesn't have a name)
[2m2026-09-21T07:27:36.205803Z[0m [32m INFO[0m [2mruffle_desktop::backends::ui::fontconfig[0m[2m:[0m Skipping font 'P052 Italic' because it's not a TTF (it doesn't have a name)
[2m2026-09-21T07:27:36.205913Z[0m [32m INFO[0m [2mruffle_desktop::backends::ui::fontconfig[0m[2m:[0m Skipping font 'URWBookman-LightItalic' because it's not a TTF (it doesn't have a name)
[2m2026-09-21T07:27:36.205927Z[0m [32m INFO[0m [2mruffle_desktop::backends::ui::fontconfig[0m[2m:[0m Skipping font 'URW Bookman Light Italic' because it's not a TTF (it doesn't have a name)
[2m2026-09-21T07:27:36.205931Z[0m [32m INFO[0m [2mruffle_desktop::backends::ui::fontconfig[0m[2m:[0m Skipping font 'URW Bookman Light Italic' because it's not a TTF (it doesn't have a name)
[2m2026-09-21T07:27:36.207169Z[0m [32m INFO[0m [2mruffle_desktop::backends::ui::fontconfig[0m[2m:[0m Skipping font 'NimbusSans-Regular' because it's not a TTF (it doesn't have a name)
[2m2026-09-21T07:27:36.207187Z[0m [32m INFO[0m [2mruffle_desktop::backends::ui::fontconfig[0m[2m:[0m Skipping font 'Nimbus Sans Regular' because it's not a TTF (it doesn't have a name)
[2m2026-09-21T07:27:36.207191Z[0m [32m INFO[0m [2mruffle_desktop::backends::ui::fontconfig[0m[2m:[0m Skipping font 'Nimbus Sans Regular' because it's not a TTF (it doesn't have a name)
[2m2026-09-21T07:27:36.207195Z[0m [32m INFO[0m [2mruffle_desktop::backends::ui::fontconfig[0m[2m:[0m Skipping font 'NimbusSans-Bold' because it's not a TTF (it doesn't have a name)
[2m2026-09-21T07:27:36.207199Z[0m [32m INFO[0m [2mruffle_desktop::backends::ui::fontconfig[0m[2m:[0m Skipping font 'Nimbus Sans Bold' because it's not a TTF (it doesn't have a name)
[2m2026-09-21T07:27:36.207203Z[0m [32m INFO[0m [2mruffle_desktop::backends::ui::fontconfig[0m[2m:[0m Skipping font 'Nimbus Sans Bold' because it's not a TTF (it doesn't have a name)
[2m2026-09-21T07:27:36.207207Z[0m [32m INFO[0m [2mruffle_desktop::backends::ui::fontconfig[0m[2m:[0m Skipping font 'NimbusSans-Italic' because it's not a TTF (it doesn't have a name)
[2m2026-09-21T07:27:36.207211Z[0m [32m INFO[0m [2mruffle_desktop::backends::ui::fontconfig[0m[2m:[0m Skipping font 'Nimbus Sans Italic' because it's not a TTF (it doesn't have a name)
[2m2026-09-21T07:27:36.207215Z[0m [32m INFO[0m [2mruffle_desktop::backends::ui::fontconfig[0m[2m:[0m Skipping font 'Nimbus Sans Italic' because it's not a TTF (it doesn't have a name)
[2m2026-09-21T07:27:36.207218Z[0m [32m INFO[0m [2mruffle_desktop::backends::ui::fontconfig[0m[2m:[0m Skipping font 'NimbusSans-BoldItalic' because it's not a TTF (it doesn't have a name)
[2m2026-09-21T07:27:36.207222Z[0m [32m INFO[0m [2mruffle_desktop::backends::ui::fontconfig[0m[2m:[0m Skipping font 'Nimbus Sans Bold Italic' because it's not a TTF (it doesn't have a name)
[2m2026-09-21T07:27:36.207227Z[0m [32m INFO[0m [2mruffle_desktop::backends::ui::fontconfig[0m[2m:[0m Skipping font 'Nimbus Sans Bold Italic' because it's not a TTF (it doesn't have a name)
[2m2026-09-21T07:27:36.207231Z[0m [32m INFO[0m [2mruffle_desktop::backends::ui::fontconfig[0m[2m:[0m Skipping font 'URWGothic-Book' because it's not a TTF (it doesn't have a name)
[2m2026-09-21T07:27:36.207234Z[0m [32m INFO[0m [2mruffle_desktop::backends::ui::fontconfig[0m[2m:[0m Skipping font 'URW Gothic Book' because it's not a TTF (it doesn't have a name)
[2m2026-09-21T07:27:36.207238Z[0m [32m INFO[0m [2mruffle_desktop::backends::ui::fontconfig[0m[2m:[0m Skipping font 'URW Gothic Book' because it's not a TTF (it doesn't have a name)
[2m2026-09-21T07:27:36.207243Z[0m [32m INFO[0m [2mruffle_desktop::backends::ui::fontconfig[0m[2m:[0m Skipping font 'URWGothic-Demi' because it's not a TTF (it doesn't have a name)
[2m2026-09-21T07:27:36.207246Z[0m [32m INFO[0m [2mruffle_desktop::backends::ui::fontconfig[0m[2m:[0m Skipping font 'URW Gothic Demi' because it's not a TTF (it doesn't have a name)
[2m2026-09-21T07:27:36.207250Z[0m [32m INFO[0m [2mruffle_desktop::backends::ui::fontconfig[0m[2m:[0m Skipping font 'URW Gothic Demi' because it's not a TTF (it doesn't have a name)
[2m2026-09-21T07:27:36.207254Z[0m [32m INFO[0m [2mruffle_desktop::backends::ui::fontconfig[0m[2m:[0m Skipping font 'URWGothic-BookOblique' because it's not a TTF (it doesn't have a name)
[2m2026-09-21T07:27:36.207258Z[0m [32m INFO[0m [2mruffle_desktop::backends::ui::fontconfig[0m[2m:[0m Skipping font 'URW Gothic Book Oblique' because it's not a TTF (it doesn't have a name)
[2m2026-09-21T07:27:36.207262Z[0m [32m INFO[0m [2mruffle_desktop::backends::ui::fontconfig[0m[2m:[0m Skipping font 'URW Gothic Book Oblique' because it's not a TTF (it doesn't have a name)
[2m2026-09-21T07:27:36.207266Z[0m [32m INFO[0m [2mruffle_desktop::backends::ui::fontconfig[0m[2m:[0m Skipping font 'URWGothic-DemiOblique' because it's not a TTF (it doesn't have a name)
[2m2026-09-21T07:27:36.207269Z[0m [32m INFO[0m [2mruffle_desktop::backends::ui::fontconfig[0m[2m:[0m Skipping font 'URW Gothic Demi Oblique' because it's not a TTF (it doesn't have a name)
[2m2026-09-21T07:27:36.207272Z[0m [32m INFO[0m [2mruffle_desktop::backends::ui::fontconfig[0m[2m:[0m Skipping font 'URW Gothic Demi Oblique' because it's not a TTF (it doesn't have a name)
[2m2026-09-21T07:27:36.207278Z[0m [32m INFO[0m [2mruffle_desktop::backends::ui::fontconfig[0m[2m:[0m Skipping font 'Nimbus Sans Narrow Regular' because it's not a TTF (it doesn't have a name)
[2m2026-09-21T07:27:36.207281Z[0m [32m INFO[0m [2mruffle_desktop::backends::ui::fontconfig[0m[2m:[0m Skipping font 'Nimbus Sans Narrow Regular' because it's not a TTF (it doesn't have a name)
[2m2026-09-21T07:27:36.207285Z[0m [32m INFO[0m [2mruffle_desktop::backends::ui::fontconfig[0m[2m:[0m Skipping font 'NimbusSansNarrow-Regular' because it's not a TTF (it doesn't have a name)
[2m2026-09-21T07:27:36.207288Z[0m [32m INFO[0m [2mruffle_desktop::backends::ui::fontconfig[0m[2m:[0m Skipping font 'Nimbus Sans Narrow Bold' because it's not a TTF (it doesn't have a name)
[2m2026-09-21T07:27:36.207292Z[0m [32m INFO[0m [2mruffle_desktop::backends::ui::fontconfig[0m[2m:[0m Skipping font 'Nimbus Sans Narrow Bold' because it's not a TTF (it doesn't have a name)
[2m2026-09-21T07:27:36.207295Z[0m [32m INFO[0m [2mruffle_desktop::backends::ui::fontconfig[0m[2m:[0m Skipping font 'NimbusSansNarrow-Bold' because it's not a TTF (it doesn't have a name)
[2m2026-09-21T07:27:36.207299Z[0m [32m INFO[0m [2mruffle_desktop::backends::ui::fontconfig[0m[2m:[0m Skipping font 'Nimbus Sans Narrow Oblique' because it's not a TTF (it doesn't have a name)
[2m2026-09-21T07:27:36.207302Z[0m [32m INFO[0m [2mruffle_desktop::backends::ui::fontconfig[0m[2m:[0m Skipping font 'Nimbus Sans Narrow Oblique' because it's not a TTF (it doesn't have a name)
[2m2026-09-21T07:27:36.207306Z[0m [32m INFO[0m [2mruffle_desktop::backends::ui::fontconfig[0m[2m:[0m Skipping font 'NimbusSansNarrow-Oblique' because it's not a TTF (it doesn't have a name)
[2m2026-09-21T07:27:36.207309Z[0m [32m INFO[0m [2mruffle_desktop::backends::ui::fontconfig[0m[2m:[0m Skipping font 'Nimbus Sans Narrow Bold Oblique' because it's not a TTF (it doesn't have a name)
[2m2026-09-21T07:27:36.207313Z[0m [32m INFO[0m [2mruffle_desktop::backends::ui::fontconfig[0m[2m:[0m Skipping font 'Nimbus Sans Narrow Bold Oblique' because it's not a TTF (it doesn't have a name)
[2m2026-09-21T07:27:36.207317Z[0m [32m INFO[0m [2mruffle_desktop::backends::ui::fontconfig[0m[2m:[0m Skipping font 'NimbusSansNarrow-BoldOblique' because it's not a TTF (it doesn't have a name)
[2m2026-09-21T07:27:36.208168Z[0m [32m INFO[0m [2mruffle_desktop::backends::ui::fontconfig[0m[2m:[0m Skipping font 'Noto Sans CJK JP' because it's not a TTF (it doesn't have a name)
[2m2026-09-21T07:27:36.208185Z[0m [32m INFO[0m [2mruffle_desktop::backends::ui::fontconfig[0m[2m:[0m Skipping font 'Noto Sans CJK KR' because it's not a TTF (it doesn't have a name)
[2m2026-09-21T07:27:36.208189Z[0m [32m INFO[0m [2mruffle_desktop::backends::ui::fontconfig[0m[2m:[0m Skipping font 'Noto Sans CJK SC' because it's not a TTF (it doesn't have a name)
[2m2026-09-21T07:27:36.208192Z[0m [32m INFO[0m [2mruffle_desktop::backends::ui::fontconfig[0m[2m:[0m Skipping font 'Noto Sans CJK TC' because it's not a TTF (it doesn't have a name)
[2m2026-09-21T07:27:36.208196Z[0m [32m INFO[0m [2mruffle_desktop::backends::ui::fontconfig[0m[2m:[0m Skipping font 'Noto Sans CJK HK' because it's not a TTF (it doesn't have a name)
[2m2026-09-21T07:27:36.208200Z[0m [32m INFO[0m [2mruffle_desktop::backends::ui::fontconfig[0m[2m:[0m Skipping font 'Noto Sans Mono CJK JP' because it's not a TTF (it doesn't have a name)
[2m2026-09-21T07:27:36.208204Z[0m [32m INFO[0m [2mruffle_desktop::backends::ui::fontconfig[0m[2m:[0m Skipping font 'Noto Sans Mono CJK KR' because it's not a TTF (it doesn't have a name)
[2m2026-09-21T07:27:36.208208Z[0m [32m INFO[0m [2mruffle_desktop::backends::ui::fontconfig[0m[2m:[0m Skipping font 'Noto Sans Mono CJK SC' because it's not a TTF (it doesn't have a name)
[2m2026-09-21T07:27:36.208211Z[0m [32m INFO[0m [2mruffle_desktop::backends::ui::fontconfig[0m[2m:[0m Skipping font 'Noto Sans Mono CJK TC' because it's not a TTF (it doesn't have a name)
[2m2026-09-21T07:27:36.208215Z[0m [32m INFO[0m [2mruffle_desktop::backends::ui::fontconfig[0m[2m:[0m Skipping font 'Noto Sans Mono CJK HK' because it's not a TTF (it doesn't have a name)
[2m2026-09-21T07:27:36.208218Z[0m [32m INFO[0m [2mruffle_desktop::backends::ui::fontconfig[0m[2m:[0m Skipping font 'Noto Serif CJK JP' because it's not a TTF (it doesn't have a name)
[2m2026-09-21T07:27:36.208222Z[0m [32m INFO[0m [2mruffle_desktop::backends::ui::fontconfig[0m[2m:[0m Skipping font 'Noto Serif CJK KR' because it's not a TTF (it doesn't have a name)
[2m2026-09-21T07:27:36.208225Z[0m [32m INFO[0m [2mruffle_desktop::backends::ui::fontconfig[0m[2m:[0m Skipping font 'Noto Serif CJK SC' because it's not a TTF (it doesn't have a name)
[2m2026-09-21T07:27:36.208230Z[0m [32m INFO[0m [2mruffle_desktop::backends::ui::fontconfig[0m[2m:[0m Skipping font 'Noto Serif CJK TC' because it's not a TTF (it doesn't have a name)
[2m2026-09-21T07:27:36.208233Z[0m [32m INFO[0m [2mruffle_desktop::backends::ui::fontconfig[0m[2m:[0m Skipping font 'Noto Serif CJK HK' because it's not a TTF (it doesn't have a name)
[2m2026-09-21T07:27:36.208237Z[0m [32m INFO[0m [2mruffle_desktop::backends::ui::fontconfig[0m[2m:[0m Skipping font 'D050000L' because it's not a TTF (it doesn't have a name)
[2m2026-09-21T07:27:36.208240Z[0m [32m INFO[0m [2mruffle_desktop::backends::ui::fontconfig[0m[2m:[0m Skipping font 'Standard Symbols PS' because it's not a TTF (it doesn't have a name)
[2m2026-09-21T07:27:36.208244Z[0m [32m INFO[0m [2mruffle_desktop::backends::ui::fontconfig[0m[2m:[0m Skipping font 'C059-Roman' because it's not a TTF (it doesn't have a name)
[2m2026-09-21T07:27:36.208247Z[0m [32m INFO[0m [2mruffle_desktop::backends::ui::fontconfig[0m[2m:[0m Skipping font 'NimbusMonoPS-Regular' because it's not a TTF (it doesn't have a name)
[2m2026-09-21T07:27:36.208252Z[0m [32m INFO[0m [2mruffle_desktop::backends::ui::fontconfig[0m[2m:[0m Skipping font 'NimbusRoman-Regular' because it's not a TTF (it doesn't have a name)
[2m2026-09-21T07:27:36.208256Z[0m [32m INFO[0m [2mruffle_desktop::backends::ui::fontconfig[0m[2m:[0m Skipping font 'P052-Roman' because it's not a TTF (it doesn't have a name)
[2m2026-09-21T07:27:36.208291Z[0m [32m INFO[0m [2mruffle_desktop::backends::ui::fontconfig[0m[2m:[0m Skipping font 'Nimbus Mono PS Regular' because it's not a TTF (it doesn't have a name)
[2m2026-09-21T07:27:36.208304Z[0m [32m INFO[0m [2mruffle_desktop::backends::ui::fontconfig[0m[2m:[0m Skipping font 'Nimbus Roman Regular' because it's not a TTF (it doesn't have a name)
[2m2026-09-21T07:27:36.208308Z[0m [32m INFO[0m [2mruffle_desktop::backends::ui::fontconfig[0m[2m:[0m Skipping font 'Nimbus Mono PS Regular' because it's not a TTF (it doesn't have a name)
[2m2026-09-21T07:27:36.208312Z[0m [32m INFO[0m [2mruffle_desktop::backends::ui::fontconfig[0m[2m:[0m Skipping font 'Nimbus Roman Regular' because it's not a TTF (it doesn't have a name)
[2m2026-09-21T07:27:36.208315Z[0m [32m INFO[0m [2mruffle_desktop::backends::ui::fontconfig[0m[2m:[0m Skipping font 'D050000L Regular' because it's not a TTF (it doesn't have a name)
[2m2026-09-21T07:27:36.208319Z[0m [32m INFO[0m [2mruffle_desktop::backends::ui::fontconfig[0m[2m:[0m Skipping font 'Standard Symbols PS Regular' because it's not a TTF (it doesn't have a name)
[2m2026-09-21T07:27:36.208323Z[0m [32m INFO[0m [2mruffle_desktop::backends::ui::fontconfig[0m[2m:[0m Skipping font 'D050000L Regular' because it's not a TTF (it doesn't have a name)
[2m2026-09-21T07:27:36.208327Z[0m [32m INFO[0m [2mruffle_desktop::backends::ui::fontconfig[0m[2m:[0m Skipping font 'Standard Symbols PS Regular' because it's not a TTF (it doesn't have a name)
[2m2026-09-21T07:27:36.208432Z[0m [32m INFO[0m [2mruffle_desktop::backends::ui::fontconfig[0m[2m:[0m Skipping font 'C059 Roman' because it's not a TTF (it doesn't have a name)
[2m2026-09-21T07:27:36.208446Z[0m [32m INFO[0m [2mruffle_desktop::backends::ui::fontconfig[0m[2m:[0m Skipping font 'P052 Roman' because it's not a TTF (it doesn't have a name)
[2m2026-09-21T07:27:36.208449Z[0m [32m INFO[0m [2mruffle_desktop::backends::ui::fontconfig[0m[2m:[0m Skipping font 'C059 Roman' because it's not a TTF (it doesn't have a name)
[2m2026-09-21T07:27:36.208453Z[0m [32m INFO[0m [2mruffle_desktop::backends::ui::fontconfig[0m[2m:[0m Skipping font 'P052 Roman' because it's not a TTF (it doesn't have a name)
[2m2026-09-21T07:27:36.208523Z[0m [32m INFO[0m [2mruffle_desktop::backends::ui::fontconfig[0m[2m:[0m Skipping font 'URWBookman-Light' because it's not a TTF (it doesn't have a name)
[2m2026-09-21T07:27:36.208537Z[0m [32m INFO[0m [2mruffle_desktop::backends::ui::fontconfig[0m[2m:[0m Skipping font 'URW Bookman Light' because it's not a TTF (it doesn't have a name)
[2m2026-09-21T07:27:36.208541Z[0m [32m INFO[0m [2mruffle_desktop::backends::ui::fontconfig[0m[2m:[0m Skipping font 'URW Bookman Light' because it's not a TTF (it doesn't have a name)
[2m2026-09-21T07:27:36.208692Z[0m [32m INFO[0m [2mruffle_desktop::backends::ui::fontconfig[0m[2m:[0m Skipping font 'URWBookman-Demi' because it's not a TTF (it doesn't have a name)
[2m2026-09-21T07:27:36.208707Z[0m [32m INFO[0m [2mruffle_desktop::backends::ui::fontconfig[0m[2m:[0m Skipping font 'URW Bookman Demi' because it's not a TTF (it doesn't have a name)
[2m2026-09-21T07:27:36.208710Z[0m [32m INFO[0m [2mruffle_desktop::backends::ui::fontconfig[0m[2m:[0m Skipping font 'URW Bookman Demi' because it's not a TTF (it doesn't have a name)
[2m2026-09-21T07:27:36.209025Z[0m [32m INFO[0m [2mruffle_desktop::backends::ui::fontconfig[0m[2m:[0m Skipping font 'Noto Sans CJK JP Bold' because it's not a TTF (it doesn't have a name)
[2m2026-09-21T07:27:36.209042Z[0m [32m INFO[0m [2mruffle_desktop::backends::ui::fontconfig[0m[2m:[0m Skipping font 'Noto Sans CJK KR Bold' because it's not a TTF (it doesn't have a name)
[2m2026-09-21T07:27:36.209046Z[0m [32m INFO[0m [2mruffle_desktop::backends::ui::fontconfig[0m[2m:[0m Skipping font 'Noto Sans CJK SC Bold' because it's not a TTF (it doesn't have a name)
[2m2026-09-21T07:27:36.209050Z[0m [32m INFO[0m [2mruffle_desktop::backends::ui::fontconfig[0m[2m:[0m Skipping font 'Noto Sans CJK TC Bold' because it's not a TTF (it doesn't have a name)
[2m2026-09-21T07:27:36.209054Z[0m [32m INFO[0m [2mruffle_desktop::backends::ui::fontconfig[0m[2m:[0m Skipping font 'Noto Sans CJK HK Bold' because it's not a TTF (it doesn't have a name)
[2m2026-09-21T07:27:36.209057Z[0m [32m INFO[0m [2mruffle_desktop::backends::ui::fontconfig[0m[2m:[0m Skipping font 'Noto Sans Mono CJK JP Bold' because it's not a TTF (it doesn't have a name)
[2m2026-09-21T07:27:36.209061Z[0m [32m INFO[0m [2mruffle_desktop::backends::ui::fontconfig[0m[2m:[0m Skipping font 'Noto Sans Mono CJK KR Bold' because it's not a TTF (it doesn't have a name)
[2m2026-09-21T07:27:36.209065Z[0m [32m INFO[0m [2mruffle_desktop::backends::ui::fontconfig[0m[2m:[0m Skipping font 'Noto Sans Mono CJK SC Bold' because it's not a TTF (it doesn't have a name)
[2m2026-09-21T07:27:36.209069Z[0m [32m INFO[0m [2mruffle_desktop::backends::ui::fontconfig[0m[2m:[0m Skipping font 'Noto Sans Mono CJK TC Bold' because it's not a TTF (it doesn't have a name)
[2m2026-09-21T07:27:36.209072Z[0m [32m INFO[0m [2mruffle_desktop::backends::ui::fontconfig[0m[2m:[0m Skipping font 'Noto Sans Mono CJK HK Bold' because it's not a TTF (it doesn't have a name)
[2m2026-09-21T07:27:36.209076Z[0m [32m INFO[0m [2mruffle_desktop::backends::ui::fontconfig[0m[2m:[0m Skipping font 'Noto Serif CJK JP Bold' because it's not a TTF (it doesn't have a name)
[2m2026-09-21T07:27:36.209080Z[0m [32m INFO[0m [2mruffle_desktop::backends::ui::fontconfig[0m[2m:[0m Skipping font 'Noto Serif CJK KR Bold' because it's not a TTF (it doesn't have a name)
[2m2026-09-21T07:27:36.209086Z[0m [32m INFO[0m [2mruffle_desktop::backends::ui::fontconfig[0m[2m:[0m Skipping font 'Noto Serif CJK SC Bold' because it's not a TTF (it doesn't have a name)
[2m2026-09-21T07:27:36.209090Z[0m [32m INFO[0m [2mruffle_desktop::backends::ui::fontconfig[0m[2m:[0m Skipping font 'Noto Serif CJK TC Bold' because it's not a TTF (it doesn't have a name)
[2m2026-09-21T07:27:36.209094Z[0m [32m INFO[0m [2mruffle_desktop::backends::ui::fontconfig[0m[2m:[0m Skipping font 'Noto Serif CJK HK Bold' because it's not a TTF (it doesn't have a name)
[2m2026-09-21T07:27:36.209097Z[0m [32m INFO[0m [2mruffle_desktop::backends::ui::fontconfig[0m[2m:[0m Skipping font 'C059-Bold' because it's not a TTF (it doesn't have a name)
[2m2026-09-21T07:27:36.209102Z[0m [32m INFO[0m [2mruffle_desktop::backends::ui::fontconfig[0m[2m:[0m Skipping font 'NimbusMonoPS-Bold' because it's not a TTF (it doesn't have a name)
[2m2026-09-21T07:27:36.209105Z[0m [32m INFO[0m [2mruffle_desktop::backends::ui::fontconfig[0m[2m:[0m Skipping font 'NimbusRoman-Bold' because it's not a TTF (it doesn't have a name)
[2m2026-09-21T07:27:36.209109Z[0m [32m INFO[0m [2mruffle_desktop::backends::ui::fontconfig[0m[2m:[0m Skipping font 'P052-Bold' because it's not a TTF (it doesn't have a name)
[2m2026-09-21T07:27:36.209112Z[0m [32m INFO[0m [2mruffle_desktop::backends::ui::fontconfig[0m[2m:[0m Skipping font 'C059 Bold' because it's not a TTF (it doesn't have a name)
[2m2026-09-21T07:27:36.209116Z[0m [32m INFO[0m [2mruffle_desktop::backends::ui::fontconfig[0m[2m:[0m Skipping font 'Nimbus Mono PS Bold' because it's not a TTF (it doesn't have a name)
[2m2026-09-21T07:27:36.209119Z[0m [32m INFO[0m [2mruffle_desktop::backends::ui::fontconfig[0m[2m:[0m Skipping font 'Nimbus Roman Bold' because it's not a TTF (it doesn't have a name)
[2m2026-09-21T07:27:36.209123Z[0m [32m INFO[0m [2mruffle_desktop::backends::ui::fontconfig[0m[2m:[0m Skipping font 'P052 Bold' because it's not a TTF (it doesn't have a name)
[2m2026-09-21T07:27:36.209127Z[0m [32m INFO[0m [2mruffle_desktop::backends::ui::fontconfig[0m[2m:[0m Skipping font 'C059 Bold' because it's not a TTF (it doesn't have a name)
[2m2026-09-21T07:27:36.209130Z[0m [32m INFO[0m [2mruffle_desktop::backends::ui::fontconfig[0m[2m:[0m Skipping font 'Nimbus Mono PS Bold' because it's not a TTF (it doesn't have a name)
[2m2026-09-21T07:27:36.209134Z[0m [32m INFO[0m [2mruffle_desktop::backends::ui::fontconfig[0m[2m:[0m Skipping font 'Nimbus Roman Bold' because it's not a TTF (it doesn't have a name)
[2m2026-09-21T07:27:36.209137Z[0m [32m INFO[0m [2mruffle_desktop::backends::ui::fontconfig[0m[2m:[0m Skipping font 'P052 Bold' because it's not a TTF (it doesn't have a name)
[2m2026-09-21T07:27:36.209496Z[0m [32m INFO[0m [2mruffle_desktop::backends::ui::fontconfig[0m[2m:[0m Skipping font 'C059-Italic' because it's not a TTF (it doesn't have a name)
[2m2026-09-21T07:27:36.209524Z[0m [32m INFO[0m [2mruffle_desktop::backends::ui::fontconfig[0m[2m:[0m Skipping font 'NimbusMonoPS-Italic' because it's not a TTF (it doesn't have a name)
[2m2026-09-21T07:27:36.209527Z[0m [32m INFO[0m [2mruffle_desktop::backends::ui::fontconfig[0m[2m:[0m Skipping font 'NimbusRoman-Italic' because it's not a TTF (it doesn't have a name)
[2m2026-09-21T07:27:36.209531Z[0m [32m INFO[0m [2mruffle_desktop::backends::ui::fontconfig[0m[2m:[0m Skipping font 'P052-Italic' because it's not a TTF (it doesn't have a name)
[2m2026-09-21T07:27:36.209535Z[0m [32m INFO[0m [2mruffle_desktop::backends::ui::fontconfig[0m[2m:[0m Skipping font 'Nimbus Mono PS Italic' because it's not a TTF (it doesn't have a name)
[2m2026-09-21T07:27:36.209538Z[0m [32m INFO[0m [2mruffle_desktop::backends::ui::fontconfig[0m[2m:[0m Skipping font 'Nimbus Roman Italic' because it's not a TTF (it doesn't have a name)
[2m2026-09-21T07:27:36.209542Z[0m [32m INFO[0m [2mruffle_desktop::backends::ui::fontconfig[0m[2m:[0m Skipping font 'P052 Italic' because it's not a TTF (it doesn't have a name)
[2m2026-09-21T07:27:36.209545Z[0m [32m INFO[0m [2mruffle_desktop::backends::ui::fontconfig[0m[2m:[0m Skipping font 'Nimbus Mono PS Italic' because it's not a TTF (it doesn't have a name)
[2m2026-09-21T07:27:36.209549Z[0m [32m INFO[0m [2mruffle_desktop::backends::ui::fontconfig[0m[2m:[0m Skipping font 'Nimbus Roman Italic' because it's not a TTF (it doesn't have a name)
[2m2026-09-21T07:27:36.209554Z[0m [32m INFO[0m [2mruffle_desktop::backends::ui::fontconfig[0m[2m:[0m Skipping font 'P052 Italic' because it's not a TTF (it doesn't have a name)
[2m2026-09-21T07:27:36.209659Z[0m [32m INFO[0m [2mruffle_desktop::backends::ui::fontconfig[0m[2m:[0m Skipping font 'Z003-MediumItalic' because it's not a TTF (it doesn't have a name)
[2m2026-09-21T07:27:36.209673Z[0m [32m INFO[0m [2mruffle_desktop::backends::ui::fontconfig[0m[2m:[0m Skipping font 'C059 Italic' because it's not a TTF (it doesn't have a name)
[2m2026-09-21T07:27:36.209677Z[0m [32m INFO[0m [2mruffle_desktop::backends::ui::fontconfig[0m[2m:[0m Skipping font 'Z003 Medium Italic' because it's not a TTF (it doesn't have a name)
[2m2026-09-21T07:27:36.209681Z[0m [32m INFO[0m [2mruffle_desktop::backends::ui::fontconfig[0m[2m:[0m Skipping font 'C059 Italic' because it's not a TTF (it doesn't have a name)
[2m2026-09-21T07:27:36.209684Z[0m [32m INFO[0m [2mruffle_desktop::backends::ui::fontconfig[0m[2m:[0m Skipping font 'Z003 Medium Italic' because it's not a TTF (it doesn't have a name)
[2m2026-09-21T07:27:36.209781Z[0m [32m INFO[0m [2mruffle_desktop::backends::ui::fontconfig[0m[2m:[0m Skipping font 'URWBookman-LightItalic' because it's not a TTF (it doesn't have a name)
[2m2026-09-21T07:27:36.209794Z[0m [32m INFO[0m [2mruffle_desktop::backends::ui::fontconfig[0m[2m:[0m Skipping font 'URW Bookman Light Italic' because it's not a TTF (it doesn't have a name)
[2m2026-09-21T07:27:36.209798Z[0m [32m INFO[0m [2mruffle_desktop::backends::ui::fontconfig[0m[2m:[0m Skipping font 'URW Bookman Light Italic' because it's not a TTF (it doesn't have a name)
[2m2026-09-21T07:27:36.209958Z[0m [32m INFO[0m [2mruffle_desktop::backends::ui::fontconfig[0m[2m:[0m Skipping font 'URWBookman-DemiItalic' because it's not a TTF (it doesn't have a name)
[2m2026-09-21T07:27:36.209972Z[0m [32m INFO[0m [2mruffle_desktop::backends::ui::fontconfig[0m[2m:[0m Skipping font 'URW Bookman Demi Italic' because it's not a TTF (it doesn't have a name)
[2m2026-09-21T07:27:36.209976Z[0m [32m INFO[0m [2mruffle_desktop::backends::ui::fontconfig[0m[2m:[0m Skipping font 'URW Bookman Demi Italic' because it's not a TTF (it doesn't have a name)
[2m2026-09-21T07:27:36.210208Z[0m [32m INFO[0m [2mruffle_desktop::backends::ui::fontconfig[0m[2m:[0m Skipping font 'C059-BdIta' because it's not a TTF (it doesn't have a name)
[2m2026-09-21T07:27:36.210223Z[0m [32m INFO[0m [2mruffle_desktop::backends::ui::fontconfig[0m[2m:[0m Skipping font 'NimbusMonoPS-BoldItalic' because it's not a TTF (it doesn't have a name)
[2m2026-09-21T07:27:36.210227Z[0m [32m INFO[0m [2mruffle_desktop::backends::ui::fontconfig[0m[2m:[0m Skipping font 'NimbusRoman-BoldItalic' because it's not a TTF (it doesn't have a name)
[2m2026-09-21T07:27:36.210230Z[0m [32m INFO[0m [2mruffle_desktop::backends::ui::fontconfig[0m[2m:[0m Skipping font 'P052-BoldItalic' because it's not a TTF (it doesn't have a name)
[2m2026-09-21T07:27:36.210235Z[0m [32m INFO[0m [2mruffle_desktop::backends::ui::fontconfig[0m[2m:[0m Skipping font 'C059 Bold Italic' because it's not a TTF (it doesn't have a name)
[2m2026-09-21T07:27:36.210239Z[0m [32m INFO[0m [2mruffle_desktop::backends::ui::fontconfig[0m[2m:[0m Skipping font 'Nimbus Mono PS Bold Italic' because it's not a TTF (it doesn't have a name)
[2m2026-09-21T07:27:36.210243Z[0m [32m INFO[0m [2mruffle_desktop::backends::ui::fontconfig[0m[2m:[0m Skipping font 'Nimbus Roman Bold Italic' because it's not a TTF (it doesn't have a name)
[2m2026-09-21T07:27:36.210247Z[0m [32m INFO[0m [2mruffle_desktop::backends::ui::fontconfig[0m[2m:[0m Skipping font 'P052 Bold Italic' because it's not a TTF (it doesn't have a name)
[2m2026-09-21T07:27:36.210251Z[0m [32m INFO[0m [2mruffle_desktop::backends::ui::fontconfig[0m[2m:[0m Skipping font 'C059 Bold Italic' because it's not a TTF (it doesn't have a name)
[2m2026-09-21T07:27:36.210255Z[0m [32m INFO[0m [2mruffle_desktop::backends::ui::fontconfig[0m[2m:[0m Skipping font 'Nimbus Mono PS Bold Italic' because it's not a TTF (it doesn't have a name)
[2m2026-09-21T07:27:36.210258Z[0m [32m INFO[0m [2mruffle_desktop::backends::ui::fontconfig[0m[2m:[0m Skipping font 'Nimbus Roman Bold Italic' because it's not a TTF (it doesn't have a name)
[2m2026-09-21T07:27:36.210262Z[0m [32m INFO[0m [2mruffle_desktop::backends::ui::fontconfig[0m[2m:[0m Skipping font 'P052 Bold Italic' because it's not a TTF (it doesn't have a name)
[2m2026-09-21T07:27:36.214773Z[0m [32m INFO[0m [2mruffle_desktop::backends::ui::fontconfig[0m[2m:[0m Skipping font 'NimbusSans-Regular' because it's not a TTF (it doesn't have a name)
[2m2026-09-21T07:27:36.214795Z[0m [32m INFO[0m [2mruffle_desktop::backends::ui::fontconfig[0m[2m:[0m Skipping font 'Nimbus Sans Regular' because it's not a TTF (it doesn't have a name)
[2m2026-09-21T07:27:36.214799Z[0m [32m INFO[0m [2mruffle_desktop::backends::ui::fontconfig[0m[2m:[0m Skipping font 'Nimbus Sans Regular' because it's not a TTF (it doesn't have a name)
[2m2026-09-21T07:27:36.214803Z[0m [32m INFO[0m [2mruffle_desktop::backends::ui::fontconfig[0m[2m:[0m Skipping font 'NimbusSans-Bold' because it's not a TTF (it doesn't have a name)
[2m2026-09-21T07:27:36.214806Z[0m [32m INFO[0m [2mruffle_desktop::backends::ui::fontconfig[0m[2m:[0m Skipping font 'Nimbus Sans Bold' because it's not a TTF (it doesn't have a name)
[2m2026-09-21T07:27:36.214810Z[0m [32m INFO[0m [2mruffle_desktop::backends::ui::fontconfig[0m[2m:[0m Skipping font 'Nimbus Sans Bold' because it's not a TTF (it doesn't have a name)
[2m2026-09-21T07:27:36.214813Z[0m [32m INFO[0m [2mruffle_desktop::backends::ui::fontconfig[0m[2m:[0m Skipping font 'NimbusSans-Italic' because it's not a TTF (it doesn't have a name)
[2m2026-09-21T07:27:36.214819Z[0m [32m INFO[0m [2mruffle_desktop::backends::ui::fontconfig[0m[2m:[0m Skipping font 'Nimbus Sans Italic' because it's not a TTF (it doesn't have a name)
[2m2026-09-21T07:27:36.214823Z[0m [32m INFO[0m [2mruffle_desktop::backends::ui::fontconfig[0m[2m:[0m Skipping font 'Nimbus Sans Italic' because it's not a TTF (it doesn't have a name)
[2m2026-09-21T07:27:36.214827Z[0m [32m INFO[0m [2mruffle_desktop::backends::ui::fontconfig[0m[2m:[0m Skipping font 'NimbusSans-BoldItalic' because it's not a TTF (it doesn't have a name)
[2m2026-09-21T07:27:36.214831Z[0m [32m INFO[0m [2mruffle_desktop::backends::ui::fontconfig[0m[2m:[0m Skipping font 'Nimbus Sans Bold Italic' because it's not a TTF (it doesn't have a name)
[2m2026-09-21T07:27:36.214835Z[0m [32m INFO[0m [2mruffle_desktop::backends::ui::fontconfig[0m[2m:[0m Skipping font 'Nimbus Sans Bold Italic' because it's not a TTF (it doesn't have a name)
[2m2026-09-21T07:27:36.214839Z[0m [32m INFO[0m [2mruffle_desktop::backends::ui::fontconfig[0m[2m:[0m Skipping font 'URWGothic-Book' because it's not a TTF (it doesn't have a name)
[2m2026-09-21T07:27:36.214843Z[0m [32m INFO[0m [2mruffle_desktop::backends::ui::fontconfig[0m[2m:[0m Skipping font 'URW Gothic Book' because it's not a TTF (it doesn't have a name)
[2m2026-09-21T07:27:36.214846Z[0m [32m INFO[0m [2mruffle_desktop::backends::ui::fontconfig[0m[2m:[0m Skipping font 'URW Gothic Book' because it's not a TTF (it doesn't have a name)
[2m2026-09-21T07:27:36.214850Z[0m [32m INFO[0m [2mruffle_desktop::backends::ui::fontconfig[0m[2m:[0m Skipping font 'URWGothic-Demi' because it's not a TTF (it doesn't have a name)
[2m2026-09-21T07:27:36.214853Z[0m [32m INFO[0m [2mruffle_desktop::backends::ui::fontconfig[0m[2m:[0m Skipping font 'URW Gothic Demi' because it's not a TTF (it doesn't have a name)
[2m2026-09-21T07:27:36.214857Z[0m [32m INFO[0m [2mruffle_desktop::backends::ui::fontconfig[0m[2m:[0m Skipping font 'URW Gothic Demi' because it's not a TTF (it doesn't have a name)
[2m2026-09-21T07:27:36.214860Z[0m [32m INFO[0m [2mruffle_desktop::backends::ui::fontconfig[0m[2m:[0m Skipping font 'URWGothic-BookOblique' because it's not a TTF (it doesn't have a name)
[2m2026-09-21T07:27:36.214864Z[0m [32m INFO[0m [2mruffle_desktop::backends::ui::fontconfig[0m[2m:[0m Skipping font 'URW Gothic Book Oblique' because it's not a TTF (it doesn't have a name)
[2m2026-09-21T07:27:36.214867Z[0m [32m INFO[0m [2mruffle_desktop::backends::ui::fontconfig[0m[2m:[0m Skipping font 'URW Gothic Book Oblique' because it's not a TTF (it doesn't have a name)
[2m2026-09-21T07:27:36.214871Z[0m [32m INFO[0m [2mruffle_desktop::backends::ui::fontconfig[0m[2m:[0m Skipping font 'URWGothic-DemiOblique' because it's not a TTF (it doesn't have a name)
[2m2026-09-21T07:27:36.214874Z[0m [32m INFO[0m [2mruffle_desktop::backends::ui::fontconfig[0m[2m:[0m Skipping font 'URW Gothic Demi Oblique' because it's not a TTF (it doesn't have a name)
[2m2026-09-21T07:27:36.214877Z[0m [32m INFO[0m [2mruffle_desktop::backends::ui::fontconfig[0m[2m:[0m Skipping font 'URW Gothic Demi Oblique' because it's not a TTF (it doesn't have a name)
[2m2026-09-21T07:27:36.214881Z[0m [32m INFO[0m [2mruffle_desktop::backends::ui::fontconfig[0m[2m:[0m Skipping font 'Nimbus Sans Narrow Regular' because it's not a TTF (it doesn't have a name)
[2m2026-09-21T07:27:36.214885Z[0m [32m INFO[0m [2mruffle_desktop::backends::ui::fontconfig[0m[2m:[0m Skipping font 'Nimbus Sans Narrow Regular' because it's not a TTF (it doesn't have a name)
[2m2026-09-21T07:27:36.214888Z[0m [32m INFO[0m [2mruffle_desktop::backends::ui::fontconfig[0m[2m:[0m Skipping font 'NimbusSansNarrow-Regular' because it's not a TTF (it doesn't have a name)
[2m2026-09-21T07:27:36.214891Z[0m [32m INFO[0m [2mruffle_desktop::backends::ui::fontconfig[0m[2m:[0m Skipping font 'Nimbus Sans Narrow Bold' because it's not a TTF (it doesn't have a name)
[2m2026-09-21T07:27:36.214895Z[0m [32m INFO[0m [2mruffle_desktop::backends::ui::fontconfig[0m[2m:[0m Skipping font 'Nimbus Sans Narrow Bold' because it's not a TTF (it doesn't have a name)
[2m2026-09-21T07:27:36.214899Z[0m [32m INFO[0m [2mruffle_desktop::backends::ui::fontconfig[0m[2m:[0m Skipping font 'NimbusSansNarrow-Bold' because it's not a TTF (it doesn't have a name)
[2m2026-09-21T07:27:36.214902Z[0m [32m INFO[0m [2mruffle_desktop::backends::ui::fontconfig[0m[2m:[0m Skipping font 'Nimbus Sans Narrow Oblique' because it's not a TTF (it doesn't have a name)
[2m2026-09-21T07:27:36.214906Z[0m [32m INFO[0m [2mruffle_desktop::backends::ui::fontconfig[0m[2m:[0m Skipping font 'Nimbus Sans Narrow Oblique' because it's not a TTF (it doesn't have a name)
[2m2026-09-21T07:27:36.214909Z[0m [32m INFO[0m [2mruffle_desktop::backends::ui::fontconfig[0m[2m:[0m Skipping font 'NimbusSansNarrow-Oblique' because it's not a TTF (it doesn't have a name)
[2m2026-09-21T07:27:36.214913Z[0m [32m INFO[0m [2mruffle_desktop::backends::ui::fontconfig[0m[2m:[0m Skipping font 'Nimbus Sans Narrow Bold Oblique' because it's not a TTF (it doesn't have a name)
[2m2026-09-21T07:27:36.214917Z[0m [32m INFO[0m [2mruffle_desktop::backends::ui::fontconfig[0m[2m:[0m Skipping font 'Nimbus Sans Narrow Bold Oblique' because it's not a TTF (it doesn't have a name)
[2m2026-09-21T07:27:36.214920Z[0m [32m INFO[0m [2mruffle_desktop::backends::ui::fontconfig[0m[2m:[0m Skipping font 'NimbusSansNarrow-BoldOblique' because it's not a TTF (it doesn't have a name)
[2m2026-09-21T07:27:36.215767Z[0m [32m INFO[0m [2mruffle_desktop::backends::ui::fontconfig[0m[2m:[0m Skipping font 'Noto Sans CJK JP' because it's not a TTF (it doesn't have a name)
[2m2026-09-21T07:27:36.215783Z[0m [32m INFO[0m [2mruffle_desktop::backends::ui::fontconfig[0m[2m:[0m Skipping font 'Noto Sans CJK KR' because it's not a TTF (it doesn't have a name)
[2m2026-09-21T07:27:36.215787Z[0m [32m INFO[0m [2mruffle_desktop::backends::ui::fontconfig[0m[2m:[0m Skipping font 'Noto Sans CJK SC' because it's not a TTF (it doesn't have a name)
[2m2026-09-21T07:27:36.215790Z[0m [32m INFO[0m [2mruffle_desktop::backends::ui::fontconfig[0m[2m:[0m Skipping font 'Noto Sans CJK TC' because it's not a TTF (it doesn't have a name)
[2m2026-09-21T07:27:36.215794Z[0m [32m INFO[0m [2mruffle_desktop::backends::ui::fontconfig[0m[2m:[0m Skipping font 'Noto Sans CJK HK' because it's not a TTF (it doesn't have a name)
[2m2026-09-21T07:27:36.215799Z[0m [32m INFO[0m [2mruffle_desktop::backends::ui::fontconfig[0m[2m:[0m Skipping font 'Noto Sans Mono CJK JP' because it's not a TTF (it doesn't have a name)
[2m2026-09-21T07:27:36.215803Z[0m [32m INFO[0m [2mruffle_desktop::backends::ui::fontconfig[0m[2m:[0m Skipping font 'Noto Sans Mono CJK KR' because it's not a TTF (it doesn't have a name)
[2m2026-09-21T07:27:36.215807Z[0m [32m INFO[0m [2mruffle_desktop::backends::ui::fontconfig[0m[2m:[0m Skipping font 'Noto Sans Mono CJK SC' because it's not a TTF (it doesn't have a name)
[2m2026-09-21T07:27:36.215813Z[0m [32m INFO[0m [2mruffle_desktop::backends::ui::fontconfig[0m[2m:[0m Skipping font 'Noto Sans Mono CJK TC' because it's not a TTF (it doesn't have a name)
[2m2026-09-21T07:27:36.215816Z[0m [32m INFO[0m [2mruffle_desktop::backends::ui::fontconfig[0m[2m:[0m Skipping font 'Noto Sans Mono CJK HK' because it's not a TTF (it doesn't have a name)
[2m2026-09-21T07:27:36.215820Z[0m [32m INFO[0m [2mruffle_desktop::backends::ui::fontconfig[0m[2m:[0m Skipping font 'Noto Serif CJK JP' because it's not a TTF (it doesn't have a name)
[2m2026-09-21T07:27:36.215823Z[0m [32m INFO[0m [2mruffle_desktop::backends::ui::fontconfig[0m[2m:[0m Skipping font 'Noto Serif CJK KR' because it's not a TTF (it doesn't have a name)
[2m2026-09-21T07:27:36.215827Z[0m [32m INFO[0m [2mruffle_desktop::backends::ui::fontconfig[0m[2m:[0m Skipping font 'Noto Serif CJK SC' because it's not a TTF (it doesn't have a name)
[2m2026-09-21T07:27:36.215830Z[0m [32m INFO[0m [2mruffle_desktop::backends::ui::fontconfig[0m[2m:[0m Skipping font 'Noto Serif CJK TC' because it's not a TTF (it doesn't have a name)
[2m2026-09-21T07:27:36.215834Z[0m [32m INFO[0m [2mruffle_desktop::backends::ui::fontconfig[0m[2m:[0m Skipping font 'Noto Serif CJK HK' because it's not a TTF (it doesn't have a name)
[2m2026-09-21T07:27:36.215838Z[0m [32m INFO[0m [2mruffle_desktop::backends::ui::fontconfig[0m[2m:[0m Skipping font 'D050000L' because it's not a TTF (it doesn't have a name)
[2m2026-09-21T07:27:36.215842Z[0m [32m INFO[0m [2mruffle_desktop::backends::ui::fontconfig[0m[2m:[0m Skipping font 'Standard Symbols PS' because it's not a TTF (it doesn't have a name)
[2m2026-09-21T07:27:36.215845Z[0m [32m INFO[0m [2mruffle_desktop::backends::ui::fontconfig[0m[2m:[0m Skipping font 'C059-Roman' because it's not a TTF (it doesn't have a name)
[2m2026-09-21T07:27:36.215849Z[0m [32m INFO[0m [2mruffle_desktop::backends::ui::fontconfig[0m[2m:[0m Skipping font 'NimbusMonoPS-Regular' because it's not a TTF (it doesn't have a name)
[2m2026-09-21T07:27:36.215852Z[0m [32m INFO[0m [2mruffle_desktop::backends::ui::fontconfig[0m[2m:[0m Skipping font 'NimbusRoman-Regular' because it's not a TTF (it doesn't have a name)
[2m2026-09-21T07:27:36.215856Z[0m [32m INFO[0m [2mruffle_desktop::backends::ui::fontconfig[0m[2m:[0m Skipping font 'P052-Roman' because it's not a TTF (it doesn't have a name)
[2m2026-09-21T07:27:36.215889Z[0m [32m INFO[0m [2mruffle_desktop::backends::ui::fontconfig[0m[2m:[0m Skipping font 'Nimbus Mono PS Regular' because it's not a TTF (it doesn't have a name)
[2m2026-09-21T07:27:36.215903Z[0m [32m INFO[0m [2mruffle_desktop::backends::ui::fontconfig[0m[2m:[0m Skipping font 'Nimbus Roman Regular' because it's not a TTF (it doesn't have a name)
[2m2026-09-21T07:27:36.215907Z[0m [32m INFO[0m [2mruffle_desktop::backends::ui::fontconfig[0m[2m:[0m Skipping font 'Nimbus Mono PS Regular' because it's not a TTF (it doesn't have a name)
[2m2026-09-21T07:27:36.215911Z[0m [32m INFO[0m [2mruffle_desktop::backends::ui::fontconfig[0m[2m:[0m Skipping font 'Nimbus Roman Regular' because it's not a TTF (it doesn't have a name)
[2m2026-09-21T07:27:36.215914Z[0m [32m INFO[0m [2mruffle_desktop::backends::ui::fontconfig[0m[2m:[0m Skipping font 'D050000L Regular' because it's not a TTF (it doesn't have a name)
[2m2026-09-21T07:27:36.215918Z[0m [32m INFO[0m [2mruffle_desktop::backends::ui::fontconfig[0m[2m:[0m Skipping font 'Standard Symbols PS Regular' because it's not a TTF (it doesn't have a name)
[2m2026-09-21T07:27:36.215922Z[0m [32m INFO[0m [2mruffle_desktop::backends::ui::fontconfig[0m[2m:[0m Skipping font 'D050000L Regular' because it's not a TTF (it doesn't have a name)
[2m2026-09-21T07:27:36.215925Z[0m [32m INFO[0m [2mruffle_desktop::backends::ui::fontconfig[0m[2m:[0m Skipping font 'Standard Symbols PS Regular' because it's not a TTF (it doesn't have a name)
[2m2026-09-21T07:27:36.216032Z[0m [32m INFO[0m [2mruffle_desktop::backends::ui::fontconfig[0m[2m:[0m Skipping font 'C059 Roman' because it's not a TTF (it doesn't have a name)
[2m2026-09-21T07:27:36.216046Z[0m [32m INFO[0m [2mruffle_desktop::backends::ui::fontconfig[0m[2m:[0m Skipping font 'P052 Roman' because it's not a TTF (it doesn't have a name)
[2m2026-09-21T07:27:36.216050Z[0m [32m INFO[0m [2mruffle_desktop::backends::ui::fontconfig[0m[2m:[0m Skipping font 'C059 Roman' because it's not a TTF (it doesn't have a name)
[2m2026-09-21T07:27:36.216053Z[0m [32m INFO[0m [2mruffle_desktop::backends::ui::fontconfig[0m[2m:[0m Skipping font 'P052 Roman' because it's not a TTF (it doesn't have a name)
[2m2026-09-21T07:27:36.216110Z[0m [32m INFO[0m [2mruffle_desktop::backends::ui::fontconfig[0m[2m:[0m Skipping font 'URWBookman-Light' because it's not a TTF (it doesn't have a name)
[2m2026-09-21T07:27:36.216123Z[0m [32m INFO[0m [2mruffle_desktop::backends::ui::fontconfig[0m[2m:[0m Skipping font 'URW Bookman Light' because it's not a TTF (it doesn't have a name)
[2m2026-09-21T07:27:36.216128Z[0m [32m INFO[0m [2mruffle_desktop::backends::ui::fontconfig[0m[2m:[0m Skipping font 'URW Bookman Light' because it's not a TTF (it doesn't have a name)
[2m2026-09-21T07:27:36.216274Z[0m [32m INFO[0m [2mruffle_desktop::backends::ui::fontconfig[0m[2m:[0m Skipping font 'URWBookman-Demi' because it's not a TTF (it doesn't have a name)
[2m2026-09-21T07:27:36.216288Z[0m [32m INFO[0m [2mruffle_desktop::backends::ui::fontconfig[0m[2m:[0m Skipping font 'URW Bookman Demi' because it's not a TTF (it doesn't have a name)
[2m2026-09-21T07:27:36.216292Z[0m [32m INFO[0m [2mruffle_desktop::backends::ui::fontconfig[0m[2m:[0m Skipping font 'URW Bookman Demi' because it's not a TTF (it doesn't have a name)
[2m2026-09-21T07:27:36.216656Z[0m [32m INFO[0m [2mruffle_desktop::backends::ui::fontconfig[0m[2m:[0m Skipping font 'Noto Sans CJK JP Bold' because it's not a TTF (it doesn't have a name)
[2m2026-09-21T07:27:36.216672Z[0m [32m INFO[0m [2mruffle_desktop::backends::ui::fontconfig[0m[2m:[0m Skipping font 'Noto Sans CJK KR Bold' because it's not a TTF (it doesn't have a name)
[2m2026-09-21T07:27:36.216677Z[0m [32m INFO[0m [2mruffle_desktop::backends::ui::fontconfig[0m[2m:[0m Skipping font 'Noto Sans CJK SC Bold' because it's not a TTF (it doesn't have a name)
[2m2026-09-21T07:27:36.216680Z[0m [32m INFO[0m [2mruffle_desktop::backends::ui::fontconfig[0m[2m:[0m Skipping font 'Noto Sans CJK TC Bold' because it's not a TTF (it doesn't have a name)
[2m2026-09-21T07:27:36.216684Z[0m [32m INFO[0m [2mruffle_desktop::backends::ui::fontconfig[0m[2m:[0m Skipping font 'Noto Sans CJK HK Bold' because it's not a TTF (it doesn't have a name)
[2m2026-09-21T07:27:36.216687Z[0m [32m INFO[0m [2mruffle_desktop::backends::ui::fontconfig[0m[2m:[0m Skipping font 'Noto Sans Mono CJK JP Bold' because it's not a TTF (it doesn't have a name)
[2m2026-09-21T07:27:36.216691Z[0m [32m INFO[0m [2mruffle_desktop::backends::ui::fontconfig[0m[2m:[0m Skipping font 'Noto Sans Mono CJK KR Bold' because it's not a TTF (it doesn't have a name)
[2m2026-09-21T07:27:36.216695Z[0m [32m INFO[0m [2mruffle_desktop::backends::ui::fontconfig[0m[2m:[0m Skipping font 'Noto Sans Mono CJK SC Bold' because it's not a TTF (it doesn't have a name)
[2m2026-09-21T07:27:36.216698Z[0m [32m INFO[0m [2mruffle_desktop::backends::ui::fontconfig[0m[2m:[0m Skipping font 'Noto Sans Mono CJK TC Bold' because it's not a TTF (it doesn't have a name)
[2m2026-09-21T07:27:36.216702Z[0m [32m INFO[0m [2mruffle_desktop::backends::ui::fontconfig[0m[2m:[0m Skipping font 'Noto Sans Mono CJK HK Bold' because it's not a TTF (it doesn't have a name)
[2m2026-09-21T07:27:36.216706Z[0m [32m INFO[0m [2mruffle_desktop::backends::ui::fontconfig[0m[2m:[0m Skipping font 'Noto Serif CJK JP Bold' because it's not a TTF (it doesn't have a name)
[2m2026-09-21T07:27:36.216709Z[0m [32m INFO[0m [2mruffle_desktop::backends::ui::fontconfig[0m[2m:[0m Skipping font 'Noto Serif CJK KR Bold' because it's not a TTF (it doesn't have a name)
[2m2026-09-21T07:27:36.216713Z[0m [32m INFO[0m [2mruffle_desktop::backends::ui::fontconfig[0m[2m:[0m Skipping font 'Noto Serif CJK SC Bold' because it's not a TTF (it doesn't have a name)
[2m2026-09-21T07:27:36.216716Z[0m [32m INFO[0m [2mruffle_desktop::backends::ui::fontconfig[0m[2m:[0m Skipping font 'Noto Serif CJK TC Bold' because it's not a TTF (it doesn't have a name)
[2m2026-09-21T07:27:36.216720Z[0m [32m INFO[0m [2mruffle_desktop::backends::ui::fontconfig[0m[2m:[0m Skipping font 'Noto Serif CJK HK Bold' because it's not a TTF (it doesn't have a name)
[2m2026-09-21T07:27:36.216723Z[0m [32m INFO[0m [2mruffle_desktop::backends::ui::fontconfig[0m[2m:[0m Skipping font 'C059-Bold' because it's not a TTF (it doesn't have a name)
[2m2026-09-21T07:27:36.216727Z[0m [32m INFO[0m [2mruffle_desktop::backends::ui::fontconfig[0m[2m:[0m Skipping font 'NimbusMonoPS-Bold' because it's not a TTF (it doesn't have a name)
[2m2026-09-21T07:27:36.216730Z[0m [32m INFO[0m [2mruffle_desktop::backends::ui::fontconfig[0m[2m:[0m Skipping font 'NimbusRoman-Bold' because it's not a TTF (it doesn't have a name)
[2m2026-09-21T07:27:36.216734Z[0m [32m INFO[0m [2mruffle_desktop::backends::ui::fontconfig[0m[2m:[0m Skipping font 'P052-Bold' because it's not a TTF (it doesn't have a name)
[2m2026-09-21T07:27:36.216739Z[0m [32m INFO[0m [2mruffle_desktop::backends::ui::fontconfig[0m[2m:[0m Skipping font 'C059 Bold' because it's not a TTF (it doesn't have a name)
[2m2026-09-21T07:27:36.216743Z[0m [32m INFO[0m [2mruffle_desktop::backends::ui::fontconfig[0m[2m:[0m Skipping font 'Nimbus Mono PS Bold' because it's not a TTF (it doesn't have a name)
[2m2026-09-21T07:27:36.216747Z[0m [32m INFO[0m [2mruffle_desktop::backends::ui::fontconfig[0m[2m:[0m Skipping font 'Nimbus Roman Bold' because it's not a TTF (it doesn't have a name)
[2m2026-09-21T07:27:36.216750Z[0m [32m INFO[0m [2mruffle_desktop::backends::ui::fontconfig[0m[2m:[0m Skipping font 'P052 Bold' because it's not a TTF (it doesn't have a name)
[2m2026-09-21T07:27:36.216754Z[0m [32m INFO[0m [2mruffle_desktop::backends::ui::fontconfig[0m[2m:[0m Skipping font 'C059 Bold' because it's not a TTF (it doesn't have a name)
[2m2026-09-21T07:27:36.216757Z[0m [32m INFO[0m [2mruffle_desktop::backends::ui::fontconfig[0m[2m:[0m Skipping font 'Nimbus Mono PS Bold' because it's not a TTF (it doesn't have a name)
[2m2026-09-21T07:27:36.216761Z[0m [32m INFO[0m [2mruffle_desktop::backends::ui::fontconfig[0m[2m:[0m Skipping font 'Nimbus Roman Bold' because it's not a TTF (it doesn't have a name)
[2m2026-09-21T07:27:36.216764Z[0m [32m INFO[0m [2mruffle_desktop::backends::ui::fontconfig[0m[2m:[0m Skipping font 'P052 Bold' because it's not a TTF (it doesn't have a name)
[2m2026-09-21T07:27:36.217128Z[0m [32m INFO[0m [2mruffle_desktop::backends::ui::fontconfig[0m[2m:[0m Skipping font 'C059-Italic' because it's not a TTF (it doesn't have a name)
[2m2026-09-21T07:27:36.217143Z[0m [32m INFO[0m [2mruffle_desktop::backends::ui::fontconfig[0m[2m:[0m Skipping font 'NimbusMonoPS-Italic' because it's not a TTF (it doesn't have a name)
[2m2026-09-21T07:27:36.217147Z[0m [32m INFO[0m [2mruffle_desktop::backends::ui::fontconfig[0m[2m:[0m Skipping font 'NimbusRoman-Italic' because it's not a TTF (it doesn't have a name)
[2m2026-09-21T07:27:36.217151Z[0m [32m INFO[0m [2mruffle_desktop::backends::ui::fontconfig[0m[2m:[0m Skipping font 'P052-Italic' because it's not a TTF (it doesn't have a name)
[2m2026-09-21T07:27:36.217154Z[0m [32m INFO[0m [2mruffle_desktop::backends::ui::fontconfig[0m[2m:[0m Skipping font 'Nimbus Mono PS Italic' because it's not a TTF (it doesn't have a name)
[2m2026-09-21T07:27:36.217158Z[0m [32m INFO[0m [2mruffle_desktop::backends::ui::fontconfig[0m[2m:[0m Skipping font 'Nimbus Roman Italic' because it's not a TTF (it doesn't have a name)
[2m2026-09-21T07:27:36.217163Z[0m [32m INFO[0m [2mruffle_desktop::backends::ui::fontconfig[0m[2m:[0m Skipping font 'P052 Italic' because it's not a TTF (it doesn't have a name)
[2m2026-09-21T07:27:36.217166Z[0m [32m INFO[0m [2mruffle_desktop::backends::ui::fontconfig[0m[2m:[0m Skipping font 'Nimbus Mono PS Italic' because it's not a TTF (it doesn't have a name)
[2m2026-09-21T07:27:36.217170Z[0m [32m INFO[0m [2mruffle_desktop::backends::ui::fontconfig[0m[2m:[0m Skipping font 'Nimbus Roman Italic' because it's not a TTF (it doesn't have a name)
[2m2026-09-21T07:27:36.217173Z[0m [32m INFO[0m [2mruffle_desktop::backends::ui::fontconfig[0m[2m:[0m Skipping font 'P052 Italic' because it's not a TTF (it doesn't have a name)
[2m2026-09-21T07:27:36.217282Z[0m [32m INFO[0m [2mruffle_desktop::backends::ui::fontconfig[0m[2m:[0m Skipping font 'Z003-MediumItalic' because it's not a TTF (it doesn't have a name)
[2m2026-09-21T07:27:36.217296Z[0m [32m INFO[0m [2mruffle_desktop::backends::ui::fontconfig[0m[2m:[0m Skipping font 'C059 Italic' because it's not a TTF (it doesn't have a name)
[2m2026-09-21T07:27:36.217300Z[0m [32m INFO[0m [2mruffle_desktop::backends::ui::fontconfig[0m[2m:[0m Skipping font 'Z003 Medium Italic' because it's not a TTF (it doesn't have a name)
[2m2026-09-21T07:27:36.217304Z[0m [32m INFO[0m [2mruffle_desktop::backends::ui::fontconfig[0m[2m:[0m Skipping font 'C059 Italic' because it's not a TTF (it doesn't have a name)
[2m2026-09-21T07:27:36.217307Z[0m [32m INFO[0m [2mruffle_desktop::backends::ui::fontconfig[0m[2m:[0m Skipping font 'Z003 Medium Italic' because it's not a TTF (it doesn't have a name)
[2m2026-09-21T07:27:36.217361Z[0m [32m INFO[0m [2mruffle_desktop::backends::ui::fontconfig[0m[2m:[0m Skipping font 'URWBookman-LightItalic' because it's not a TTF (it doesn't have a name)
[2m2026-09-21T07:27:36.217374Z[0m [32m INFO[0m [2mruffle_desktop::backends::ui::fontconfig[0m[2m:[0m Skipping font 'URW Bookman Light Italic' because it's not a TTF (it doesn't have a name)
[2m2026-09-21T07:27:36.217384Z[0m [32m INFO[0m [2mruffle_desktop::backends::ui::fontconfig[0m[2m:[0m Skipping font 'URW Bookman Light Italic' because it's not a TTF (it doesn't have a name)
[2m2026-09-21T07:27:36.217542Z[0m [32m INFO[0m [2mruffle_desktop::backends::ui::fontconfig[0m[2m:[0m Skipping font 'URWBookman-DemiItalic' because it's not a TTF (it doesn't have a name)
[2m2026-09-21T07:27:36.217556Z[0m [32m INFO[0m [2mruffle_desktop::backends::ui::fontconfig[0m[2m:[0m Skipping font 'URW Bookman Demi Italic' because it's not a TTF (it doesn't have a name)
[2m2026-09-21T07:27:36.217560Z[0m [32m INFO[0m [2mruffle_desktop::backends::ui::fontconfig[0m[2m:[0m Skipping font 'URW Bookman Demi Italic' because it's not a TTF (it doesn't have a name)
[2m2026-09-21T07:27:36.217780Z[0m [32m INFO[0m [2mruffle_desktop::backends::ui::fontconfig[0m[2m:[0m Skipping font 'C059-BdIta' because it's not a TTF (it doesn't have a name)
[2m2026-09-21T07:27:36.217794Z[0m [32m INFO[0m [2mruffle_desktop::backends::ui::fontconfig[0m[2m:[0m Skipping font 'NimbusMonoPS-BoldItalic' because it's not a TTF (it doesn't have a name)
[2m2026-09-21T07:27:36.217798Z[0m [32m INFO[0m [2mruffle_desktop::backends::ui::fontconfig[0m[2m:[0m Skipping font 'NimbusRoman-BoldItalic' because it's not a TTF (it doesn't have a name)
[2m2026-09-21T07:27:36.217815Z[0m [32m INFO[0m [2mruffle_desktop::backends::ui::fontconfig[0m[2m:[0m Skipping font 'P052-BoldItalic' because it's not a TTF (it doesn't have a name)
[2m2026-09-21T07:27:36.217819Z[0m [32m INFO[0m [2mruffle_desktop::backends::ui::fontconfig[0m[2m:[0m Skipping font 'C059 Bold Italic' because it's not a TTF (it doesn't have a name)
[2m2026-09-21T07:27:36.217823Z[0m [32m INFO[0m [2mruffle_desktop::backends::ui::fontconfig[0m[2m:[0m Skipping font 'Nimbus Mono PS Bold Italic' because it's not a TTF (it doesn't have a name)
[2m2026-09-21T07:27:36.217827Z[0m [32m INFO[0m [2mruffle_desktop::backends::ui::fontconfig[0m[2m:[0m Skipping font 'Nimbus Roman Bold Italic' because it's not a TTF (it doesn't have a name)
[2m2026-09-21T07:27:36.217830Z[0m [32m INFO[0m [2mruffle_desktop::backends::ui::fontconfig[0m[2m:[0m Skipping font 'P052 Bold Italic' because it's not a TTF (it doesn't have a name)
[2m2026-09-21T07:27:36.217834Z[0m [32m INFO[0m [2mruffle_desktop::backends::ui::fontconfig[0m[2m:[0m Skipping font 'C059 Bold Italic' because it's not a TTF (it doesn't have a name)
[2m2026-09-21T07:27:36.217838Z[0m [32m INFO[0m [2mruffle_desktop::backends::ui::fontconfig[0m[2m:[0m Skipping font 'Nimbus Mono PS Bold Italic' because it's not a TTF (it doesn't have a name)
[2m2026-09-21T07:27:36.217841Z[0m [32m INFO[0m [2mruffle_desktop::backends::ui::fontconfig[0m[2m:[0m Skipping font 'Nimbus Roman Bold Italic' because it's not a TTF (it doesn't have a name)
[2m2026-09-21T07:27:36.217845Z[0m [32m INFO[0m [2mruffle_desktop::backends::ui::fontconfig[0m[2m:[0m Skipping font 'P052 Bold Italic' because it's not a TTF (it doesn't have a name)
[2m2026-09-21T07:27:36.233353Z[0m [33m WARN[0m [2mruffle_core::library[0m[2m:[0m Unknown device font "Arial" (bold: false, italic: false)
[2m2026-09-21T07:27:36.233379Z[0m [33m WARN[0m [2mruffle_core::library[0m[2m:[0m Unknown device font "Arimo" (bold: false, italic: false)
[2m2026-09-21T07:27:36.492914Z[0m [32m INFO[0m [2mavm_trace[0m[2m:[0m onLoaded1 [object ResourceInfo]
[2m2026-09-21T07:27:36.492967Z[0m [32m INFO[0m [2mavm_trace[0m[2m:[0m onLoaded res/UI/UI.swf
[2m2026-09-21T07:27:36.492984Z[0m [32m INFO[0m [2mavm_trace[0m[2m:[0m loadCompleteHandler res/UI/UI.swf
[2m2026-09-21T07:27:36.493239Z[0m [32m INFO[0m [2mavm_trace[0m[2m:[0m onLoaded1 [object ResourceInfo]
[2m2026-09-21T07:27:36.493262Z[0m [32m INFO[0m [2mavm_trace[0m[2m:[0m onLoaded res/role/mole.swf
[2m2026-09-21T07:27:36.493269Z[0m [32m INFO[0m [2mavm_trace[0m[2m:[0m loadCompleteHandler res/role/mole.swf
[2m2026-09-21T07:27:36.493327Z[0m [32m INFO[0m [2mavm_trace[0m[2m:[0m onLoaded1 [object ResourceInfo]
[2m2026-09-21T07:27:36.493345Z[0m [32m INFO[0m [2mavm_trace[0m[2m:[0m onLoaded res/UI/UI2.swf
[2m2026-09-21T07:27:36.493352Z[0m [32m INFO[0m [2mavm_trace[0m[2m:[0m loadCompleteHandler res/UI/UI2.swf
[2m2026-09-21T07:27:36.493402Z[0m [32m INFO[0m [2mavm_trace[0m[2m:[0m onLoaded1 [object ResourceInfo]
[2m2026-09-21T07:27:36.493423Z[0m [32m INFO[0m [2mavm_trace[0m[2m:[0m onLoaded res/battle/battleUI.swf
[2m2026-09-21T07:27:36.493430Z[0m [32m INFO[0m [2mavm_trace[0m[2m:[0m loadCompleteHandler res/battle/battleUI.swf
[2m2026-09-21T07:27:36.493477Z[0m [32m INFO[0m [2mavm_trace[0m[2m:[0m onLoaded1 [object ResourceInfo]
[2m2026-09-21T07:27:36.493494Z[0m [32m INFO[0m [2mavm_trace[0m[2m:[0m onLoaded res/sound/BaseSound.swf
[2m2026-09-21T07:27:36.493512Z[0m [32m INFO[0m [2mavm_trace[0m[2m:[0m loadCompleteHandler res/sound/BaseSound.swf
[2m2026-09-21T07:27:36.494874Z[0m [32m INFO[0m [2mavm_trace[0m[2m:[0m onLoaded1 [object ResourceInfo]
[2m2026-09-21T07:27:36.494904Z[0m [32m INFO[0m [2mavm_trace[0m[2m:[0m onLoaded res/config/mapArea.xml
[2m2026-09-21T07:27:36.494912Z[0m [32m INFO[0m [2mavm_trace[0m[2m:[0m loadCompleteHandler res/config/mapArea.xml
[2m2026-09-21T07:27:36.500592Z[0m [32m INFO[0m [2mavm_trace[0m[2m:[0m XML导入成功
[2m2026-09-21T07:27:36.500977Z[0m [32m INFO[0m [2mavm_trace[0m[2m:[0m onLoaded1 [object ResourceInfo]
[2m2026-09-21T07:27:36.501002Z[0m [32m INFO[0m [2mavm_trace[0m[2m:[0m onLoaded res/config/npcWorld.xml
[2m2026-09-21T07:27:36.501009Z[0m [32m INFO[0m [2mavm_trace[0m[2m:[0m loadCompleteHandler res/config/npcWorld.xml
[2m2026-09-21T07:27:36.504826Z[0m [32m INFO[0m [2mavm_trace[0m[2m:[0m XML导入成功
[2m2026-09-21T07:27:36.505133Z[0m [32m INFO[0m [2mavm_trace[0m[2m:[0m onLoaded1 [object ResourceInfo]
[2m2026-09-21T07:27:36.505157Z[0m [32m INFO[0m [2mavm_trace[0m[2m:[0m onLoaded res/config/emotion.xml
[2m2026-09-21T07:27:36.505164Z[0m [32m INFO[0m [2mavm_trace[0m[2m:[0m loadCompleteHandler res/config/emotion.xml
[2m2026-09-21T07:27:36.505781Z[0m [32m INFO[0m [2mavm_trace[0m[2m:[0m XML导入成功
[2m2026-09-21T07:27:36.506023Z[0m [32m INFO[0m [2mavm_trace[0m[2m:[0m onLoaded1 [object ResourceInfo]
[2m2026-09-21T07:27:36.506046Z[0m [32m INFO[0m [2mavm_trace[0m[2m:[0m onLoaded res/config/npcSound.xml
[2m2026-09-21T07:27:36.506054Z[0m [32m INFO[0m [2mavm_trace[0m[2m:[0m loadCompleteHandler res/config/npcSound.xml
[2m2026-09-21T07:27:36.507294Z[0m [32m INFO[0m [2mavm_trace[0m[2m:[0m XML导入成功
[2m2026-09-21T07:27:36.507589Z[0m [32m INFO[0m [2mavm_trace[0m[2m:[0m onLoaded1 [object ResourceInfo]
[2m2026-09-21T07:27:36.507613Z[0m [32m INFO[0m [2mavm_trace[0m[2m:[0m onLoaded res/config/titles.xml
[2m2026-09-21T07:27:36.507624Z[0m [32m INFO[0m [2mavm_trace[0m[2m:[0m loadCompleteHandler res/config/titles.xml
[2m2026-09-21T07:27:36.516792Z[0m [32m INFO[0m [2mavm_trace[0m[2m:[0m XML导入成功
[2m2026-09-21T07:27:36.517356Z[0m [32m INFO[0m [2mavm_trace[0m[2m:[0m onLoaded1 [object ResourceInfo]
[2m2026-09-21T07:27:36.517381Z[0m [32m INFO[0m [2mavm_trace[0m[2m:[0m onLoaded res/config/SystemNotice.xml
[2m2026-09-21T07:27:36.517388Z[0m [32m INFO[0m [2mavm_trace[0m[2m:[0m loadCompleteHandler res/config/SystemNotice.xml
[2m2026-09-21T07:27:36.519944Z[0m [32m INFO[0m [2mavm_trace[0m[2m:[0m XML导入成功
[2m2026-09-21T07:27:36.520233Z[0m [32m INFO[0m [2mavm_trace[0m[2m:[0m onLoaded1 [object ResourceInfo]
[2m2026-09-21T07:27:36.520258Z[0m [32m INFO[0m [2mavm_trace[0m[2m:[0m onLoaded res/config/monsters.xml
[2m2026-09-21T07:27:36.520265Z[0m [32m INFO[0m [2mavm_trace[0m[2m:[0m loadCompleteHandler res/config/monsters.xml
[2m2026-09-21T07:27:36.527927Z[0m [32m INFO[0m [2mavm_trace[0m[2m:[0m XML导入成功
[2m2026-09-21T07:27:36.528453Z[0m [32m INFO[0m [2mavm_trace[0m[2m:[0m onLoaded1 [object ResourceInfo]
[2m2026-09-21T07:27:36.528478Z[0m [32m INFO[0m [2mavm_trace[0m[2m:[0m onLoaded res/config/mapProcess.xml
[2m2026-09-21T07:27:36.528486Z[0m [32m INFO[0m [2mavm_trace[0m[2m:[0m loadCompleteHandler res/config/mapProcess.xml
[2m2026-09-21T07:27:36.528976Z[0m [32m INFO[0m [2mavm_trace[0m[2m:[0m XML导入成功
[2m2026-09-21T07:27:36.529218Z[0m [32m INFO[0m [2mavm_trace[0m[2m:[0m onLoaded1 [object ResourceInfo]
[2m2026-09-21T07:27:36.529242Z[0m [32m INFO[0m [2mavm_trace[0m[2m:[0m onLoaded res/config/taskItems.xml
[2m2026-09-21T07:27:36.529254Z[0m [32m INFO[0m [2mavm_trace[0m[2m:[0m loadCompleteHandler res/config/taskItems.xml
[2m2026-09-21T07:27:36.535952Z[0m [32m INFO[0m [2mavm_trace[0m[2m:[0m XML导入成功
[2m2026-09-21T07:27:36.536371Z[0m [32m INFO[0m [2mavm_trace[0m[2m:[0m onLoaded1 [object ResourceInfo]
[2m2026-09-21T07:27:36.536396Z[0m [32m INFO[0m [2mavm_trace[0m[2m:[0m onLoaded res/config/pet_exchange.xml
[2m2026-09-21T07:27:36.536403Z[0m [32m INFO[0m [2mavm_trace[0m[2m:[0m loadCompleteHandler res/config/pet_exchange.xml
[2m2026-09-21T07:27:36.536856Z[0m [32m INFO[0m [2mavm_trace[0m[2m:[0m XML导入成功
[2m2026-09-21T07:27:36.537094Z[0m [32m INFO[0m [2mavm_trace[0m[2m:[0m onLoaded1 [object ResourceInfo]
[2m2026-09-21T07:27:36.537117Z[0m [32m INFO[0m [2mavm_trace[0m[2m:[0m onLoaded res/config/professtion.xml
[2m2026-09-21T07:27:36.537125Z[0m [32m INFO[0m [2mavm_trace[0m[2m:[0m loadCompleteHandler res/config/professtion.xml
[2m2026-09-21T07:27:36.537550Z[0m [32m INFO[0m [2mavm_trace[0m[2m:[0m XML导入成功
[2m2026-09-21T07:27:36.537825Z[0m [32m INFO[0m [2mavm_trace[0m[2m:[0m onLoaded1 [object ResourceInfo]
[2m2026-09-21T07:27:36.537848Z[0m [32m INFO[0m [2mavm_trace[0m[2m:[0m onLoaded res/config/SocketError.xml
[2m2026-09-21T07:27:36.537859Z[0m [32m INFO[0m [2mavm_trace[0m[2m:[0m loadCompleteHandler res/config/SocketError.xml
[2m2026-09-21T07:27:36.563417Z[0m [32m INFO[0m [2mavm_trace[0m[2m:[0m XML导入成功
[2m2026-09-21T07:27:36.564496Z[0m [32m INFO[0m [2mavm_trace[0m[2m:[0m onLoaded1 [object ResourceInfo]
[2m2026-09-21T07:27:36.564537Z[0m [32m INFO[0m [2mavm_trace[0m[2m:[0m onLoaded res/config/itemInfo.xml
[2m2026-09-21T07:27:36.564546Z[0m [32m INFO[0m [2mavm_trace[0m[2m:[0m loadCompleteHandler res/config/itemInfo.xml
[2m2026-09-21T07:27:36.662037Z[0m [32m INFO[0m [2mavm_trace[0m[2m:[0m XML导入成功
[2m2026-09-21T07:27:36.666070Z[0m [32m INFO[0m [2mavm_trace[0m[2m:[0m onLoaded1 [object ResourceInfo]
[2m2026-09-21T07:27:36.666103Z[0m [32m INFO[0m [2mavm_trace[0m[2m:[0m onLoaded res/config/itemTips.xml
[2m2026-09-21T07:27:36.666113Z[0m [32m INFO[0m [2mavm_trace[0m[2m:[0m loadCompleteHandler res/config/itemTips.xml
[2m2026-09-21T07:27:36.796559Z[0m [32m INFO[0m [2mavm_trace[0m[2m:[0m XML导入成功
[2m2026-09-21T07:27:36.803374Z[0m [32m INFO[0m [2mavm_trace[0m[2m:[0m onLoaded1 [object ResourceInfo]
[2m2026-09-21T07:27:36.803417Z[0m [32m INFO[0m [2mavm_trace[0m[2m:[0m onLoaded res/config/activityPreview.xml
[2m2026-09-21T07:27:36.803428Z[0m [32m INFO[0m [2mavm_trace[0m[2m:[0m loadCompleteHandler res/config/activityPreview.xml
[2m2026-09-21T07:27:36.803797Z[0m [32m INFO[0m [2mavm_trace[0m[2m:[0m XML导入成功
[2m2026-09-21T07:27:36.804129Z[0m [32m INFO[0m [2mavm_trace[0m[2m:[0m onLoaded1 [object ResourceInfo]
[2m2026-09-21T07:27:36.804154Z[0m [32m INFO[0m [2mavm_trace[0m[2m:[0m onLoaded res/config/testContent.xml
[2m2026-09-21T07:27:36.804162Z[0m [32m INFO[0m [2mavm_trace[0m[2m:[0m loadCompleteHandler res/config/testContent.xml
[2m2026-09-21T07:27:36.805145Z[0m [32m INFO[0m [2mavm_trace[0m[2m:[0m XML导入成功
[2m2026-09-21T07:27:36.805491Z[0m [32m INFO[0m [2mavm_trace[0m[2m:[0m onLoaded1 [object ResourceInfo]
[2m2026-09-21T07:27:36.805528Z[0m [32m INFO[0m [2mavm_trace[0m[2m:[0m onLoaded res/config/weekItemConfig.xml
[2m2026-09-21T07:27:36.805535Z[0m [32m INFO[0m [2mavm_trace[0m[2m:[0m loadCompleteHandler res/config/weekItemConfig.xml
[2m2026-09-21T07:27:36.809166Z[0m [32m INFO[0m [2mavm_trace[0m[2m:[0m XML导入成功
[2m2026-09-21T07:27:36.809580Z[0m [32m INFO[0m [2mavm_trace[0m[2m:[0m onLoaded1 [object ResourceInfo]
[2m2026-09-21T07:27:36.809604Z[0m [32m INFO[0m [2mavm_trace[0m[2m:[0m onLoaded res/config/newspaper.xml
[2m2026-09-21T07:27:36.809612Z[0m [32m INFO[0m [2mavm_trace[0m[2m:[0m loadCompleteHandler res/config/newspaper.xml
[2m2026-09-21T07:27:36.810287Z[0m [32m INFO[0m [2mavm_trace[0m[2m:[0m XML导入成功
[2m2026-09-21T07:27:36.810530Z[0m [32m INFO[0m [2mavm_trace[0m[2m:[0m onLoaded1 [object ResourceInfo]
[2m2026-09-21T07:27:36.810554Z[0m [32m INFO[0m [2mavm_trace[0m[2m:[0m onLoaded res/config/activity.xml
[2m2026-09-21T07:27:36.810561Z[0m [32m INFO[0m [2mavm_trace[0m[2m:[0m loadCompleteHandler res/config/activity.xml
[2m2026-09-21T07:27:36.810938Z[0m [32m INFO[0m [2mavm_trace[0m[2m:[0m XML导入成功
[2m2026-09-21T07:27:36.811162Z[0m [32m INFO[0m [2mavm_trace[0m[2m:[0m onLoaded1 [object ResourceInfo]
[2m2026-09-21T07:27:36.811186Z[0m [32m INFO[0m [2mavm_trace[0m[2m:[0m onLoaded res/config/npcShop.xml
[2m2026-09-21T07:27:36.811193Z[0m [32m INFO[0m [2mavm_trace[0m[2m:[0m loadCompleteHandler res/config/npcShop.xml
[2m2026-09-21T07:27:36.812062Z[0m [32m INFO[0m [2mavm_trace[0m[2m:[0m XML导入成功
[2m2026-09-21T07:27:36.812321Z[0m [32m INFO[0m [2mavm_trace[0m[2m:[0m onLoaded1 [object ResourceInfo]
[2m2026-09-21T07:27:36.812350Z[0m [32m INFO[0m [2mavm_trace[0m[2m:[0m onLoaded res/config/npcSkills.xml
[2m2026-09-21T07:27:36.812357Z[0m [32m INFO[0m [2mavm_trace[0m[2m:[0m loadCompleteHandler res/config/npcSkills.xml
[2m2026-09-21T07:27:36.814032Z[0m [32m INFO[0m [2mavm_trace[0m[2m:[0m XML导入成功
[2m2026-09-21T07:27:36.814280Z[0m [32m INFO[0m [2mavm_trace[0m[2m:[0m onLoaded1 [object ResourceInfo]
[2m2026-09-21T07:27:36.814303Z[0m [32m INFO[0m [2mavm_trace[0m[2m:[0m onLoaded res/config/passwordExchange.xml
[2m2026-09-21T07:27:36.814310Z[0m [32m INFO[0m [2mavm_trace[0m[2m:[0m loadCompleteHandler res/config/passwordExchange.xml
[2m2026-09-21T07:27:36.814665Z[0m [32m INFO[0m [2mavm_trace[0m[2m:[0m XML导入成功
[2m2026-09-21T07:27:36.814930Z[0m [32m INFO[0m [2mavm_trace[0m[2m:[0m onLoaded1 [object ResourceInfo]
[2m2026-09-21T07:27:36.814952Z[0m [32m INFO[0m [2mavm_trace[0m[2m:[0m onLoaded res/config/DicPY.json
[2m2026-09-21T07:27:36.814963Z[0m [32m INFO[0m [2mavm_trace[0m[2m:[0m loadCompleteHandler res/config/DicPY.json
[2m2026-09-21T07:27:36.844904Z[0m [32m INFO[0m [2mavm_trace[0m[2m:[0m XML导入成功
[2m2026-09-21T07:27:36.845267Z[0m [32m INFO[0m [2mavm_trace[0m[2m:[0m onLoaded1 [object ResourceInfo]
[2m2026-09-21T07:27:36.845293Z[0m [32m INFO[0m [2mavm_trace[0m[2m:[0m onLoaded res/config/PathOfTheBrave.xml
[2m2026-09-21T07:27:36.845300Z[0m [32m INFO[0m [2mavm_trace[0m[2m:[0m loadCompleteHandler res/config/PathOfTheBrave.xml
[2m2026-09-21T07:27:36.851586Z[0m [32m INFO[0m [2mavm_trace[0m[2m:[0m XML导入成功
[2m2026-09-21T07:27:36.852787Z[0m [32m INFO[0m [2mavm_trace[0m[2m:[0m onLoaded1 [object ResourceInfo]
[2m2026-09-21T07:27:36.852814Z[0m [32m INFO[0m [2mavm_trace[0m[2m:[0m onLoaded res/config/PecularityTips.xml
[2m2026-09-21T07:27:36.852822Z[0m [32m INFO[0m [2mavm_trace[0m[2m:[0m loadCompleteHandler res/config/PecularityTips.xml
[2m2026-09-21T07:27:36.856275Z[0m [32m INFO[0m [2mavm_trace[0m[2m:[0m XML导入成功
[2m2026-09-21T07:27:36.909053Z[0m [32m INFO[0m [2mavm_trace[0m[2m:[0m TradingCenterModel 是单列模式
[2m2026-09-21T07:27:36.909183Z[0m [32m INFO[0m [2mavm_trace[0m[2m:[0m TradingCenterStallsCotroller 是单列模式
[2m2026-09-21T07:27:36.918145Z[0m [33m WARN[0m [2mruffle_frontend_utils::backends::storage[0m[2m:[0m Unable to read file "localhost//#116031/arenapkcount": Os { code: 2, kind: NotFound, message: "No such file or directory" }
[2m2026-09-21T07:27:37.292200Z[0m [32m INFO[0m [2mavm_trace[0m[2m:[0m onLoaded1 [object ResourceInfo]
[2m2026-09-21T07:27:37.292250Z[0m [32m INFO[0m [2mavm_trace[0m[2m:[0m onLoaded res/movie/movie_1.swf
[2m2026-09-21T07:27:37.292270Z[0m [32m INFO[0m [2mavm_trace[0m[2m:[0m loadCompleteHandler res/movie/movie_1.swf
[2m2026-09-21T07:27:37.292577Z[0m [32m INFO[0m [2mavm_trace[0m[2m:[0m onLoaded1 [object ResourceInfo]
[2m2026-09-21T07:27:37.292596Z[0m [32m INFO[0m [2mavm_trace[0m[2m:[0m onLoaded res/sound/BattleSound.swf
[2m2026-09-21T07:27:37.292606Z[0m [32m INFO[0m [2mavm_trace[0m[2m:[0m loadCompleteHandler res/sound/BattleSound.swf
[2m2026-09-21T07:27:37.293056Z[0m [32m INFO[0m [2mavm_trace[0m[2m:[0m onLoaded1 [object ResourceInfo]
[2m2026-09-21T07:27:37.293076Z[0m [32m INFO[0m [2mavm_trace[0m[2m:[0m onLoaded res/sound/Sound.swf
[2m2026-09-21T07:27:37.293085Z[0m [32m INFO[0m [2mavm_trace[0m[2m:[0m loadCompleteHandler res/sound/Sound.swf
[2m2026-09-21T07:27:37.294009Z[0m [31mERROR[0m [2mruffle_core::avm2[0m[2m:[0m Error dispatching event "enterFrame": TypeError: Error #2007: Parameter child must be non-null.
	at flash.display::DisplayObjectContainer/addChild()
	at com.mole2.app::MainEntry$/onMovieEnterFrame()
[2m2026-09-21T07:27:37.373690Z[0m [32m INFO[0m [2mavm_trace[0m[2m:[0m onLoaded1 [object ResourceInfo]
[2m2026-09-21T07:27:37.373737Z[0m [32m INFO[0m [2mavm_trace[0m[2m:[0m onLoaded res/activity/skipMovieBtn.swf
[2m2026-09-21T07:27:37.373757Z[0m [32m INFO[0m [2mavm_trace[0m[2m:[0m loadCompleteHandler res/activity/skipMovieBtn.swf
[2m2026-09-21T07:27:37.374095Z[0m [32m INFO[0m [2mavm_trace[0m[2m:[0m onLoaded1 [object ResourceInfo]
[2m2026-09-21T07:27:37.374119Z[0m [32m INFO[0m [2mavm_trace[0m[2m:[0m onLoaded res/movie/movie_2.swf
[2m2026-09-21T07:27:37.374127Z[0m [32m INFO[0m [2mavm_trace[0m[2m:[0m loadCompleteHandler res/movie/movie_2.swf
[2m2026-09-21T07:27:37.374253Z[0m [32m INFO[0m [2mavm_trace[0m[2m:[0m onLoaded1 [object ResourceInfo]
[2m2026-09-21T07:27:37.374275Z[0m [32m INFO[0m [2mavm_trace[0m[2m:[0m onLoaded res/activity/skipMovieBtn.swf
[2m2026-09-21T07:27:37.374284Z[0m [32m INFO[0m [2mavm_trace[0m[2m:[0m loadCompleteHandler res/activity/skipMovieBtn.swf
[2m2026-09-21T07:27:37.374390Z[0m [32m INFO[0m [2mavm_trace[0m[2m:[0m onLoaded1 [object ResourceInfo]
[2m2026-09-21T07:27:37.374411Z[0m [32m INFO[0m [2mavm_trace[0m[2m:[0m onLoaded res/activity/skipMovieBtn.swf
[2m2026-09-21T07:27:37.374418Z[0m [32m INFO[0m [2mavm_trace[0m[2m:[0m loadCompleteHandler res/activity/skipMovieBtn.swf
[2m2026-09-21T07:27:37.449808Z[0m [32m INFO[0m [2mavm_trace[0m[2m:[0m [object ResLoadListener] 实例化完成
[2m2026-09-21T07:27:37.455594Z[0m [32m INFO[0m [2mruffle_desktop::backends::ui::fontconfig[0m[2m:[0m Skipping font 'NimbusSans-Regular' because it's not a TTF (it doesn't have a name)
[2m2026-09-21T07:27:37.455619Z[0m [32m INFO[0m [2mruffle_desktop::backends::ui::fontconfig[0m[2m:[0m Skipping font 'Nimbus Sans Regular' because it's not a TTF (it doesn't have a name)
[2m2026-09-21T07:27:37.455624Z[0m [32m INFO[0m [2mruffle_desktop::backends::ui::fontconfig[0m[2m:[0m Skipping font 'Nimbus Sans Regular' because it's not a TTF (it doesn't have a name)
[2m2026-09-21T07:27:37.455628Z[0m [32m INFO[0m [2mruffle_desktop::backends::ui::fontconfig[0m[2m:[0m Skipping font 'NimbusSans-Bold' because it's not a TTF (it doesn't have a name)
[2m2026-09-21T07:27:37.455632Z[0m [32m INFO[0m [2mruffle_desktop::backends::ui::fontconfig[0m[2m:[0m Skipping font 'Nimbus Sans Bold' because it's not a TTF (it doesn't have a name)
[2m2026-09-21T07:27:37.455636Z[0m [32m INFO[0m [2mruffle_desktop::backends::ui::fontconfig[0m[2m:[0m Skipping font 'Nimbus Sans Bold' because it's not a TTF (it doesn't have a name)
[2m2026-09-21T07:27:37.455640Z[0m [32m INFO[0m [2mruffle_desktop::backends::ui::fontconfig[0m[2m:[0m Skipping font 'NimbusSans-Italic' because it's not a TTF (it doesn't have a name)
[2m2026-09-21T07:27:37.455650Z[0m [32m INFO[0m [2mruffle_desktop::backends::ui::fontconfig[0m[2m:[0m Skipping font 'Nimbus Sans Italic' because it's not a TTF (it doesn't have a name)
[2m2026-09-21T07:27:37.455660Z[0m [32m INFO[0m [2mruffle_desktop::backends::ui::fontconfig[0m[2m:[0m Skipping font 'Nimbus Sans Italic' because it's not a TTF (it doesn't have a name)
[2m2026-09-21T07:27:37.455664Z[0m [32m INFO[0m [2mruffle_desktop::backends::ui::fontconfig[0m[2m:[0m Skipping font 'NimbusSans-BoldItalic' because it's not a TTF (it doesn't have a name)
[2m2026-09-21T07:27:37.455668Z[0m [32m INFO[0m [2mruffle_desktop::backends::ui::fontconfig[0m[2m:[0m Skipping font 'Nimbus Sans Bold Italic' because it's not a TTF (it doesn't have a name)
[2m2026-09-21T07:27:37.455672Z[0m [32m INFO[0m [2mruffle_desktop::backends::ui::fontconfig[0m[2m:[0m Skipping font 'Nimbus Sans Bold Italic' because it's not a TTF (it doesn't have a name)
[2m2026-09-21T07:27:37.455676Z[0m [32m INFO[0m [2mruffle_desktop::backends::ui::fontconfig[0m[2m:[0m Skipping font 'URWGothic-Book' because it's not a TTF (it doesn't have a name)
[2m2026-09-21T07:27:37.455679Z[0m [32m INFO[0m [2mruffle_desktop::backends::ui::fontconfig[0m[2m:[0m Skipping font 'URW Gothic Book' because it's not a TTF (it doesn't have a name)
[2m2026-09-21T07:27:37.455683Z[0m [32m INFO[0m [2mruffle_desktop::backends::ui::fontconfig[0m[2m:[0m Skipping font 'URW Gothic Book' because it's not a TTF (it doesn't have a name)
[2m2026-09-21T07:27:37.455687Z[0m [32m INFO[0m [2mruffle_desktop::backends::ui::fontconfig[0m[2m:[0m Skipping font 'URWGothic-Demi' because it's not a TTF (it doesn't have a name)
[2m2026-09-21T07:27:37.455694Z[0m [32m INFO[0m [2mruffle_desktop::backends::ui::fontconfig[0m[2m:[0m Skipping font 'URW Gothic Demi' because it's not a TTF (it doesn't have a name)
[2m2026-09-21T07:27:37.455698Z[0m [32m INFO[0m [2mruffle_desktop::backends::ui::fontconfig[0m[2m:[0m Skipping font 'URW Gothic Demi' because it's not a TTF (it doesn't have a name)
[2m2026-09-21T07:27:37.455701Z[0m [32m INFO[0m [2mruffle_desktop::backends::ui::fontconfig[0m[2m:[0m Skipping font 'URWGothic-BookOblique' because it's not a TTF (it doesn't have a name)
[2m2026-09-21T07:27:37.455705Z[0m [32m INFO[0m [2mruffle_desktop::backends::ui::fontconfig[0m[2m:[0m Skipping font 'URW Gothic Book Oblique' because it's not a TTF (it doesn't have a name)
[2m2026-09-21T07:27:37.455708Z[0m [32m INFO[0m [2mruffle_desktop::backends::ui::fontconfig[0m[2m:[0m Skipping font 'URW Gothic Book Oblique' because it's not a TTF (it doesn't have a name)
[2m2026-09-21T07:27:37.455712Z[0m [32m INFO[0m [2mruffle_desktop::backends::ui::fontconfig[0m[2m:[0m Skipping font 'URWGothic-DemiOblique' because it's not a TTF (it doesn't have a name)
[2m2026-09-21T07:27:37.455715Z[0m [32m INFO[0m [2mruffle_desktop::backends::ui::fontconfig[0m[2m:[0m Skipping font 'URW Gothic Demi Oblique' because it's not a TTF (it doesn't have a name)
[2m2026-09-21T07:27:37.455720Z[0m [32m INFO[0m [2mruffle_desktop::backends::ui::fontconfig[0m[2m:[0m Skipping font 'URW Gothic Demi Oblique' because it's not a TTF (it doesn't have a name)
[2m2026-09-21T07:27:37.455725Z[0m [32m INFO[0m [2mruffle_desktop::backends::ui::fontconfig[0m[2m:[0m Skipping font 'Nimbus Sans Narrow Regular' because it's not a TTF (it doesn't have a name)
[2m2026-09-21T07:27:37.455729Z[0m [32m INFO[0m [2mruffle_desktop::backends::ui::fontconfig[0m[2m:[0m Skipping font 'Nimbus Sans Narrow Regular' because it's not a TTF (it doesn't have a name)
[2m2026-09-21T07:27:37.455733Z[0m [32m INFO[0m [2mruffle_desktop::backends::ui::fontconfig[0m[2m:[0m Skipping font 'NimbusSansNarrow-Regular' because it's not a TTF (it doesn't have a name)
[2m2026-09-21T07:27:37.455736Z[0m [32m INFO[0m [2mruffle_desktop::backends::ui::fontconfig[0m[2m:[0m Skipping font 'Nimbus Sans Narrow Bold' because it's not a TTF (it doesn't have a name)
[2m2026-09-21T07:27:37.455740Z[0m [32m INFO[0m [2mruffle_desktop::backends::ui::fontconfig[0m[2m:[0m Skipping font 'Nimbus Sans Narrow Bold' because it's not a TTF (it doesn't have a name)
[2m2026-09-21T07:27:37.455744Z[0m [32m INFO[0m [2mruffle_desktop::backends::ui::fontconfig[0m[2m:[0m Skipping font 'NimbusSansNarrow-Bold' because it's not a TTF (it doesn't have a name)
[2m2026-09-21T07:27:37.455747Z[0m [32m INFO[0m [2mruffle_desktop::backends::ui::fontconfig[0m[2m:[0m Skipping font 'Nimbus Sans Narrow Oblique' because it's not a TTF (it doesn't have a name)
[2m2026-09-21T07:27:37.455753Z[0m [32m INFO[0m [2mruffle_desktop::backends::ui::fontconfig[0m[2m:[0m Skipping font 'Nimbus Sans Narrow Oblique' because it's not a TTF (it doesn't have a name)
[2m2026-09-21T07:27:37.455760Z[0m [32m INFO[0m [2mruffle_desktop::backends::ui::fontconfig[0m[2m:[0m Skipping font 'NimbusSansNarrow-Oblique' because it's not a TTF (it doesn't have a name)
[2m2026-09-21T07:27:37.455764Z[0m [32m INFO[0m [2mruffle_desktop::backends::ui::fontconfig[0m[2m:[0m Skipping font 'Nimbus Sans Narrow Bold Oblique' because it's not a TTF (it doesn't have a name)
[2m2026-09-21T07:27:37.455776Z[0m [32m INFO[0m [2mruffle_desktop::backends::ui::fontconfig[0m[2m:[0m Skipping font 'Nimbus Sans Narrow Bold Oblique' because it's not a TTF (it doesn't have a name)
[2m2026-09-21T07:27:37.455780Z[0m [32m INFO[0m [2mruffle_desktop::backends::ui::fontconfig[0m[2m:[0m Skipping font 'NimbusSansNarrow-BoldOblique' because it's not a TTF (it doesn't have a name)
[2m2026-09-21T07:27:37.456678Z[0m [32m INFO[0m [2mruffle_desktop::backends::ui::fontconfig[0m[2m:[0m Skipping font 'Noto Sans CJK JP' because it's not a TTF (it doesn't have a name)
[2m2026-09-21T07:27:37.456694Z[0m [32m INFO[0m [2mruffle_desktop::backends::ui::fontconfig[0m[2m:[0m Skipping font 'Noto Sans CJK KR' because it's not a TTF (it doesn't have a name)
[2m2026-09-21T07:27:37.456699Z[0m [32m INFO[0m [2mruffle_desktop::backends::ui::fontconfig[0m[2m:[0m Skipping font 'Noto Sans CJK SC' because it's not a TTF (it doesn't have a name)
[2m2026-09-21T07:27:37.456702Z[0m [32m INFO[0m [2mruffle_desktop::backends::ui::fontconfig[0m[2m:[0m Skipping font 'Noto Sans CJK TC' because it's not a TTF (it doesn't have a name)
[2m2026-09-21T07:27:37.456706Z[0m [32m INFO[0m [2mruffle_desktop::backends::ui::fontconfig[0m[2m:[0m Skipping font 'Noto Sans CJK HK' because it's not a TTF (it doesn't have a name)
[2m2026-09-21T07:27:37.456710Z[0m [32m INFO[0m [2mruffle_desktop::backends::ui::fontconfig[0m[2m:[0m Skipping font 'Noto Sans Mono CJK JP' because it's not a TTF (it doesn't have a name)
[2m2026-09-21T07:27:37.456719Z[0m [32m INFO[0m [2mruffle_desktop::backends::ui::fontconfig[0m[2m:[0m Skipping font 'Noto Sans Mono CJK KR' because it's not a TTF (it doesn't have a name)
[2m2026-09-21T07:27:37.456724Z[0m [32m INFO[0m [2mruffle_desktop::backends::ui::fontconfig[0m[2m:[0m Skipping font 'Noto Sans Mono CJK SC' because it's not a TTF (it doesn't have a name)
[2m2026-09-21T07:27:37.456728Z[0m [32m INFO[0m [2mruffle_desktop::backends::ui::fontconfig[0m[2m:[0m Skipping font 'Noto Sans Mono CJK TC' because it's not a TTF (it doesn't have a name)
[2m2026-09-21T07:27:37.456732Z[0m [32m INFO[0m [2mruffle_desktop::backends::ui::fontconfig[0m[2m:[0m Skipping font 'Noto Sans Mono CJK HK' because it's not a TTF (it doesn't have a name)
[2m2026-09-21T07:27:37.456735Z[0m [32m INFO[0m [2mruffle_desktop::backends::ui::fontconfig[0m[2m:[0m Skipping font 'Noto Serif CJK JP' because it's not a TTF (it doesn't have a name)
[2m2026-09-21T07:27:37.456739Z[0m [32m INFO[0m [2mruffle_desktop::backends::ui::fontconfig[0m[2m:[0m Skipping font 'Noto Serif CJK KR' because it's not a TTF (it doesn't have a name)
[2m2026-09-21T07:27:37.456743Z[0m [32m INFO[0m [2mruffle_desktop::backends::ui::fontconfig[0m[2m:[0m Skipping font 'Noto Serif CJK SC' because it's not a TTF (it doesn't have a name)
[2m2026-09-21T07:27:37.456746Z[0m [32m INFO[0m [2mruffle_desktop::backends::ui::fontconfig[0m[2m:[0m Skipping font 'Noto Serif CJK TC' because it's not a TTF (it doesn't have a name)
[2m2026-09-21T07:27:37.456751Z[0m [32m INFO[0m [2mruffle_desktop::backends::ui::fontconfig[0m[2m:[0m Skipping font 'Noto Serif CJK HK' because it's not a TTF (it doesn't have a name)
[2m2026-09-21T07:27:37.456756Z[0m [32m INFO[0m [2mruffle_desktop::backends::ui::fontconfig[0m[2m:[0m Skipping font 'D050000L' because it's not a TTF (it doesn't have a name)
[2m2026-09-21T07:27:37.456759Z[0m [32m INFO[0m [2mruffle_desktop::backends::ui::fontconfig[0m[2m:[0m Skipping font 'Standard Symbols PS' because it's not a TTF (it doesn't have a name)
[2m2026-09-21T07:27:37.456763Z[0m [32m INFO[0m [2mruffle_desktop::backends::ui::fontconfig[0m[2m:[0m Skipping font 'C059-Roman' because it's not a TTF (it doesn't have a name)
[2m2026-09-21T07:27:37.456767Z[0m [32m INFO[0m [2mruffle_desktop::backends::ui::fontconfig[0m[2m:[0m Skipping font 'NimbusMonoPS-Regular' because it's not a TTF (it doesn't have a name)
[2m2026-09-21T07:27:37.456770Z[0m [32m INFO[0m [2mruffle_desktop::backends::ui::fontconfig[0m[2m:[0m Skipping font 'NimbusRoman-Regular' because it's not a TTF (it doesn't have a name)
[2m2026-09-21T07:27:37.456774Z[0m [32m INFO[0m [2mruffle_desktop::backends::ui::fontconfig[0m[2m:[0m Skipping font 'P052-Roman' because it's not a TTF (it doesn't have a name)
[2m2026-09-21T07:27:37.456812Z[0m [32m INFO[0m [2mruffle_desktop::backends::ui::fontconfig[0m[2m:[0m Skipping font 'Nimbus Mono PS Regular' because it's not a TTF (it doesn't have a name)
[2m2026-09-21T07:27:37.456826Z[0m [32m INFO[0m [2mruffle_desktop::backends::ui::fontconfig[0m[2m:[0m Skipping font 'Nimbus Roman Regular' because it's not a TTF (it doesn't have a name)
[2m2026-09-21T07:27:37.456830Z[0m [32m INFO[0m [2mruffle_desktop::backends::ui::fontconfig[0m[2m:[0m Skipping font 'Nimbus Mono PS Regular' because it's not a TTF (it doesn't have a name)
[2m2026-09-21T07:27:37.456834Z[0m [32m INFO[0m [2mruffle_desktop::backends::ui::fontconfig[0m[2m:[0m Skipping font 'Nimbus Roman Regular' because it's not a TTF (it doesn't have a name)
[2m2026-09-21T07:27:37.456839Z[0m [32m INFO[0m [2mruffle_desktop::backends::ui::fontconfig[0m[2m:[0m Skipping font 'D050000L Regular' because it's not a TTF (it doesn't have a name)
[2m2026-09-21T07:27:37.456844Z[0m [32m INFO[0m [2mruffle_desktop::backends::ui::fontconfig[0m[2m:[0m Skipping font 'Standard Symbols PS Regular' because it's not a TTF (it doesn't have a name)
[2m2026-09-21T07:27:37.456849Z[0m [32m INFO[0m [2mruffle_desktop::backends::ui::fontconfig[0m[2m:[0m Skipping font 'D050000L Regular' because it's not a TTF (it doesn't have a name)
[2m2026-09-21T07:27:37.456853Z[0m [32m INFO[0m [2mruffle_desktop::backends::ui::fontconfig[0m[2m:[0m Skipping font 'Standard Symbols PS Regular' because it's not a TTF (it doesn't have a name)
[2m2026-09-21T07:27:37.456968Z[0m [32m INFO[0m [2mruffle_desktop::backends::ui::fontconfig[0m[2m:[0m Skipping font 'C059 Roman' because it's not a TTF (it doesn't have a name)
[2m2026-09-21T07:27:37.456981Z[0m [32m INFO[0m [2mruffle_desktop::backends::ui::fontconfig[0m[2m:[0m Skipping font 'P052 Roman' because it's not a TTF (it doesn't have a name)
[2m2026-09-21T07:27:37.456985Z[0m [32m INFO[0m [2mruffle_desktop::backends::ui::fontconfig[0m[2m:[0m Skipping font 'C059 Roman' because it's not a TTF (it doesn't have a name)
[2m2026-09-21T07:27:37.456993Z[0m [32m INFO[0m [2mruffle_desktop::backends::ui::fontconfig[0m[2m:[0m Skipping font 'P052 Roman' because it's not a TTF (it doesn't have a name)
[2m2026-09-21T07:27:37.457054Z[0m [32m INFO[0m [2mruffle_desktop::backends::ui::fontconfig[0m[2m:[0m Skipping font 'URWBookman-Light' because it's not a TTF (it doesn't have a name)
[2m2026-09-21T07:27:37.457068Z[0m [32m INFO[0m [2mruffle_desktop::backends::ui::fontconfig[0m[2m:[0m Skipping font 'URW Bookman Light' because it's not a TTF (it doesn't have a name)
[2m2026-09-21T07:27:37.457072Z[0m [32m INFO[0m [2mruffle_desktop::backends::ui::fontconfig[0m[2m:[0m Skipping font 'URW Bookman Light' because it's not a TTF (it doesn't have a name)
[2m2026-09-21T07:27:37.457228Z[0m [32m INFO[0m [2mruffle_desktop::backends::ui::fontconfig[0m[2m:[0m Skipping font 'URWBookman-Demi' because it's not a TTF (it doesn't have a name)
[2m2026-09-21T07:27:37.457243Z[0m [32m INFO[0m [2mruffle_desktop::backends::ui::fontconfig[0m[2m:[0m Skipping font 'URW Bookman Demi' because it's not a TTF (it doesn't have a name)
[2m2026-09-21T07:27:37.457247Z[0m [32m INFO[0m [2mruffle_desktop::backends::ui::fontconfig[0m[2m:[0m Skipping font 'URW Bookman Demi' because it's not a TTF (it doesn't have a name)
[2m2026-09-21T07:27:37.457621Z[0m [32m INFO[0m [2mruffle_desktop::backends::ui::fontconfig[0m[2m:[0m Skipping font 'Noto Sans CJK JP Bold' because it's not a TTF (it doesn't have a name)
[2m2026-09-21T07:27:37.457640Z[0m [32m INFO[0m [2mruffle_desktop::backends::ui::fontconfig[0m[2m:[0m Skipping font 'Noto Sans CJK KR Bold' because it's not a TTF (it doesn't have a name)
[2m2026-09-21T07:27:37.457644Z[0m [32m INFO[0m [2mruffle_desktop::backends::ui::fontconfig[0m[2m:[0m Skipping font 'Noto Sans CJK SC Bold' because it's not a TTF (it doesn't have a name)
[2m2026-09-21T07:27:37.457648Z[0m [32m INFO[0m [2mruffle_desktop::backends::ui::fontconfig[0m[2m:[0m Skipping font 'Noto Sans CJK TC Bold' because it's not a TTF (it doesn't have a name)
[2m2026-09-21T07:27:37.457653Z[0m [32m INFO[0m [2mruffle_desktop::backends::ui::fontconfig[0m[2m:[0m Skipping font 'Noto Sans CJK HK Bold' because it's not a TTF (it doesn't have a name)
[2m2026-09-21T07:27:37.457657Z[0m [32m INFO[0m [2mruffle_desktop::backends::ui::fontconfig[0m[2m:[0m Skipping font 'Noto Sans Mono CJK JP Bold' because it's not a TTF (it doesn't have a name)
[2m2026-09-21T07:27:37.457663Z[0m [32m INFO[0m [2mruffle_desktop::backends::ui::fontconfig[0m[2m:[0m Skipping font 'Noto Sans Mono CJK KR Bold' because it's not a TTF (it doesn't have a name)
[2m2026-09-21T07:27:37.457667Z[0m [32m INFO[0m [2mruffle_desktop::backends::ui::fontconfig[0m[2m:[0m Skipping font 'Noto Sans Mono CJK SC Bold' because it's not a TTF (it doesn't have a name)
[2m2026-09-21T07:27:37.457671Z[0m [32m INFO[0m [2mruffle_desktop::backends::ui::fontconfig[0m[2m:[0m Skipping font 'Noto Sans Mono CJK TC Bold' because it's not a TTF (it doesn't have a name)
[2m2026-09-21T07:27:37.457675Z[0m [32m INFO[0m [2mruffle_desktop::backends::ui::fontconfig[0m[2m:[0m Skipping font 'Noto Sans Mono CJK HK Bold' because it's not a TTF (it doesn't have a name)
[2m2026-09-21T07:27:37.457680Z[0m [32m INFO[0m [2mruffle_desktop::backends::ui::fontconfig[0m[2m:[0m Skipping font 'Noto Serif CJK JP Bold' because it's not a TTF (it doesn't have a name)
[2m2026-09-21T07:27:37.457684Z[0m [32m INFO[0m [2mruffle_desktop::backends::ui::fontconfig[0m[2m:[0m Skipping font 'Noto Serif CJK KR Bold' because it's not a TTF (it doesn't have a name)
[2m2026-09-21T07:27:37.457687Z[0m [32m INFO[0m [2mruffle_desktop::backends::ui::fontconfig[0m[2m:[0m Skipping font 'Noto Serif CJK SC Bold' because it's not a TTF (it doesn't have a name)
[2m2026-09-21T07:27:37.457692Z[0m [32m INFO[0m [2mruffle_desktop::backends::ui::fontconfig[0m[2m:[0m Skipping font 'Noto Serif CJK TC Bold' because it's not a TTF (it doesn't have a name)
[2m2026-09-21T07:27:37.457697Z[0m [32m INFO[0m [2mruffle_desktop::backends::ui::fontconfig[0m[2m:[0m Skipping font 'Noto Serif CJK HK Bold' because it's not a TTF (it doesn't have a name)
[2m2026-09-21T07:27:37.457701Z[0m [32m INFO[0m [2mruffle_desktop::backends::ui::fontconfig[0m[2m:[0m Skipping font 'C059-Bold' because it's not a TTF (it doesn't have a name)
[2m2026-09-21T07:27:37.457705Z[0m [32m INFO[0m [2mruffle_desktop::backends::ui::fontconfig[0m[2m:[0m Skipping font 'NimbusMonoPS-Bold' because it's not a TTF (it doesn't have a name)
[2m2026-09-21T07:27:37.457709Z[0m [32m INFO[0m [2mruffle_desktop::backends::ui::fontconfig[0m[2m:[0m Skipping font 'NimbusRoman-Bold' because it's not a TTF (it doesn't have a name)
[2m2026-09-21T07:27:37.457714Z[0m [32m INFO[0m [2mruffle_desktop::backends::ui::fontconfig[0m[2m:[0m Skipping font 'P052-Bold' because it's not a TTF (it doesn't have a name)
[2m2026-09-21T07:27:37.457717Z[0m [32m INFO[0m [2mruffle_desktop::backends::ui::fontconfig[0m[2m:[0m Skipping font 'C059 Bold' because it's not a TTF (it doesn't have a name)
[2m2026-09-21T07:27:37.457721Z[0m [32m INFO[0m [2mruffle_desktop::backends::ui::fontconfig[0m[2m:[0m Skipping font 'Nimbus Mono PS Bold' because it's not a TTF (it doesn't have a name)
[2m2026-09-21T07:27:37.457725Z[0m [32m INFO[0m [2mruffle_desktop::backends::ui::fontconfig[0m[2m:[0m Skipping font 'Nimbus Roman Bold' because it's not a TTF (it doesn't have a name)
[2m2026-09-21T07:27:37.457728Z[0m [32m INFO[0m [2mruffle_desktop::backends::ui::fontconfig[0m[2m:[0m Skipping font 'P052 Bold' because it's not a TTF (it doesn't have a name)
[2m2026-09-21T07:27:37.457732Z[0m [32m INFO[0m [2mruffle_desktop::backends::ui::fontconfig[0m[2m:[0m Skipping font 'C059 Bold' because it's not a TTF (it doesn't have a name)
[2m2026-09-21T07:27:37.457736Z[0m [32m INFO[0m [2mruffle_desktop::backends::ui::fontconfig[0m[2m:[0m Skipping font 'Nimbus Mono PS Bold' because it's not a TTF (it doesn't have a name)
[2m2026-09-21T07:27:37.457739Z[0m [32m INFO[0m [2mruffle_desktop::backends::ui::fontconfig[0m[2m:[0m Skipping font 'Nimbus Roman Bold' because it's not a TTF (it doesn't have a name)
[2m2026-09-21T07:27:37.457743Z[0m [32m INFO[0m [2mruffle_desktop::backends::ui::fontconfig[0m[2m:[0m Skipping font 'P052 Bold' because it's not a TTF (it doesn't have a name)
[2m2026-09-21T07:27:37.458175Z[0m [32m INFO[0m [2mruffle_desktop::backends::ui::fontconfig[0m[2m:[0m Skipping font 'C059-Italic' because it's not a TTF (it doesn't have a name)
[2m2026-09-21T07:27:37.458192Z[0m [32m INFO[0m [2mruffle_desktop::backends::ui::fontconfig[0m[2m:[0m Skipping font 'NimbusMonoPS-Italic' because it's not a TTF (it doesn't have a name)
[2m2026-09-21T07:27:37.458198Z[0m [32m INFO[0m [2mruffle_desktop::backends::ui::fontconfig[0m[2m:[0m Skipping font 'NimbusRoman-Italic' because it's not a TTF (it doesn't have a name)
[2m2026-09-21T07:27:37.458202Z[0m [32m INFO[0m [2mruffle_desktop::backends::ui::fontconfig[0m[2m:[0m Skipping font 'P052-Italic' because it's not a TTF (it doesn't have a name)
[2m2026-09-21T07:27:37.458211Z[0m [32m INFO[0m [2mruffle_desktop::backends::ui::fontconfig[0m[2m:[0m Skipping font 'Nimbus Mono PS Italic' because it's not a TTF (it doesn't have a name)
[2m2026-09-21T07:27:37.458215Z[0m [32m INFO[0m [2mruffle_desktop::backends::ui::fontconfig[0m[2m:[0m Skipping font 'Nimbus Roman Italic' because it's not a TTF (it doesn't have a name)
[2m2026-09-21T07:27:37.458219Z[0m [32m INFO[0m [2mruffle_desktop::backends::ui::fontconfig[0m[2m:[0m Skipping font 'P052 Italic' because it's not a TTF (it doesn't have a name)
[2m2026-09-21T07:27:37.458223Z[0m [32m INFO[0m [2mruffle_desktop::backends::ui::fontconfig[0m[2m:[0m Skipping font 'Nimbus Mono PS Italic' because it's not a TTF (it doesn't have a name)
[2m2026-09-21T07:27:37.458227Z[0m [32m INFO[0m [2mruffle_desktop::backends::ui::fontconfig[0m[2m:[0m Skipping font 'Nimbus Roman Italic' because it's not a TTF (it doesn't have a name)
[2m2026-09-21T07:27:37.458231Z[0m [32m INFO[0m [2mruffle_desktop::backends::ui::fontconfig[0m[2m:[0m Skipping font 'P052 Italic' because it's not a TTF (it doesn't have a name)
[2m2026-09-21T07:27:37.458343Z[0m [32m INFO[0m [2mruffle_desktop::backends::ui::fontconfig[0m[2m:[0m Skipping font 'Z003-MediumItalic' because it's not a TTF (it doesn't have a name)
[2m2026-09-21T07:27:37.458357Z[0m [32m INFO[0m [2mruffle_desktop::backends::ui::fontconfig[0m[2m:[0m Skipping font 'C059 Italic' because it's not a TTF (it doesn't have a name)
[2m2026-09-21T07:27:37.458362Z[0m [32m INFO[0m [2mruffle_desktop::backends::ui::fontconfig[0m[2m:[0m Skipping font 'Z003 Medium Italic' because it's not a TTF (it doesn't have a name)
[2m2026-09-21T07:27:37.458366Z[0m [32m INFO[0m [2mruffle_desktop::backends::ui::fontconfig[0m[2m:[0m Skipping font 'C059 Italic' because it's not a TTF (it doesn't have a name)
[2m2026-09-21T07:27:37.458370Z[0m [32m INFO[0m [2mruffle_desktop::backends::ui::fontconfig[0m[2m:[0m Skipping font 'Z003 Medium Italic' because it's not a TTF (it doesn't have a name)
[2m2026-09-21T07:27:37.458428Z[0m [32m INFO[0m [2mruffle_desktop::backends::ui::fontconfig[0m[2m:[0m Skipping font 'URWBookman-LightItalic' because it's not a TTF (it doesn't have a name)
[2m2026-09-21T07:27:37.458442Z[0m [32m INFO[0m [2mruffle_desktop::backends::ui::fontconfig[0m[2m:[0m Skipping font 'URW Bookman Light Italic' because it's not a TTF (it doesn't have a name)
[2m2026-09-21T07:27:37.458446Z[0m [32m INFO[0m [2mruffle_desktop::backends::ui::fontconfig[0m[2m:[0m Skipping font 'URW Bookman Light Italic' because it's not a TTF (it doesn't have a name)
[2m2026-09-21T07:27:37.458616Z[0m [32m INFO[0m [2mruffle_desktop::backends::ui::fontconfig[0m[2m:[0m Skipping font 'URWBookman-DemiItalic' because it's not a TTF (it doesn't have a name)
[2m2026-09-21T07:27:37.458631Z[0m [32m INFO[0m [2mruffle_desktop::backends::ui::fontconfig[0m[2m:[0m Skipping font 'URW Bookman Demi Italic' because it's not a TTF (it doesn't have a name)
[2m2026-09-21T07:27:37.458636Z[0m [32m INFO[0m [2mruffle_desktop::backends::ui::fontconfig[0m[2m:[0m Skipping font 'URW Bookman Demi Italic' because it's not a TTF (it doesn't have a name)
[2m2026-09-21T07:27:37.458882Z[0m [32m INFO[0m [2mruffle_desktop::backends::ui::fontconfig[0m[2m:[0m Skipping font 'C059-BdIta' because it's not a TTF (it doesn't have a name)
[2m2026-09-21T07:27:37.458898Z[0m [32m INFO[0m [2mruffle_desktop::backends::ui::fontconfig[0m[2m:[0m Skipping font 'NimbusMonoPS-BoldItalic' because it's not a TTF (it doesn't have a name)
[2m2026-09-21T07:27:37.458902Z[0m [32m INFO[0m [2mruffle_desktop::backends::ui::fontconfig[0m[2m:[0m Skipping font 'NimbusRoman-BoldItalic' because it's not a TTF (it doesn't have a name)
[2m2026-09-21T07:27:37.458908Z[0m [32m INFO[0m [2mruffle_desktop::backends::ui::fontconfig[0m[2m:[0m Skipping font 'P052-BoldItalic' because it's not a TTF (it doesn't have a name)
[2m2026-09-21T07:27:37.458912Z[0m [32m INFO[0m [2mruffle_desktop::backends::ui::fontconfig[0m[2m:[0m Skipping font 'C059 Bold Italic' because it's not a TTF (it doesn't have a name)
[2m2026-09-21T07:27:37.458916Z[0m [32m INFO[0m [2mruffle_desktop::backends::ui::fontconfig[0m[2m:[0m Skipping font 'Nimbus Mono PS Bold Italic' because it's not a TTF (it doesn't have a name)
[2m2026-09-21T07:27:37.458920Z[0m [32m INFO[0m [2mruffle_desktop::backends::ui::fontconfig[0m[2m:[0m Skipping font 'Nimbus Roman Bold Italic' because it's not a TTF (it doesn't have a name)
[2m2026-09-21T07:27:37.458924Z[0m [32m INFO[0m [2mruffle_desktop::backends::ui::fontconfig[0m[2m:[0m Skipping font 'P052 Bold Italic' because it's not a TTF (it doesn't have a name)
[2m2026-09-21T07:27:37.458929Z[0m [32m INFO[0m [2mruffle_desktop::backends::ui::fontconfig[0m[2m:[0m Skipping font 'C059 Bold Italic' because it's not a TTF (it doesn't have a name)
[2m2026-09-21T07:27:37.458933Z[0m [32m INFO[0m [2mruffle_desktop::backends::ui::fontconfig[0m[2m:[0m Skipping font 'Nimbus Mono PS Bold Italic' because it's not a TTF (it doesn't have a name)
[2m2026-09-21T07:27:37.458937Z[0m [32m INFO[0m [2mruffle_desktop::backends::ui::fontconfig[0m[2m:[0m Skipping font 'Nimbus Roman Bold Italic' because it's not a TTF (it doesn't have a name)
[2m2026-09-21T07:27:37.458943Z[0m [32m INFO[0m [2mruffle_desktop::backends::ui::fontconfig[0m[2m:[0m Skipping font 'P052 Bold Italic' because it's not a TTF (it doesn't have a name)
[2m2026-09-21T07:27:37.463855Z[0m [32m INFO[0m [2mavm_trace[0m[2m:[0m [object ToolBarController] 实例化完成
[2m2026-09-21T07:27:37.464001Z[0m [33m WARN[0m [2mruffle_frontend_utils::backends::storage[0m[2m:[0m Unable to read file "localhost//#common/broadcast_refresh_idx": Os { code: 2, kind: NotFound, message: "No such file or directory" }
[2m2026-09-21T07:27:37.464972Z[0m [32m INFO[0m [2mavm_trace[0m[2m:[0m [object HeroBroadcastController] 实例化完成
[2m2026-09-21T07:27:37.465142Z[0m [32m INFO[0m [2mavm_trace[0m[2m:[0m [object SessionUpdateListener] 实例化完成
[2m2026-09-21T07:27:37.465267Z[0m [32m INFO[0m [2mavm_trace[0m[2m:[0m [object PersonActionCmdListener] 实例化完成
[2m2026-09-21T07:27:37.465475Z[0m [32m INFO[0m [2mavm_trace[0m[2m:[0m [object MessageAlarm] 实例化完成
[2m2026-09-21T07:27:37.465955Z[0m [32m INFO[0m [2mavm_trace[0m[2m:[0m [object ChallengeMessageAlarm] 实例化完成
[2m2026-09-21T07:27:37.466323Z[0m [32m INFO[0m [2mavm_trace[0m[2m:[0m [object EquipRepairAlarm] 实例化完成
[2m2026-09-21T07:27:37.466481Z[0m [32m INFO[0m [2mavm_trace[0m[2m:[0m [object PetInfoController] 实例化完成
[2m2026-09-21T07:27:37.466596Z[0m [32m INFO[0m [2mavm_trace[0m[2m:[0m [object UserInfoController] 实例化完成
[2m2026-09-21T07:27:37.466645Z[0m [32m INFO[0m [2mavm_trace[0m[2m:[0m [object EquipAdvertisementBean] 实例化完成
[2m2026-09-21T07:27:37.466699Z[0m [32m INFO[0m [2mavm_trace[0m[2m:[0m [object ExpPotionAdvertisementBean] 实例化完成
[2m2026-09-21T07:27:37.466810Z[0m [32m INFO[0m [2mavm_trace[0m[2m:[0m [object ActivityGegelaNotice] 实例化完成
[2m2026-09-21T07:27:37.466866Z[0m [32m INFO[0m [2mavm_trace[0m[2m:[0m [object LoadingAwardNotice] 实例化完成
[2m2026-09-21T07:27:37.467050Z[0m [32m INFO[0m [2mavm_trace[0m[2m:[0m [object ActivityNewVipGift] 实例化完成
[2m2026-09-21T07:27:37.467102Z[0m [32m INFO[0m [2mavm_trace[0m[2m:[0m [object ActivityEnterGameMovie] 实例化完成
[2m2026-09-21T07:27:37.513212Z[0m [31mERROR[0m [2mruffle_core::avm2[0m[2m:[0m Error dispatching event "enterFrame": TypeError: Error #1009: Cannot access a property or method of a null object reference.
	at com.mole2.app::MainEntry$/onMovieEnterFrame()
[2m2026-09-21T07:27:37.539548Z[0m [32m INFO[0m [2mavm_trace[0m[2m:[0m onLoaded1 [object ResourceInfo]
[2m2026-09-21T07:27:37.539594Z[0m [32m INFO[0m [2mavm_trace[0m[2m:[0m onLoaded res/activity/skipMovieBtn.swf
[2m2026-09-21T07:27:37.539611Z[0m [32m INFO[0m [2mavm_trace[0m[2m:[0m loadCompleteHandler res/activity/skipMovieBtn.swf
[2m2026-09-21T07:27:37.539773Z[0m [32m INFO[0m [2mavm_trace[0m[2m:[0m onLoaded1 [object ResourceInfo]
[2m2026-09-21T07:27:37.539795Z[0m [32m INFO[0m [2mavm_trace[0m[2m:[0m onLoaded res/movie/movie_3.swf
[2m2026-09-21T07:27:37.539802Z[0m [32m INFO[0m [2mavm_trace[0m[2m:[0m loadCompleteHandler res/movie/movie_3.swf
[2m2026-09-21T07:27:37.539950Z[0m [32m INFO[0m [2mavm_trace[0m[2m:[0m onLoaded1 [object ResourceInfo]
[2m2026-09-21T07:27:37.539973Z[0m [32m INFO[0m [2mavm_trace[0m[2m:[0m onLoaded res/activity/skipMovieBtn.swf
[2m2026-09-21T07:27:37.539980Z[0m [32m INFO[0m [2mavm_trace[0m[2m:[0m loadCompleteHandler res/activity/skipMovieBtn.swf
[2m2026-09-21T07:27:37.539999Z[0m [32m INFO[0m [2mavm_trace[0m[2m:[0m onLoaded1 [object ResourceInfo]
[2m2026-09-21T07:27:37.540017Z[0m [32m INFO[0m [2mavm_trace[0m[2m:[0m onLoaded res/activity/skipMovieBtn.swf
[2m2026-09-21T07:27:37.540023Z[0m [32m INFO[0m [2mavm_trace[0m[2m:[0m loadCompleteHandler res/activity/skipMovieBtn.swf
[2m2026-09-21T07:27:37.540038Z[0m [32m INFO[0m [2mavm_trace[0m[2m:[0m onLoaded1 [object ResourceInfo]
[2m2026-09-21T07:27:37.540052Z[0m [32m INFO[0m [2mavm_trace[0m[2m:[0m onLoaded res/activity/skipMovieBtn.swf
[2m2026-09-21T07:27:37.540058Z[0m [32m INFO[0m [2mavm_trace[0m[2m:[0m loadCompleteHandler res/activity/skipMovieBtn.swf
[2m2026-09-21T07:27:37.540212Z[0m [31mERROR[0m [2mruffle_core::avm2[0m[2m:[0m Error dispatching event "res_load_complete": TypeError: Error #1009: Cannot access a property or method of a null object reference.
	at com.mole2.app::MainEntry$/initBook()
	at com.mole2.app::MainEntry$/onLoadMovie()
	at flash.events::EventDispatcher/dispatchEventInternal()
	at flash.events::EventDispatcher/dispatchEvent()
	at org.taomee.download::DownloadManager$/dispatchEvent()
	at org.taomee.download::DownloadManager$/onLoaded()
	at flash.events::EventDispatcher/dispatchEventInternal()
	at flash.events::EventDispatcher/dispatchEvent()
	at org.taomee.download::Resource/onDisplayObjectLoaded()
	at flash.display::MovieClip/gotoAndStop()
	at com.mole2.core.utils::Utils$/showDigitalMc()
	at com.mole2.app.message::MailHasNewHint$/showNewMailHint()
	at com.mole2.app.message::MailHasNewHint$/onNewNoticeHandler()
	at flash.events::EventDispatcher/dispatchEventInternal()
	at flash.events::EventDispatcher/dispatchEvent()
	at com.mole2.core.manager::MailManager$/dispatchEvent()
	at com.mole2.core.manager::MailManager$/checkUnReadMail()
	at com.mole2.core.manager::MailManager$/onRequestMailListHandler()
	at flash.events::EventDispatcher/dispatchEventInternal()
	at flash.events::EventDispatcher/dispatchEvent()
	at org.taomee.net::SocketImpl/dispatchCmd()
	at org.taomee.net::SocketImpl/onData()
[2m2026-09-21T07:27:37.776807Z[0m [32m INFO[0m [2mavm_trace[0m[2m:[0m onLoaded1 [object ResourceInfo]
[2m2026-09-21T07:27:37.776854Z[0m [32m INFO[0m [2mavm_trace[0m[2m:[0m onLoaded res/activity/skipMovieBtn.swf
[2m2026-09-21T07:27:37.776873Z[0m [32m INFO[0m [2mavm_trace[0m[2m:[0m loadCompleteHandler res/activity/skipMovieBtn.swf
[2m2026-09-21T07:27:37.972047Z[0m [32m INFO[0m [2mruffle_desktop::backends::ui::fontconfig[0m[2m:[0m Skipping font 'NimbusSans-Bold' because it's not a TTF (it doesn't have a name)
[2m2026-09-21T07:27:37.972115Z[0m [32m INFO[0m [2mruffle_desktop::backends::ui::fontconfig[0m[2m:[0m Skipping font 'Nimbus Sans Bold' because it's not a TTF (it doesn't have a name)
[2m2026-09-21T07:27:37.972125Z[0m [32m INFO[0m [2mruffle_desktop::backends::ui::fontconfig[0m[2m:[0m Skipping font 'Nimbus Sans Bold' because it's not a TTF (it doesn't have a name)
[2m2026-09-21T07:27:37.972129Z[0m [32m INFO[0m [2mruffle_desktop::backends::ui::fontconfig[0m[2m:[0m Skipping font 'NimbusSans-Regular' because it's not a TTF (it doesn't have a name)
[2m2026-09-21T07:27:37.972134Z[0m [32m INFO[0m [2mruffle_desktop::backends::ui::fontconfig[0m[2m:[0m Skipping font 'Nimbus Sans Regular' because it's not a TTF (it doesn't have a name)
[2m2026-09-21T07:27:37.972138Z[0m [32m INFO[0m [2mruffle_desktop::backends::ui::fontconfig[0m[2m:[0m Skipping font 'Nimbus Sans Regular' because it's not a TTF (it doesn't have a name)
[2m2026-09-21T07:27:37.972142Z[0m [32m INFO[0m [2mruffle_desktop::backends::ui::fontconfig[0m[2m:[0m Skipping font 'NimbusSans-BoldItalic' because it's not a TTF (it doesn't have a name)
[2m2026-09-21T07:27:37.972146Z[0m [32m INFO[0m [2mruffle_desktop::backends::ui::fontconfig[0m[2m:[0m Skipping font 'Nimbus Sans Bold Italic' because it's not a TTF (it doesn't have a name)
[2m2026-09-21T07:27:37.972152Z[0m [32m INFO[0m [2mruffle_desktop::backends::ui::fontconfig[0m[2m:[0m Skipping font 'Nimbus Sans Bold Italic' because it's not a TTF (it doesn't have a name)
[2m2026-09-21T07:27:37.972156Z[0m [32m INFO[0m [2mruffle_desktop::backends::ui::fontconfig[0m[2m:[0m Skipping font 'NimbusSans-Italic' because it's not a TTF (it doesn't have a name)
[2m2026-09-21T07:27:37.972160Z[0m [32m INFO[0m [2mruffle_desktop::backends::ui::fontconfig[0m[2m:[0m Skipping font 'Nimbus Sans Italic' because it's not a TTF (it doesn't have a name)
[2m2026-09-21T07:27:37.972164Z[0m [32m INFO[0m [2mruffle_desktop::backends::ui::fontconfig[0m[2m:[0m Skipping font 'Nimbus Sans Italic' because it's not a TTF (it doesn't have a name)
[2m2026-09-21T07:27:37.972168Z[0m [32m INFO[0m [2mruffle_desktop::backends::ui::fontconfig[0m[2m:[0m Skipping font 'URWGothic-Demi' because it's not a TTF (it doesn't have a name)
[2m2026-09-21T07:27:37.972172Z[0m [32m INFO[0m [2mruffle_desktop::backends::ui::fontconfig[0m[2m:[0m Skipping font 'URW Gothic Demi' because it's not a TTF (it doesn't have a name)
[2m2026-09-21T07:27:37.972175Z[0m [32m INFO[0m [2mruffle_desktop::backends::ui::fontconfig[0m[2m:[0m Skipping font 'URW Gothic Demi' because it's not a TTF (it doesn't have a name)
[2m2026-09-21T07:27:37.972179Z[0m [32m INFO[0m [2mruffle_desktop::backends::ui::fontconfig[0m[2m:[0m Skipping font 'URWGothic-Book' because it's not a TTF (it doesn't have a name)
[2m2026-09-21T07:27:37.972184Z[0m [32m INFO[0m [2mruffle_desktop::backends::ui::fontconfig[0m[2m:[0m Skipping font 'URW Gothic Book' because it's not a TTF (it doesn't have a name)
[2m2026-09-21T07:27:37.972188Z[0m [32m INFO[0m [2mruffle_desktop::backends::ui::fontconfig[0m[2m:[0m Skipping font 'URW Gothic Book' because it's not a TTF (it doesn't have a name)
[2m2026-09-21T07:27:37.972192Z[0m [32m INFO[0m [2mruffle_desktop::backends::ui::fontconfig[0m[2m:[0m Skipping font 'URWGothic-DemiOblique' because it's not a TTF (it doesn't have a name)
[2m2026-09-21T07:27:37.972196Z[0m [32m INFO[0m [2mruffle_desktop::backends::ui::fontconfig[0m[2m:[0m Skipping font 'URW Gothic Demi Oblique' because it's not a TTF (it doesn't have a name)
[2m2026-09-21T07:27:37.972199Z[0m [32m INFO[0m [2mruffle_desktop::backends::ui::fontconfig[0m[2m:[0m Skipping font 'URW Gothic Demi Oblique' because it's not a TTF (it doesn't have a name)
[2m2026-09-21T07:27:37.972203Z[0m [32m INFO[0m [2mruffle_desktop::backends::ui::fontconfig[0m[2m:[0m Skipping font 'URWGothic-BookOblique' because it's not a TTF (it doesn't have a name)
[2m2026-09-21T07:27:37.972207Z[0m [32m INFO[0m [2mruffle_desktop::backends::ui::fontconfig[0m[2m:[0m Skipping font 'URW Gothic Book Oblique' because it's not a TTF (it doesn't have a name)
[2m2026-09-21T07:27:37.972211Z[0m [32m INFO[0m [2mruffle_desktop::backends::ui::fontconfig[0m[2m:[0m Skipping font 'URW Gothic Book Oblique' because it's not a TTF (it doesn't have a name)
[2m2026-09-21T07:27:37.972216Z[0m [32m INFO[0m [2mruffle_desktop::backends::ui::fontconfig[0m[2m:[0m Skipping font 'Nimbus Sans Narrow Bold' because it's not a TTF (it doesn't have a name)
[2m2026-09-21T07:27:37.972220Z[0m [32m INFO[0m [2mruffle_desktop::backends::ui::fontconfig[0m[2m:[0m Skipping font 'Nimbus Sans Narrow Bold' because it's not a TTF (it doesn't have a name)
[2m2026-09-21T07:27:37.972224Z[0m [32m INFO[0m [2mruffle_desktop::backends::ui::fontconfig[0m[2m:[0m Skipping font 'NimbusSansNarrow-Bold' because it's not a TTF (it doesn't have a name)
[2m2026-09-21T07:27:37.972229Z[0m [32m INFO[0m [2mruffle_desktop::backends::ui::fontconfig[0m[2m:[0m Skipping font 'Nimbus Sans Narrow Regular' because it's not a TTF (it doesn't have a name)
[2m2026-09-21T07:27:37.972233Z[0m [32m INFO[0m [2mruffle_desktop::backends::ui::fontconfig[0m[2m:[0m Skipping font 'Nimbus Sans Narrow Regular' because it's not a TTF (it doesn't have a name)
[2m2026-09-21T07:27:37.972237Z[0m [32m INFO[0m [2mruffle_desktop::backends::ui::fontconfig[0m[2m:[0m Skipping font 'NimbusSansNarrow-Regular' because it's not a TTF (it doesn't have a name)
[2m2026-09-21T07:27:37.972241Z[0m [32m INFO[0m [2mruffle_desktop::backends::ui::fontconfig[0m[2m:[0m Skipping font 'Nimbus Sans Narrow Bold Oblique' because it's not a TTF (it doesn't have a name)
[2m2026-09-21T07:27:37.972244Z[0m [32m INFO[0m [2mruffle_desktop::backends::ui::fontconfig[0m[2m:[0m Skipping font 'Nimbus Sans Narrow Bold Oblique' because it's not a TTF (it doesn't have a name)
[2m2026-09-21T07:27:37.972250Z[0m [32m INFO[0m [2mruffle_desktop::backends::ui::fontconfig[0m[2m:[0m Skipping font 'NimbusSansNarrow-BoldOblique' because it's not a TTF (it doesn't have a name)
[2m2026-09-21T07:27:37.972254Z[0m [32m INFO[0m [2mruffle_desktop::backends::ui::fontconfig[0m[2m:[0m Skipping font 'Nimbus Sans Narrow Oblique' because it's not a TTF (it doesn't have a name)
[2m2026-09-21T07:27:37.972258Z[0m [32m INFO[0m [2mruffle_desktop::backends::ui::fontconfig[0m[2m:[0m Skipping font 'Nimbus Sans Narrow Oblique' because it's not a TTF (it doesn't have a name)
[2m2026-09-21T07:27:37.972263Z[0m [32m INFO[0m [2mruffle_desktop::backends::ui::fontconfig[0m[2m:[0m Skipping font 'NimbusSansNarrow-Oblique' because it's not a TTF (it doesn't have a name)
[2m2026-09-21T07:27:37.972592Z[0m [32m INFO[0m [2mruffle_desktop::backends::ui::fontconfig[0m[2m:[0m Skipping font 'Noto Sans CJK JP Bold' because it's not a TTF (it doesn't have a name)
[2m2026-09-21T07:27:37.972606Z[0m [32m INFO[0m [2mruffle_desktop::backends::ui::fontconfig[0m[2m:[0m Skipping font 'Noto Sans CJK KR Bold' because it's not a TTF (it doesn't have a name)
[2m2026-09-21T07:27:37.972611Z[0m [32m INFO[0m [2mruffle_desktop::backends::ui::fontconfig[0m[2m:[0m Skipping font 'Noto Sans CJK SC Bold' because it's not a TTF (it doesn't have a name)
[2m2026-09-21T07:27:37.972616Z[0m [32m INFO[0m [2mruffle_desktop::backends::ui::fontconfig[0m[2m:[0m Skipping font 'Noto Sans CJK TC Bold' because it's not a TTF (it doesn't have a name)
[2m2026-09-21T07:27:37.972621Z[0m [32m INFO[0m [2mruffle_desktop::backends::ui::fontconfig[0m[2m:[0m Skipping font 'Noto Sans CJK HK Bold' because it's not a TTF (it doesn't have a name)
[2m2026-09-21T07:27:37.972625Z[0m [32m INFO[0m [2mruffle_desktop::backends::ui::fontconfig[0m[2m:[0m Skipping font 'Noto Sans Mono CJK JP Bold' because it's not a TTF (it doesn't have a name)
[2m2026-09-21T07:27:37.972629Z[0m [32m INFO[0m [2mruffle_desktop::backends::ui::fontconfig[0m[2m:[0m Skipping font 'Noto Sans Mono CJK KR Bold' because it's not a TTF (it doesn't have a name)
[2m2026-09-21T07:27:37.972640Z[0m [32m INFO[0m [2mruffle_desktop::backends::ui::fontconfig[0m[2m:[0m Skipping font 'Noto Sans Mono CJK SC Bold' because it's not a TTF (it doesn't have a name)
[2m2026-09-21T07:27:37.972644Z[0m [32m INFO[0m [2mruffle_desktop::backends::ui::fontconfig[0m[2m:[0m Skipping font 'Noto Sans Mono CJK TC Bold' because it's not a TTF (it doesn't have a name)
[2m2026-09-21T07:27:37.972648Z[0m [32m INFO[0m [2mruffle_desktop::backends::ui::fontconfig[0m[2m:[0m Skipping font 'Noto Sans Mono CJK HK Bold' because it's not a TTF (it doesn't have a name)
[2m2026-09-21T07:27:37.972653Z[0m [32m INFO[0m [2mruffle_desktop::backends::ui::fontconfig[0m[2m:[0m Skipping font 'Noto Serif CJK JP Bold' because it's not a TTF (it doesn't have a name)
[2m2026-09-21T07:27:37.972657Z[0m [32m INFO[0m [2mruffle_desktop::backends::ui::fontconfig[0m[2m:[0m Skipping font 'Noto Serif CJK KR Bold' because it's not a TTF (it doesn't have a name)
[2m2026-09-21T07:27:37.972662Z[0m [32m INFO[0m [2mruffle_desktop::backends::ui::fontconfig[0m[2m:[0m Skipping font 'Noto Serif CJK SC Bold' because it's not a TTF (it doesn't have a name)
[2m2026-09-21T07:27:37.972666Z[0m [32m INFO[0m [2mruffle_desktop::backends::ui::fontconfig[0m[2m:[0m Skipping font 'Noto Serif CJK TC Bold' because it's not a TTF (it doesn't have a name)
[2m2026-09-21T07:27:37.972671Z[0m [32m INFO[0m [2mruffle_desktop::backends::ui::fontconfig[0m[2m:[0m Skipping font 'Noto Serif CJK HK Bold' because it's not a TTF (it doesn't have a name)
[2m2026-09-21T07:27:37.972677Z[0m [32m INFO[0m [2mruffle_desktop::backends::ui::fontconfig[0m[2m:[0m Skipping font 'C059-Bold' because it's not a TTF (it doesn't have a name)
[2m2026-09-21T07:27:37.972681Z[0m [32m INFO[0m [2mruffle_desktop::backends::ui::fontconfig[0m[2m:[0m Skipping font 'NimbusMonoPS-Bold' because it's not a TTF (it doesn't have a name)
[2m2026-09-21T07:27:37.972685Z[0m [32m INFO[0m [2mruffle_desktop::backends::ui::fontconfig[0m[2m:[0m Skipping font 'NimbusRoman-Bold' because it's not a TTF (it doesn't have a name)
[2m2026-09-21T07:27:37.972688Z[0m [32m INFO[0m [2mruffle_desktop::backends::ui::fontconfig[0m[2m:[0m Skipping font 'P052-Bold' because it's not a TTF (it doesn't have a name)
[2m2026-09-21T07:27:37.972692Z[0m [32m INFO[0m [2mruffle_desktop::backends::ui::fontconfig[0m[2m:[0m Skipping font 'C059 Bold' because it's not a TTF (it doesn't have a name)
[2m2026-09-21T07:27:37.972696Z[0m [32m INFO[0m [2mruffle_desktop::backends::ui::fontconfig[0m[2m:[0m Skipping font 'Nimbus Mono PS Bold' because it's not a TTF (it doesn't have a name)
[2m2026-09-21T07:27:37.972700Z[0m [32m INFO[0m [2mruffle_desktop::backends::ui::fontconfig[0m[2m:[0m Skipping font 'Nimbus Roman Bold' because it's not a TTF (it doesn't have a name)
[2m2026-09-21T07:27:37.972704Z[0m [32m INFO[0m [2mruffle_desktop::backends::ui::fontconfig[0m[2m:[0m Skipping font 'P052 Bold' because it's not a TTF (it doesn't have a name)
[2m2026-09-21T07:27:37.972707Z[0m [32m INFO[0m [2mruffle_desktop::backends::ui::fontconfig[0m[2m:[0m Skipping font 'C059 Bold' because it's not a TTF (it doesn't have a name)
[2m2026-09-21T07:27:37.972713Z[0m [32m INFO[0m [2mruffle_desktop::backends::ui::fontconfig[0m[2m:[0m Skipping font 'Nimbus Mono PS Bold' because it's not a TTF (it doesn't have a name)
[2m2026-09-21T07:27:37.972716Z[0m [32m INFO[0m [2mruffle_desktop::backends::ui::fontconfig[0m[2m:[0m Skipping font 'Nimbus Roman Bold' because it's not a TTF (it doesn't have a name)
[2m2026-09-21T07:27:37.972720Z[0m [32m INFO[0m [2mruffle_desktop::backends::ui::fontconfig[0m[2m:[0m Skipping font 'P052 Bold' because it's not a TTF (it doesn't have a name)
[2m2026-09-21T07:27:37.972841Z[0m [32m INFO[0m [2mruffle_desktop::backends::ui::fontconfig[0m[2m:[0m Skipping font 'URWBookman-Demi' because it's not a TTF (it doesn't have a name)
[2m2026-09-21T07:27:37.972857Z[0m [32m INFO[0m [2mruffle_desktop::backends::ui::fontconfig[0m[2m:[0m Skipping font 'URW Bookman Demi' because it's not a TTF (it doesn't have a name)
[2m2026-09-21T07:27:37.972863Z[0m [32m INFO[0m [2mruffle_desktop::backends::ui::fontconfig[0m[2m:[0m Skipping font 'URW Bookman Demi' because it's not a TTF (it doesn't have a name)
[2m2026-09-21T07:27:37.972923Z[0m [32m INFO[0m [2mruffle_desktop::backends::ui::fontconfig[0m[2m:[0m Skipping font 'C059 Roman' because it's not a TTF (it doesn't have a name)
[2m2026-09-21T07:27:37.972937Z[0m [32m INFO[0m [2mruffle_desktop::backends::ui::fontconfig[0m[2m:[0m Skipping font 'P052 Roman' because it's not a TTF (it doesn't have a name)
[2m2026-09-21T07:27:37.972941Z[0m [32m INFO[0m [2mruffle_desktop::backends::ui::fontconfig[0m[2m:[0m Skipping font 'C059 Roman' because it's not a TTF (it doesn't have a name)
[2m2026-09-21T07:27:37.972945Z[0m [32m INFO[0m [2mruffle_desktop::backends::ui::fontconfig[0m[2m:[0m Skipping font 'P052 Roman' because it's not a TTF (it doesn't have a name)
[2m2026-09-21T07:27:37.973190Z[0m [32m INFO[0m [2mruffle_desktop::backends::ui::fontconfig[0m[2m:[0m Skipping font 'Noto Sans CJK JP' because it's not a TTF (it doesn't have a name)
[2m2026-09-21T07:27:37.973206Z[0m [32m INFO[0m [2mruffle_desktop::backends::ui::fontconfig[0m[2m:[0m Skipping font 'Noto Sans CJK KR' because it's not a TTF (it doesn't have a name)
[2m2026-09-21T07:27:37.973211Z[0m [32m INFO[0m [2mruffle_desktop::backends::ui::fontconfig[0m[2m:[0m Skipping font 'Noto Sans CJK SC' because it's not a TTF (it doesn't have a name)
[2m2026-09-21T07:27:37.973215Z[0m [32m INFO[0m [2mruffle_desktop::backends::ui::fontconfig[0m[2m:[0m Skipping font 'Noto Sans CJK TC' because it's not a TTF (it doesn't have a name)
[2m2026-09-21T07:27:37.973219Z[0m [32m INFO[0m [2mruffle_desktop::backends::ui::fontconfig[0m[2m:[0m Skipping font 'Noto Sans CJK HK' because it's not a TTF (it doesn't have a name)
[2m2026-09-21T07:27:37.973223Z[0m [32m INFO[0m [2mruffle_desktop::backends::ui::fontconfig[0m[2m:[0m Skipping font 'Noto Sans Mono CJK JP' because it's not a TTF (it doesn't have a name)
[2m2026-09-21T07:27:37.973227Z[0m [32m INFO[0m [2mruffle_desktop::backends::ui::fontconfig[0m[2m:[0m Skipping font 'Noto Sans Mono CJK KR' because it's not a TTF (it doesn't have a name)
[2m2026-09-21T07:27:37.973233Z[0m [32m INFO[0m [2mruffle_desktop::backends::ui::fontconfig[0m[2m:[0m Skipping font 'Noto Sans Mono CJK SC' because it's not a TTF (it doesn't have a name)
[2m2026-09-21T07:27:37.973237Z[0m [32m INFO[0m [2mruffle_desktop::backends::ui::fontconfig[0m[2m:[0m Skipping font 'Noto Sans Mono CJK TC' because it's not a TTF (it doesn't have a name)
[2m2026-09-21T07:27:37.973241Z[0m [32m INFO[0m [2mruffle_desktop::backends::ui::fontconfig[0m[2m:[0m Skipping font 'Noto Sans Mono CJK HK' because it's not a TTF (it doesn't have a name)
[2m2026-09-21T07:27:37.973244Z[0m [32m INFO[0m [2mruffle_desktop::backends::ui::fontconfig[0m[2m:[0m Skipping font 'Noto Serif CJK JP' because it's not a TTF (it doesn't have a name)
[2m2026-09-21T07:27:37.973248Z[0m [32m INFO[0m [2mruffle_desktop::backends::ui::fontconfig[0m[2m:[0m Skipping font 'Noto Serif CJK KR' because it's not a TTF (it doesn't have a name)
[2m2026-09-21T07:27:37.973252Z[0m [32m INFO[0m [2mruffle_desktop::backends::ui::fontconfig[0m[2m:[0m Skipping font 'Noto Serif CJK SC' because it's not a TTF (it doesn't have a name)
[2m2026-09-21T07:27:37.973256Z[0m [32m INFO[0m [2mruffle_desktop::backends::ui::fontconfig[0m[2m:[0m Skipping font 'Noto Serif CJK TC' because it's not a TTF (it doesn't have a name)
[2m2026-09-21T07:27:37.973260Z[0m [32m INFO[0m [2mruffle_desktop::backends::ui::fontconfig[0m[2m:[0m Skipping font 'Noto Serif CJK HK' because it's not a TTF (it doesn't have a name)
[2m2026-09-21T07:27:37.973266Z[0m [32m INFO[0m [2mruffle_desktop::backends::ui::fontconfig[0m[2m:[0m Skipping font 'D050000L' because it's not a TTF (it doesn't have a name)
[2m2026-09-21T07:27:37.973269Z[0m [32m INFO[0m [2mruffle_desktop::backends::ui::fontconfig[0m[2m:[0m Skipping font 'Standard Symbols PS' because it's not a TTF (it doesn't have a name)
[2m2026-09-21T07:27:37.973273Z[0m [32m INFO[0m [2mruffle_desktop::backends::ui::fontconfig[0m[2m:[0m Skipping font 'C059-Roman' because it's not a TTF (it doesn't have a name)
[2m2026-09-21T07:27:37.973277Z[0m [32m INFO[0m [2mruffle_desktop::backends::ui::fontconfig[0m[2m:[0m Skipping font 'NimbusMonoPS-Regular' because it's not a TTF (it doesn't have a name)
[2m2026-09-21T07:27:37.973280Z[0m [32m INFO[0m [2mruffle_desktop::backends::ui::fontconfig[0m[2m:[0m Skipping font 'NimbusRoman-Regular' because it's not a TTF (it doesn't have a name)
[2m2026-09-21T07:27:37.973284Z[0m [32m INFO[0m [2mruffle_desktop::backends::ui::fontconfig[0m[2m:[0m Skipping font 'P052-Roman' because it's not a TTF (it doesn't have a name)
[2m2026-09-21T07:27:37.973326Z[0m [32m INFO[0m [2mruffle_desktop::backends::ui::fontconfig[0m[2m:[0m Skipping font 'Nimbus Mono PS Regular' because it's not a TTF (it doesn't have a name)
[2m2026-09-21T07:27:37.973330Z[0m [32m INFO[0m [2mruffle_desktop::backends::ui::fontconfig[0m[2m:[0m Skipping font 'Nimbus Roman Regular' because it's not a TTF (it doesn't have a name)
[2m2026-09-21T07:27:37.973335Z[0m [32m INFO[0m [2mruffle_desktop::backends::ui::fontconfig[0m[2m:[0m Skipping font 'Nimbus Mono PS Regular' because it's not a TTF (it doesn't have a name)
[2m2026-09-21T07:27:37.973340Z[0m [32m INFO[0m [2mruffle_desktop::backends::ui::fontconfig[0m[2m:[0m Skipping font 'Nimbus Roman Regular' because it's not a TTF (it doesn't have a name)
[2m2026-09-21T07:27:37.973344Z[0m [32m INFO[0m [2mruffle_desktop::backends::ui::fontconfig[0m[2m:[0m Skipping font 'D050000L Regular' because it's not a TTF (it doesn't have a name)
[2m2026-09-21T07:27:37.973351Z[0m [32m INFO[0m [2mruffle_desktop::backends::ui::fontconfig[0m[2m:[0m Skipping font 'Standard Symbols PS Regular' because it's not a TTF (it doesn't have a name)
[2m2026-09-21T07:27:37.973364Z[0m [32m INFO[0m [2mruffle_desktop::backends::ui::fontconfig[0m[2m:[0m Skipping font 'D050000L Regular' because it's not a TTF (it doesn't have a name)
[2m2026-09-21T07:27:37.973368Z[0m [32m INFO[0m [2mruffle_desktop::backends::ui::fontconfig[0m[2m:[0m Skipping font 'Standard Symbols PS Regular' because it's not a TTF (it doesn't have a name)
[2m2026-09-21T07:27:37.973437Z[0m [32m INFO[0m [2mruffle_desktop::backends::ui::fontconfig[0m[2m:[0m Skipping font 'URWBookman-Light' because it's not a TTF (it doesn't have a name)
[2m2026-09-21T07:27:37.973452Z[0m [32m INFO[0m [2mruffle_desktop::backends::ui::fontconfig[0m[2m:[0m Skipping font 'URW Bookman Light' because it's not a TTF (it doesn't have a name)
[2m2026-09-21T07:27:37.973457Z[0m [32m INFO[0m [2mruffle_desktop::backends::ui::fontconfig[0m[2m:[0m Skipping font 'URW Bookman Light' because it's not a TTF (it doesn't have a name)
[2m2026-09-21T07:27:37.973655Z[0m [32m INFO[0m [2mruffle_desktop::backends::ui::fontconfig[0m[2m:[0m Skipping font 'C059-BdIta' because it's not a TTF (it doesn't have a name)
[2m2026-09-21T07:27:37.973672Z[0m [32m INFO[0m [2mruffle_desktop::backends::ui::fontconfig[0m[2m:[0m Skipping font 'NimbusMonoPS-BoldItalic' because it's not a TTF (it doesn't have a name)
[2m2026-09-21T07:27:37.973677Z[0m [32m INFO[0m [2mruffle_desktop::backends::ui::fontconfig[0m[2m:[0m Skipping font 'NimbusRoman-BoldItalic' because it's not a TTF (it doesn't have a name)
[2m2026-09-21T07:27:37.973681Z[0m [32m INFO[0m [2mruffle_desktop::backends::ui::fontconfig[0m[2m:[0m Skipping font 'P052-BoldItalic' because it's not a TTF (it doesn't have a name)
[2m2026-09-21T07:27:37.973685Z[0m [32m INFO[0m [2mruffle_desktop::backends::ui::fontconfig[0m[2m:[0m Skipping font 'C059 Bold Italic' because it's not a TTF (it doesn't have a name)
[2m2026-09-21T07:27:37.973691Z[0m [32m INFO[0m [2mruffle_desktop::backends::ui::fontconfig[0m[2m:[0m Skipping font 'Nimbus Mono PS Bold Italic' because it's not a TTF (it doesn't have a name)
[2m2026-09-21T07:27:37.973695Z[0m [32m INFO[0m [2mruffle_desktop::backends::ui::fontconfig[0m[2m:[0m Skipping font 'Nimbus Roman Bold Italic' because it's not a TTF (it doesn't have a name)
[2m2026-09-21T07:27:37.973699Z[0m [32m INFO[0m [2mruffle_desktop::backends::ui::fontconfig[0m[2m:[0m Skipping font 'P052 Bold Italic' because it's not a TTF (it doesn't have a name)
[2m2026-09-21T07:27:37.973703Z[0m [32m INFO[0m [2mruffle_desktop::backends::ui::fontconfig[0m[2m:[0m Skipping font 'C059 Bold Italic' because it's not a TTF (it doesn't have a name)
[2m2026-09-21T07:27:37.973707Z[0m [32m INFO[0m [2mruffle_desktop::backends::ui::fontconfig[0m[2m:[0m Skipping font 'Nimbus Mono PS Bold Italic' because it's not a TTF (it doesn't have a name)
[2m2026-09-21T07:27:37.973712Z[0m [32m INFO[0m [2mruffle_desktop::backends::ui::fontconfig[0m[2m:[0m Skipping font 'Nimbus Roman Bold Italic' because it's not a TTF (it doesn't have a name)
[2m2026-09-21T07:27:37.973717Z[0m [32m INFO[0m [2mruffle_desktop::backends::ui::fontconfig[0m[2m:[0m Skipping font 'P052 Bold Italic' because it's not a TTF (it doesn't have a name)
[2m2026-09-21T07:27:37.973831Z[0m [32m INFO[0m [2mruffle_desktop::backends::ui::fontconfig[0m[2m:[0m Skipping font 'URWBookman-DemiItalic' because it's not a TTF (it doesn't have a name)
[2m2026-09-21T07:27:37.973847Z[0m [32m INFO[0m [2mruffle_desktop::backends::ui::fontconfig[0m[2m:[0m Skipping font 'URW Bookman Demi Italic' because it's not a TTF (it doesn't have a name)
[2m2026-09-21T07:27:37.973851Z[0m [32m INFO[0m [2mruffle_desktop::backends::ui::fontconfig[0m[2m:[0m Skipping font 'URW Bookman Demi Italic' because it's not a TTF (it doesn't have a name)
[2m2026-09-21T07:27:37.973889Z[0m [32m INFO[0m [2mruffle_desktop::backends::ui::fontconfig[0m[2m:[0m Skipping font 'Z003-MediumItalic' because it's not a TTF (it doesn't have a name)
[2m2026-09-21T07:27:37.973894Z[0m [32m INFO[0m [2mruffle_desktop::backends::ui::fontconfig[0m[2m:[0m Skipping font 'C059 Italic' because it's not a TTF (it doesn't have a name)
[2m2026-09-21T07:27:37.973899Z[0m [32m INFO[0m [2mruffle_desktop::backends::ui::fontconfig[0m[2m:[0m Skipping font 'Z003 Medium Italic' because it's not a TTF (it doesn't have a name)
[2m2026-09-21T07:27:37.973903Z[0m [32m INFO[0m [2mruffle_desktop::backends::ui::fontconfig[0m[2m:[0m Skipping font 'C059 Italic' because it's not a TTF (it doesn't have a name)
[2m2026-09-21T07:27:37.973907Z[0m [32m INFO[0m [2mruffle_desktop::backends::ui::fontconfig[0m[2m:[0m Skipping font 'Z003 Medium Italic' because it's not a TTF (it doesn't have a name)
[2m2026-09-21T07:27:37.974038Z[0m [32m INFO[0m [2mruffle_desktop::backends::ui::fontconfig[0m[2m:[0m Skipping font 'C059-Italic' because it's not a TTF (it doesn't have a name)
[2m2026-09-21T07:27:37.974054Z[0m [32m INFO[0m [2mruffle_desktop::backends::ui::fontconfig[0m[2m:[0m Skipping font 'NimbusMonoPS-Italic' because it's not a TTF (it doesn't have a name)
[2m2026-09-21T07:27:37.974059Z[0m [32m INFO[0m [2mruffle_desktop::backends::ui::fontconfig[0m[2m:[0m Skipping font 'NimbusRoman-Italic' because it's not a TTF (it doesn't have a name)
[2m2026-09-21T07:27:37.974063Z[0m [32m INFO[0m [2mruffle_desktop::backends::ui::fontconfig[0m[2m:[0m Skipping font 'P052-Italic' because it's not a TTF (it doesn't have a name)
[2m2026-09-21T07:27:37.974067Z[0m [32m INFO[0m [2mruffle_desktop::backends::ui::fontconfig[0m[2m:[0m Skipping font 'Nimbus Mono PS Italic' because it's not a TTF (it doesn't have a name)
[2m2026-09-21T07:27:37.974071Z[0m [32m INFO[0m [2mruffle_desktop::backends::ui::fontconfig[0m[2m:[0m Skipping font 'Nimbus Roman Italic' because it's not a TTF (it doesn't have a name)
[2m2026-09-21T07:27:37.974075Z[0m [32m INFO[0m [2mruffle_desktop::backends::ui::fontconfig[0m[2m:[0m Skipping font 'P052 Italic' because it's not a TTF (it doesn't have a name)
[2m2026-09-21T07:27:37.974079Z[0m [32m INFO[0m [2mruffle_desktop::backends::ui::fontconfig[0m[2m:[0m Skipping font 'Nimbus Mono PS Italic' because it's not a TTF (it doesn't have a name)
[2m2026-09-21T07:27:37.974083Z[0m [32m INFO[0m [2mruffle_desktop::backends::ui::fontconfig[0m[2m:[0m Skipping font 'Nimbus Roman Italic' because it's not a TTF (it doesn't have a name)
[2m2026-09-21T07:27:37.974088Z[0m [32m INFO[0m [2mruffle_desktop::backends::ui::fontconfig[0m[2m:[0m Skipping font 'P052 Italic' because it's not a TTF (it doesn't have a name)
[2m2026-09-21T07:27:37.974154Z[0m [32m INFO[0m [2mruffle_desktop::backends::ui::fontconfig[0m[2m:[0m Skipping font 'URWBookman-LightItalic' because it's not a TTF (it doesn't have a name)
[2m2026-09-21T07:27:37.974169Z[0m [32m INFO[0m [2mruffle_desktop::backends::ui::fontconfig[0m[2m:[0m Skipping font 'URW Bookman Light Italic' because it's not a TTF (it doesn't have a name)
[2m2026-09-21T07:27:37.974174Z[0m [32m INFO[0m [2mruffle_desktop::backends::ui::fontconfig[0m[2m:[0m Skipping font 'URW Bookman Light Italic' because it's not a TTF (it doesn't have a name)
[2m2026-09-21T07:27:38.556078Z[0m [32m INFO[0m [2mavm_trace[0m[2m:[0m onLoaded1 [object ResourceInfo]
[2m2026-09-21T07:27:38.556110Z[0m [32m INFO[0m [2mavm_trace[0m[2m:[0m onLoaded res/map/11101.xml
[2m2026-09-21T07:27:38.556119Z[0m [32m INFO[0m [2mavm_trace[0m[2m:[0m loadCompleteHandler res/map/11101.xml
[2m2026-09-21T07:27:38.556249Z[0m [32m INFO[0m [2mavm_trace[0m[2m:[0m XML导入成功
[2m2026-09-21T07:27:38.668081Z[0m [32m INFO[0m [2mavm_trace[0m[2m:[0m onLoaded1 [object ResourceInfo]
[2m2026-09-21T07:27:38.668122Z[0m [32m INFO[0m [2mavm_trace[0m[2m:[0m onLoaded res/map/11101.swf
[2m2026-09-21T07:27:38.668137Z[0m [32m INFO[0m [2mavm_trace[0m[2m:[0m loadCompleteHandler res/map/11101.swf
[2m2026-09-21T07:27:39.432632Z[0m [32m INFO[0m [2mavm_trace[0m[2m:[0m getClass com.mole2.app.modulePreLoader.TaskFollowModule_PreLoadererrorError #1065: Variable TaskFollowModule_PreLoader is not defined.
[2m2026-09-21T07:27:39.434681Z[0m [32m INFO[0m [2mavm_trace[0m[2m:[0m -------------------------------------------------->0x0B800066
[2m2026-09-21T07:27:39.478662Z[0m [31mERROR[0m [2mruffle_core::loader[0m[2m:[0m Error during URLLoader load of "http://misc.taomee.com/monster/monster.php?type=0x0BFFFFFF&item_id=11101&mm=116031&count=1": InvalidDomain("http://misc.taomee.com/monster/monster.php?type=0x0BFFFFFF&item_id=11101&mm=116031&count=1")
[2m2026-09-21T07:27:39.478985Z[0m [32m INFO[0m [2mavm_trace[0m[2m:[0m onLoaded1 [object ResourceInfo]
[2m2026-09-21T07:27:39.479008Z[0m [32m INFO[0m [2mavm_trace[0m[2m:[0m onLoaded res/bgm/BGM-009.mp3
[2m2026-09-21T07:27:39.479016Z[0m [32m INFO[0m [2mavm_trace[0m[2m:[0m loadCompleteHandler res/bgm/BGM-009.mp3
[2m2026-09-21T07:27:39.479193Z[0m [33m WARN[0m [2mruffle_core::stub[0m[2m:[0m Encountered stub: AVM2 flash.media.Sound.load() with context
[2m2026-09-21T07:27:39.482146Z[0m [31mERROR[0m [2mruffle_core::loader[0m[2m:[0m Error during URLLoader load of "file:///tmp/hero/Client/res/activity/ActivityNewVipReward2013.swf": FetchError("No such file or directory (os error 2)")
[2m2026-09-21T07:27:39.482468Z[0m [32m INFO[0m [2mavm_trace[0m[2m:[0m !!!!!! [ResLoadListener] 加载资源文件失败，Caption=  ，URL= res/activity/ActivityNewVipReward2013.swf
[2m2026-09-21T07:27:39.956936Z[0m [32m INFO[0m [2mavm_trace[0m[2m:[0m onLoaded1 [object ResourceInfo]
[2m2026-09-21T07:27:39.956973Z[0m [32m INFO[0m [2mavm_trace[0m[2m:[0m onLoaded module/com/mole2/module/app/TaskFollowModule.swf
[2m2026-09-21T07:27:39.956988Z[0m [32m INFO[0m [2mavm_trace[0m[2m:[0m loadCompleteHandler module/com/mole2/module/app/TaskFollowModule.swf
[2m2026-09-21T07:27:40.864129Z[0m [33m WARN[0m [2mruffle_frontend_utils::backends::storage[0m[2m:[0m Unable to read file "localhost/tmp/hero/Client/Client.swf/NewspaperVersion": Os { code: 2, kind: NotFound, message: "No such file or directory" }
[2m2026-09-21T07:27:54.592010Z[0m [32m INFO[0m [2mruffle_core::focus_tracker[0m[2m:[0m Focus is now on None
